{"module": ["boto3/1.8.1/tmp/boto3"], "API": {"boto3.session.Session,self;aws_access_key_id;aws_secret_access_key;aws_session_token;region_name;botocore_session,5": ["0.0.1", "0.0.2", "0.0.3", "0.0.4", "0.0.5", "0.0.6", "0.0.7", "0.0.8", "0.0.9"], "boto3.session.Session.get_available_services,self,0,cls": ["0.0.1", "0.0.2", "0.0.3", "0.0.4", "0.0.5", "0.0.6", "0.0.7", "0.0.8", "0.0.9", "0.0.10", "0.0.11", "0.0.12", "0.0.13", "0.0.14", "0.0.16", "1.2.1", "1.7.81", "1.7.82", "1.7.83", "1.7.84", "1.8.0", "1.8.1"], "boto3.session.Session.get_available_resources,self,0,cls": ["0.0.1", "0.0.2", "0.0.3", "0.0.4", "0.0.5", "0.0.6", "0.0.7", "0.0.8", "0.0.9", "0.0.10", "0.0.11", "0.0.12", "0.0.13", "0.0.14", "0.0.16", "1.2.1", "1.7.81", "1.7.82", "1.7.83", "1.7.84", "1.8.0", "1.8.1"], "boto3.session.Session.client,self;service_name;region_name;api_version;use_ssl;verify;endpoint_url;aws_access_key_id;aws_secret_access_key;aws_session_token,8,cls": ["0.0.1", "0.0.2", "0.0.3", "0.0.4", "0.0.5", "0.0.6", "0.0.7", "0.0.8", "0.0.9", "0.0.10", "0.0.11", "0.0.12", "0.0.13", "0.0.14", "0.0.16"], "boto3.session.Session.resource,self;service_name;region_name;api_version;use_ssl;verify;endpoint_url;aws_access_key_id;aws_secret_access_key;aws_session_token,8,cls": ["0.0.1", "0.0.2", "0.0.3", "0.0.4", "0.0.5", "0.0.6", "0.0.7", "0.0.8", "0.0.9", "0.0.10", "0.0.11", "0.0.12", "0.0.13", "0.0.14", "0.0.16", "1.2.1"], "boto3.session.NoVersionFound,,": ["0.0.1", "0.0.2", "0.0.3", "0.0.4", "0.0.5", "0.0.6", "0.0.7", "0.0.8", "0.0.9", "0.0.10", "0.0.11", "0.0.12", "0.0.13", "0.0.14", "0.0.16"], "boto3.setup_default_session,,0,func": ["0.0.1", "0.0.2", "0.0.3", "0.0.4", "0.0.5", "0.0.6", "0.0.7", "0.0.8", "0.0.9", "0.0.10", "0.0.11", "0.0.12", "0.0.13", "0.0.14", "0.0.16", "1.2.1", "1.7.81", "1.7.82", "1.7.83", "1.7.84", "1.8.0", "1.8.1"], "boto3.set_stream_logger,name;level;format_string,3,func": ["0.0.1", "0.0.2", "0.0.3", "0.0.4", "0.0.5", "0.0.6", "0.0.7", "0.0.8", "0.0.9", "0.0.10", "0.0.11", "0.0.12", "0.0.13", "0.0.14", "0.0.16", "1.2.1", "1.7.81", "1.7.82", "1.7.83", "1.7.84", "1.8.0", "1.8.1"], "boto3.client,,0,func": ["0.0.1", "0.0.2", "0.0.3", "0.0.4", "0.0.5", "0.0.6", "0.0.7", "0.0.8", "0.0.9", "0.0.10", "0.0.11", "0.0.12", "0.0.13", "0.0.14", "0.0.16", "1.2.1", "1.7.81", "1.7.82", "1.7.83", "1.7.84", "1.8.0", "1.8.1"], "boto3.resource,,0,func": ["0.0.1", "0.0.2", "0.0.3", "0.0.4", "0.0.5", "0.0.6", "0.0.7", "0.0.8", "0.0.9", "0.0.10", "0.0.11", "0.0.12", "0.0.13", "0.0.14", "0.0.16", "1.2.1", "1.7.81", "1.7.82", "1.7.83", "1.7.84", "1.8.0", "1.8.1"], "boto3.NullHandler,,": ["0.0.1", "0.0.2", "0.0.3", "0.0.4", "0.0.5", "0.0.6", "0.0.7", "0.0.8", "0.0.9", "0.0.10", "0.0.11", "0.0.12", "0.0.13", "0.0.14", "0.0.16", "1.2.1", "1.7.81", "1.7.82", "1.7.83", "1.7.84", "1.8.0", "1.8.1"], "boto3.NullHandler.emit,self;record,0,cls": ["0.0.1", "0.0.2", "0.0.3", "0.0.4", "0.0.5", "0.0.6", "0.0.7", "0.0.8", "0.0.9", "0.0.10", "0.0.11", "0.0.12", "0.0.13", "0.0.14", "0.0.16", "1.2.1", "1.7.81", "1.7.82", "1.7.83", "1.7.84", "1.8.0", "1.8.1"], "boto3.Session,self;aws_access_key_id;aws_secret_access_key;aws_session_token;region_name;botocore_session,5": ["0.0.1", "0.0.2", "0.0.3", "0.0.4", "0.0.5", "0.0.6", "0.0.7", "0.0.8", "0.0.9"], "boto3.Session.get_available_services,self,0,cls": ["0.0.1", "0.0.2", "0.0.3", "0.0.4", "0.0.5", "0.0.6", "0.0.7", "0.0.8", "0.0.9", "0.0.10", "0.0.11", "0.0.12", "0.0.13", "0.0.14", "0.0.16", "1.2.1", "1.7.81", "1.7.82", "1.7.83", "1.7.84", "1.8.0", "1.8.1"], "boto3.Session.get_available_resources,self,0,cls": ["0.0.1", "0.0.2", "0.0.3", "0.0.4", "0.0.5", "0.0.6", "0.0.7", "0.0.8", "0.0.9", "0.0.10", "0.0.11", "0.0.12", "0.0.13", "0.0.14", "0.0.16", "1.2.1", "1.7.81", "1.7.82", "1.7.83", "1.7.84", "1.8.0", "1.8.1"], "boto3.Session.client,self;service_name;region_name;api_version;use_ssl;verify;endpoint_url;aws_access_key_id;aws_secret_access_key;aws_session_token,8,cls": ["0.0.1", "0.0.2", "0.0.3", "0.0.4", "0.0.5", "0.0.6", "0.0.7", "0.0.8", "0.0.9", "0.0.10", "0.0.11", "0.0.12", "0.0.13", "0.0.14", "0.0.16"], "boto3.Session.resource,self;service_name;region_name;api_version;use_ssl;verify;endpoint_url;aws_access_key_id;aws_secret_access_key;aws_session_token,8,cls": ["0.0.1", "0.0.2", "0.0.3", "0.0.4", "0.0.5", "0.0.6", "0.0.7", "0.0.8", "0.0.9", "0.0.10", "0.0.11", "0.0.12", "0.0.13", "0.0.14", "0.0.16", "1.2.1"], "boto3.docs.py_type_name,type_name,0,func": ["0.0.1", "0.0.2", "0.0.3", "0.0.4", "0.0.5", "0.0.6", "0.0.7", "0.0.8", "0.0.9", "0.0.10", "0.0.11", "0.0.12", "0.0.13", "0.0.14", "0.0.16", "1.2.1"], "boto3.docs.html_to_rst,html;indent;indentFirst,2,func": ["0.0.1", "0.0.2", "0.0.3", "0.0.4", "0.0.5", "0.0.6", "0.0.7", "0.0.8", "0.0.9", "0.0.10", "0.0.11"], "boto3.docs.docs_for,service_name,0,func": ["0.0.1", "0.0.2", "0.0.3", "0.0.4", "0.0.5", "0.0.6", "0.0.7", "0.0.8", "0.0.9", "0.0.10", "0.0.11", "0.0.12", "0.0.13"], "boto3.docs.document_client,service_name;official_name;service_model,0,func": ["0.0.1", "0.0.2", "0.0.3", "0.0.4", "0.0.5", "0.0.6", "0.0.7", "0.0.8", "0.0.9", "0.0.10", "0.0.11", "0.0.12", "0.0.13"], "boto3.docs.document_resource,service_name;official_name;resource_model;service_model,0,func": ["0.0.1", "0.0.2", "0.0.3", "0.0.4", "0.0.5"], "boto3.docs.document_action,action;service_name;resource_model;service_model;action_type,1,func": ["0.0.1", "0.0.2", "0.0.3", "0.0.4", "0.0.5", "0.0.6", "0.0.7", "0.0.8", "0.0.9", "0.0.10", "0.0.11", "0.0.12", "0.0.13", "0.0.14", "0.0.16", "1.2.1"], "boto3.docs.document_operation,operation_model;service_name;operation_name;description;ignore_params;rtype;paginated,5,func": ["0.0.1", "0.0.2", "0.0.3", "0.0.4"], "boto3.docs.ResourceModel,self;name;definition;resource_defs,0": ["0.0.1", "0.0.2", "0.0.3", "0.0.4", "0.0.5", "0.0.6", "0.0.7", "0.0.8", "0.0.9", "0.0.10", "0.0.11", "0.0.12", "0.0.13", "0.0.14", "0.0.16", "1.2.1"], "boto3.docs.ResourceModel.identifiers,self,0,cls": ["0.0.1", "0.0.2", "0.0.3", "0.0.4", "0.0.5", "0.0.6", "0.0.7", "0.0.8", "0.0.9", "0.0.10", "0.0.11", "0.0.12", "0.0.13", "0.0.14", "0.0.16", "1.2.1"], "boto3.docs.ResourceModel.load,self,0,cls": ["0.0.1", "0.0.2", "0.0.3", "0.0.4", "0.0.5", "0.0.6", "0.0.7", "0.0.8", "0.0.9", "0.0.10", "0.0.11", "0.0.12", "0.0.13", "0.0.14", "0.0.16", "1.2.1"], "boto3.docs.ResourceModel.actions,self,0,cls": ["0.0.1", "0.0.2", "0.0.3", "0.0.4", "0.0.5", "0.0.6", "0.0.7", "0.0.8", "0.0.9", "0.0.10", "0.0.11", "0.0.12", "0.0.13", "0.0.14", "0.0.16", "1.2.1"], "boto3.docs.ResourceModel.references,self,0,cls": ["0.0.1", "0.0.2", "0.0.3", "0.0.4", "0.0.5", "0.0.6", "0.0.7", "0.0.8", "0.0.9", "0.0.10", "0.0.11", "0.0.12", "0.0.13", "0.0.14", "0.0.16", "1.2.1"], "boto3.docs.ResourceModel.reverse_references,self,0,cls": ["0.0.1", "0.0.2", "0.0.3", "0.0.4", "0.0.5", "0.0.6"], "boto3.docs.ResourceModel.collections,self,0,cls": ["0.0.1", "0.0.2", "0.0.3", "0.0.4", "0.0.5", "0.0.6", "0.0.7", "0.0.8", "0.0.9", "0.0.10", "0.0.11", "0.0.12", "0.0.13", "0.0.14", "0.0.16", "1.2.1"], "boto3.exceptions.ResourceLoadException,,": ["0.0.1", "0.0.2", "0.0.3", "0.0.4", "0.0.5", "0.0.6", "0.0.7", "0.0.8", "0.0.9", "0.0.10", "0.0.11", "0.0.12", "0.0.13", "0.0.14", "0.0.16", "1.2.1", "1.7.81", "1.7.82", "1.7.83", "1.7.84", "1.8.0", "1.8.1"], "boto3.exceptions.NoVersionFound,,": ["0.0.1", "0.0.2", "0.0.3", "0.0.4", "0.0.5", "0.0.6", "0.0.7", "0.0.8", "0.0.9", "0.0.10", "0.0.11", "0.0.12", "0.0.13", "0.0.14", "0.0.16", "1.2.1", "1.7.81", "1.7.82", "1.7.83", "1.7.84", "1.8.0", "1.8.1"], "boto3.resources.params.create_request_parameters,parent;request_model,0,func": ["0.0.1", "0.0.2", "0.0.3", "0.0.4"], "boto3.resources.params.build_param_structure,params;target;value,0,func": ["0.0.1", "0.0.2", "0.0.3", "0.0.4", "0.0.5", "0.0.6", "0.0.7", "0.0.8", "0.0.9", "0.0.10", "0.0.11", "0.0.12", "0.0.13", "0.0.14", "0.0.16", "1.2.1"], "boto3.resources.response.all_not_none,iterable,0,func": ["0.0.1", "0.0.2", "0.0.3", "0.0.4", "0.0.5", "0.0.6", "0.0.7", "0.0.8", "0.0.9", "0.0.10", "0.0.11", "0.0.12", "0.0.13", "0.0.14", "0.0.16", "1.2.1", "1.7.81", "1.7.82", "1.7.83", "1.7.84", "1.8.0", "1.8.1"], "boto3.resources.response.build_identifiers,identifiers;parent;params;raw_response,0,func": ["0.0.1", "0.0.2", "0.0.3", "0.0.4", "0.0.5", "0.0.6"], "boto3.resources.response.build_empty_response,search_path;operation_name;service_model,0,func": ["0.0.1", "0.0.2", "0.0.3", "0.0.4", "0.0.5", "0.0.6", "0.0.7", "0.0.8", "0.0.9", "0.0.10", "0.0.11", "0.0.12", "0.0.13", "0.0.14", "0.0.16", "1.2.1", "1.7.81", "1.7.82", "1.7.83", "1.7.84", "1.8.0", "1.8.1"], "boto3.resources.response.RawHandler,self;search_path,0": ["0.0.1", "0.0.2", "0.0.3", "0.0.4", "0.0.5", "0.0.6", "0.0.7", "0.0.8", "0.0.9", "0.0.10", "0.0.11", "0.0.12", "0.0.13", "0.0.14", "0.0.16", "1.2.1", "1.7.81", "1.7.82", "1.7.83", "1.7.84", "1.8.0", "1.8.1"], "boto3.resources.response.ResourceHandler,self;search_path;factory;resource_defs;service_model;resource_model;operation_name,0": ["0.0.1", "0.0.2", "0.0.3", "0.0.4", "0.0.5", "0.0.6"], "boto3.resources.response.ResourceHandler.handle_response_item,self;resource_cls;parent;identifiers;resource_data,0,cls": ["0.0.1", "0.0.2", "0.0.3", "0.0.4", "0.0.5", "0.0.6", "0.0.7", "0.0.8", "0.0.9", "0.0.10", "0.0.11", "0.0.12", "0.0.13", "0.0.14", "0.0.16", "1.2.1", "1.7.81", "1.7.82", "1.7.83", "1.7.84", "1.8.0", "1.8.1"], "boto3.resources.factory.ResourceFactory,,": ["0.0.1", "0.0.2", "0.0.3", "0.0.4"], "boto3.resources.factory.ResourceFactory.load_from_definition,self;service_name;resource_name;model;resource_defs;service_model,0,cls": ["0.0.1", "0.0.2", "0.0.3", "0.0.4", "0.0.5", "0.0.6", "0.0.7", "0.0.8", "0.0.9", "0.0.10", "0.0.11", "0.0.12", "0.0.13", "0.0.14", "0.0.16", "1.2.1"], "boto3.resources.factory.ServiceAction,self;action_model;factory;resource_defs;service_model,3": ["0.0.1", "0.0.2", "0.0.3", "0.0.4", "0.0.5", "0.0.6", "0.0.7", "0.0.8", "0.0.9", "0.0.10", "0.0.11", "0.0.12", "0.0.13", "0.0.14", "0.0.16", "1.2.1"], "boto3.resources.factory.ServiceResource,self,0": ["0.0.1", "0.0.2", "0.0.3", "0.0.4", "0.0.5", "0.0.6", "0.0.7", "0.0.8", "0.0.9", "0.0.10", "0.0.11", "0.0.12", "0.0.13", "0.0.14", "0.0.16", "1.2.1", "1.7.81", "1.7.82", "1.7.83", "1.7.84", "1.8.0", "1.8.1"], "boto3.resources.factory.CollectionManager,self;model;parent;factory;resource_defs;service_model,0": ["0.0.1", "0.0.2", "0.0.3", "0.0.4"], "boto3.resources.factory.CollectionManager.iterator,self,0,cls": ["0.0.1", "0.0.2", "0.0.3", "0.0.4"], "boto3.resources.factory.CollectionManager.all,self;limit;page_size,2,cls": ["0.0.1", "0.0.2", "0.0.3", "0.0.4"], "boto3.resources.factory.CollectionManager.filter,self,0,cls": ["0.0.1", "0.0.2", "0.0.3", "0.0.4"], "boto3.resources.factory.CollectionManager.limit,self;count,0,cls": ["0.0.1", "0.0.2", "0.0.3", "0.0.4"], "boto3.resources.factory.CollectionManager.page_size,self;count,0,cls": ["0.0.1", "0.0.2", "0.0.3", "0.0.4"], "boto3.resources.factory.ResourceModel,self;name;definition;resource_defs,0": ["0.0.1", "0.0.2", "0.0.3", "0.0.4", "0.0.5", "0.0.6", "0.0.7", "0.0.8", "0.0.9", "0.0.10", "0.0.11", "0.0.12", "0.0.13", "0.0.14", "0.0.16", "1.2.1", "1.7.81", "1.7.82", "1.7.83", "1.7.84", "1.8.0", "1.8.1"], "boto3.resources.factory.ResourceModel.identifiers,self,0,cls": ["0.0.1", "0.0.2", "0.0.3", "0.0.4", "0.0.5", "0.0.6", "0.0.7", "0.0.8", "0.0.9", "0.0.10", "0.0.11", "0.0.12", "0.0.13", "0.0.14", "0.0.16", "1.2.1", "1.7.81", "1.7.82", "1.7.83", "1.7.84", "1.8.0", "1.8.1"], "boto3.resources.factory.ResourceModel.load,self,0,cls": ["0.0.1", "0.0.2", "0.0.3", "0.0.4", "0.0.5", "0.0.6", "0.0.7", "0.0.8", "0.0.9", "0.0.10", "0.0.11", "0.0.12", "0.0.13", "0.0.14", "0.0.16", "1.2.1", "1.7.81", "1.7.82", "1.7.83", "1.7.84", "1.8.0", "1.8.1"], "boto3.resources.factory.ResourceModel.actions,self,0,cls": ["0.0.1", "0.0.2", "0.0.3", "0.0.4", "0.0.5", "0.0.6", "0.0.7", "0.0.8", "0.0.9", "0.0.10", "0.0.11", "0.0.12", "0.0.13", "0.0.14", "0.0.16", "1.2.1", "1.7.81", "1.7.82", "1.7.83", "1.7.84", "1.8.0", "1.8.1"], "boto3.resources.factory.ResourceModel.references,self,0,cls": ["0.0.1", "0.0.2", "0.0.3", "0.0.4", "0.0.5", "0.0.6", "0.0.7", "0.0.8", "0.0.9", "0.0.10", "0.0.11", "0.0.12", "0.0.13", "0.0.14", "0.0.16", "1.2.1", "1.7.81", "1.7.82", "1.7.83", "1.7.84", "1.8.0", "1.8.1"], "boto3.resources.factory.ResourceModel.reverse_references,self,0,cls": ["0.0.1", "0.0.2", "0.0.3", "0.0.4", "0.0.5", "0.0.6"], "boto3.resources.factory.ResourceModel.collections,self,0,cls": ["0.0.1", "0.0.2", "0.0.3", "0.0.4", "0.0.5", "0.0.6", "0.0.7", "0.0.8", "0.0.9", "0.0.10", "0.0.11", "0.0.12", "0.0.13", "0.0.14", "0.0.16", "1.2.1", "1.7.81", "1.7.82", "1.7.83", "1.7.84", "1.8.0", "1.8.1"], "boto3.resources.factory.all_not_none,iterable,0,func": ["0.0.1", "0.0.2", "0.0.3", "0.0.4", "0.0.5", "0.0.6"], "boto3.resources.factory.build_identifiers,identifiers;parent;params;raw_response,0,func": ["0.0.1", "0.0.2", "0.0.3", "0.0.4", "0.0.5", "0.0.6"], "boto3.resources.action.ServiceAction,self;action_model;factory;resource_defs;service_model,3": ["0.0.1", "0.0.2", "0.0.3", "0.0.4", "0.0.5", "0.0.6", "0.0.7", "0.0.8", "0.0.9", "0.0.10", "0.0.11", "0.0.12", "0.0.13", "0.0.14", "0.0.16", "1.2.1"], "boto3.resources.action.create_request_parameters,parent;request_model,0,func": ["0.0.1", "0.0.2", "0.0.3", "0.0.4"], "boto3.resources.action.RawHandler,self;search_path,0": ["0.0.1", "0.0.2", "0.0.3", "0.0.4", "0.0.5", "0.0.6", "0.0.7", "0.0.8", "0.0.9", "0.0.10", "0.0.11", "0.0.12", "0.0.13", "0.0.14", "0.0.16", "1.2.1", "1.7.81", "1.7.82", "1.7.83", "1.7.84", "1.8.0", "1.8.1"], "boto3.resources.action.ResourceHandler,self;search_path;factory;resource_defs;service_model;resource_model;operation_name,0": ["0.0.1", "0.0.2", "0.0.3", "0.0.4", "0.0.5", "0.0.6"], "boto3.resources.action.ResourceHandler.handle_response_item,self;resource_cls;parent;identifiers;resource_data,0,cls": ["0.0.1", "0.0.2", "0.0.3", "0.0.4", "0.0.5", "0.0.6", "0.0.7", "0.0.8", "0.0.9", "0.0.10", "0.0.11", "0.0.12", "0.0.13", "0.0.14", "0.0.16", "1.2.1", "1.7.81", "1.7.82", "1.7.83", "1.7.84", "1.8.0", "1.8.1"], "boto3.resources.model.Identifier,self;name,0": ["0.0.1", "0.0.2", "0.0.3", "0.0.4", "0.0.5", "0.0.6", "0.0.7", "0.0.8", "0.0.9", "0.0.10", "0.0.11", "0.0.12", "0.0.13", "0.0.14", "0.0.16", "1.2.1"], "boto3.resources.model.Action,self;name;definition;resource_defs,0": ["0.0.1", "0.0.2", "0.0.3", "0.0.4", "0.0.5", "0.0.6", "0.0.7", "0.0.8", "0.0.9", "0.0.10", "0.0.11", "0.0.12", "0.0.13", "0.0.14", "0.0.16", "1.2.1", "1.7.81", "1.7.82", "1.7.83", "1.7.84", "1.8.0", "1.8.1"], "boto3.resources.model.Request,self;definition,0": ["0.0.1", "0.0.2", "0.0.3", "0.0.4", "0.0.5", "0.0.6", "0.0.7", "0.0.8", "0.0.9", "0.0.10", "0.0.11", "0.0.12", "0.0.13", "0.0.14", "0.0.16", "1.2.1", "1.7.81", "1.7.82", "1.7.83", "1.7.84", "1.8.0", "1.8.1"], "boto3.resources.model.Request.params,self,0,cls": ["0.0.1", "0.0.2", "0.0.3"], "boto3.resources.model.Parameter,self;target;source_type;source,0": ["0.0.1", "0.0.2", "0.0.3", "0.0.4", "0.0.5", "0.0.6"], "boto3.resources.model.ResponseResource,self;definition;resource_defs,0": ["0.0.1", "0.0.2", "0.0.3", "0.0.4", "0.0.5", "0.0.6", "0.0.7", "0.0.8", "0.0.9", "0.0.10", "0.0.11", "0.0.12", "0.0.13", "0.0.14", "0.0.16", "1.2.1", "1.7.81", "1.7.82", "1.7.83", "1.7.84", "1.8.0", "1.8.1"], "boto3.resources.model.ResponseResource.identifiers,self,0,cls": ["0.0.1", "0.0.2", "0.0.3", "0.0.4", "0.0.5", "0.0.6", "0.0.7", "0.0.8", "0.0.9", "0.0.10", "0.0.11", "0.0.12", "0.0.13", "0.0.14", "0.0.16", "1.2.1", "1.7.81", "1.7.82", "1.7.83", "1.7.84", "1.8.0", "1.8.1"], "boto3.resources.model.ResponseResource.model,self,0,cls": ["0.0.1", "0.0.2", "0.0.3", "0.0.4", "0.0.5", "0.0.6", "0.0.7", "0.0.8", "0.0.9", "0.0.10", "0.0.11", "0.0.12", "0.0.13", "0.0.14", "0.0.16", "1.2.1", "1.7.81", "1.7.82", "1.7.83", "1.7.84", "1.8.0", "1.8.1"], "boto3.resources.model.Collection,,": ["0.0.1", "0.0.2", "0.0.3", "0.0.4", "0.0.5", "0.0.6", "0.0.7", "0.0.8", "0.0.9", "0.0.10", "0.0.11", "0.0.12", "0.0.13", "0.0.14", "0.0.16", "1.2.1", "1.7.81", "1.7.82", "1.7.83", "1.7.84", "1.8.0", "1.8.1"], "boto3.resources.model.SubResourceList,self;definition;resource_defs,0": ["0.0.1", "0.0.2", "0.0.3", "0.0.4", "0.0.5", "0.0.6"], "boto3.resources.model.SubResourceList.resources,self,0,cls": ["0.0.1", "0.0.2", "0.0.3", "0.0.4", "0.0.5", "0.0.6"], "boto3.resources.model.ResourceModel,self;name;definition;resource_defs,0": ["0.0.1", "0.0.2", "0.0.3", "0.0.4", "0.0.5", "0.0.6", "0.0.7", "0.0.8", "0.0.9", "0.0.10", "0.0.11", "0.0.12", "0.0.13", "0.0.14", "0.0.16", "1.2.1", "1.7.81", "1.7.82", "1.7.83", "1.7.84", "1.8.0", "1.8.1"], "boto3.resources.model.ResourceModel.identifiers,self,0,cls": ["0.0.1", "0.0.2", "0.0.3", "0.0.4", "0.0.5", "0.0.6", "0.0.7", "0.0.8", "0.0.9", "0.0.10", "0.0.11", "0.0.12", "0.0.13", "0.0.14", "0.0.16", "1.2.1", "1.7.81", "1.7.82", "1.7.83", "1.7.84", "1.8.0", "1.8.1"], "boto3.resources.model.ResourceModel.load,self,0,cls": ["0.0.1", "0.0.2", "0.0.3", "0.0.4", "0.0.5", "0.0.6", "0.0.7", "0.0.8", "0.0.9", "0.0.10", "0.0.11", "0.0.12", "0.0.13", "0.0.14", "0.0.16", "1.2.1", "1.7.81", "1.7.82", "1.7.83", "1.7.84", "1.8.0", "1.8.1"], "boto3.resources.model.ResourceModel.actions,self,0,cls": ["0.0.1", "0.0.2", "0.0.3", "0.0.4", "0.0.5", "0.0.6", "0.0.7", "0.0.8", "0.0.9", "0.0.10", "0.0.11", "0.0.12", "0.0.13", "0.0.14", "0.0.16", "1.2.1", "1.7.81", "1.7.82", "1.7.83", "1.7.84", "1.8.0", "1.8.1"], "boto3.resources.model.ResourceModel.references,self,0,cls": ["0.0.1", "0.0.2", "0.0.3", "0.0.4", "0.0.5", "0.0.6", "0.0.7", "0.0.8", "0.0.9", "0.0.10", "0.0.11", "0.0.12", "0.0.13", "0.0.14", "0.0.16", "1.2.1", "1.7.81", "1.7.82", "1.7.83", "1.7.84", "1.8.0", "1.8.1"], "boto3.resources.model.ResourceModel.reverse_references,self,0,cls": ["0.0.1", "0.0.2", "0.0.3", "0.0.4", "0.0.5", "0.0.6"], "boto3.resources.model.ResourceModel.collections,self,0,cls": ["0.0.1", "0.0.2", "0.0.3", "0.0.4", "0.0.5", "0.0.6", "0.0.7", "0.0.8", "0.0.9", "0.0.10", "0.0.11", "0.0.12", "0.0.13", "0.0.14", "0.0.16", "1.2.1", "1.7.81", "1.7.82", "1.7.83", "1.7.84", "1.8.0", "1.8.1"], "boto3.resources.collection.ResourceCollection,self;model;parent;handler,0": ["0.0.1", "0.0.2", "0.0.3", "0.0.4", "0.0.5", "0.0.6", "0.0.7", "0.0.8", "0.0.9", "0.0.10", "0.0.11", "0.0.12", "0.0.13", "0.0.14", "0.0.16", "1.2.1", "1.7.81", "1.7.82", "1.7.83", "1.7.84", "1.8.0", "1.8.1"], "boto3.resources.collection.ResourceCollection.all,self;limit;page_size,2,cls": ["0.0.1", "0.0.2", "0.0.3", "0.0.4", "0.0.5", "0.0.6", "0.0.7", "0.0.8", "0.0.9", "0.0.10", "0.0.11", "0.0.12", "0.0.13", "0.0.14", "0.0.16"], "boto3.resources.collection.ResourceCollection.filter,self,0,cls": ["0.0.1", "0.0.2", "0.0.3", "0.0.4", "0.0.5", "0.0.6", "0.0.7", "0.0.8", "0.0.9", "0.0.10", "0.0.11", "0.0.12", "0.0.13", "0.0.14", "0.0.16", "1.2.1", "1.7.81", "1.7.82", "1.7.83", "1.7.84", "1.8.0", "1.8.1"], "boto3.resources.collection.ResourceCollection.limit,self;count,0,cls": ["0.0.1", "0.0.2", "0.0.3", "0.0.4", "0.0.5", "0.0.6", "0.0.7", "0.0.8", "0.0.9", "0.0.10", "0.0.11", "0.0.12", "0.0.13", "0.0.14", "0.0.16", "1.2.1", "1.7.81", "1.7.82", "1.7.83", "1.7.84", "1.8.0", "1.8.1"], "boto3.resources.collection.ResourceCollection.page_size,self;count,0,cls": ["0.0.1", "0.0.2", "0.0.3", "0.0.4", "0.0.5", "0.0.6", "0.0.7", "0.0.8", "0.0.9", "0.0.10", "0.0.11", "0.0.12", "0.0.13", "0.0.14", "0.0.16", "1.2.1", "1.7.81", "1.7.82", "1.7.83", "1.7.84", "1.8.0", "1.8.1"], "boto3.resources.collection.CollectionManager,self;model;parent;factory;resource_defs;service_model,0": ["0.0.1", "0.0.2", "0.0.3", "0.0.4", "0.0.5", "0.0.6", "0.0.7", "0.0.8", "0.0.9", "0.0.10", "0.0.11", "0.0.12", "0.0.13", "0.0.14", "0.0.16", "1.2.1"], "boto3.resources.collection.CollectionManager.iterator,self,0,cls": ["0.0.1", "0.0.2", "0.0.3", "0.0.4", "0.0.5", "0.0.6", "0.0.7", "0.0.8", "0.0.9", "0.0.10", "0.0.11", "0.0.12", "0.0.13", "0.0.14", "0.0.16", "1.2.1", "1.7.81", "1.7.82", "1.7.83", "1.7.84", "1.8.0", "1.8.1"], "boto3.resources.collection.CollectionManager.all,self;limit;page_size,2,cls": ["0.0.1", "0.0.2", "0.0.3", "0.0.4", "0.0.5", "0.0.6", "0.0.7", "0.0.8", "0.0.9", "0.0.10", "0.0.11", "0.0.12", "0.0.13", "0.0.14", "0.0.16"], "boto3.resources.collection.CollectionManager.filter,self,0,cls": ["0.0.1", "0.0.2", "0.0.3", "0.0.4", "0.0.5", "0.0.6", "0.0.7", "0.0.8", "0.0.9", "0.0.10", "0.0.11", "0.0.12", "0.0.13", "0.0.14", "0.0.16", "1.2.1", "1.7.81", "1.7.82", "1.7.83", "1.7.84", "1.8.0", "1.8.1"], "boto3.resources.collection.CollectionManager.limit,self;count,0,cls": ["0.0.1", "0.0.2", "0.0.3", "0.0.4", "0.0.5", "0.0.6", "0.0.7", "0.0.8", "0.0.9", "0.0.10", "0.0.11", "0.0.12", "0.0.13", "0.0.14", "0.0.16", "1.2.1", "1.7.81", "1.7.82", "1.7.83", "1.7.84", "1.8.0", "1.8.1"], "boto3.resources.collection.CollectionManager.page_size,self;count,0,cls": ["0.0.1", "0.0.2", "0.0.3", "0.0.4", "0.0.5", "0.0.6", "0.0.7", "0.0.8", "0.0.9", "0.0.10", "0.0.11", "0.0.12", "0.0.13", "0.0.14", "0.0.16", "1.2.1", "1.7.81", "1.7.82", "1.7.83", "1.7.84", "1.8.0", "1.8.1"], "boto3.resources.collection.create_request_parameters,parent;request_model,0,func": ["0.0.1", "0.0.2", "0.0.3", "0.0.4"], "boto3.resources.collection.ResourceHandler,self;search_path;factory;resource_defs;service_model;resource_model;operation_name,0": ["0.0.1", "0.0.2", "0.0.3", "0.0.4", "0.0.5", "0.0.6"], "boto3.resources.collection.ResourceHandler.handle_response_item,self;resource_cls;parent;identifiers;resource_data,0,cls": ["0.0.1", "0.0.2", "0.0.3", "0.0.4", "0.0.5", "0.0.6", "0.0.7", "0.0.8", "0.0.9", "0.0.10", "0.0.11", "0.0.12", "0.0.13", "0.0.14", "0.0.16", "1.2.1", "1.7.81", "1.7.82", "1.7.83", "1.7.84", "1.8.0", "1.8.1"], "boto3.resources.base.ServiceResource,self,0": ["0.0.1", "0.0.2", "0.0.3", "0.0.4", "0.0.5", "0.0.6", "0.0.7", "0.0.8", "0.0.9", "0.0.10", "0.0.11", "0.0.12", "0.0.13", "0.0.14", "0.0.16", "1.2.1", "1.7.81", "1.7.82", "1.7.83", "1.7.84", "1.8.0", "1.8.1"], "boto3.docs.ResourceModel.batch_actions,self,0,cls": ["0.0.4", "0.0.5", "0.0.6", "0.0.7", "0.0.8", "0.0.9", "0.0.10", "0.0.11", "0.0.12", "0.0.13", "0.0.14", "0.0.16", "1.2.1"], "boto3.docs.ResourceModel.waiters,self,0,cls": ["0.0.4", "0.0.5", "0.0.6", "0.0.7", "0.0.8", "0.0.9", "0.0.10", "0.0.11", "0.0.12", "0.0.13", "0.0.14", "0.0.16", "1.2.1"], "boto3.resources.factory.ResourceModel.batch_actions,self,0,cls": ["0.0.4", "0.0.5", "0.0.6", "0.0.7", "0.0.8", "0.0.9", "0.0.10", "0.0.11", "0.0.12", "0.0.13", "0.0.14", "0.0.16", "1.2.1", "1.7.81", "1.7.82", "1.7.83", "1.7.84", "1.8.0", "1.8.1"], "boto3.resources.factory.ResourceModel.waiters,self,0,cls": ["0.0.4", "0.0.5", "0.0.6", "0.0.7", "0.0.8", "0.0.9", "0.0.10", "0.0.11", "0.0.12", "0.0.13", "0.0.14", "0.0.16", "1.2.1", "1.7.81", "1.7.82", "1.7.83", "1.7.84", "1.8.0", "1.8.1"], "boto3.resources.model.DefinitionWithParams,self;definition,0": ["0.0.4", "0.0.5", "0.0.6", "0.0.7", "0.0.8", "0.0.9", "0.0.10", "0.0.11", "0.0.12", "0.0.13", "0.0.14", "0.0.16", "1.2.1", "1.7.81", "1.7.82", "1.7.83", "1.7.84", "1.8.0", "1.8.1"], "boto3.resources.model.DefinitionWithParams.params,self,0,cls": ["0.0.4", "0.0.5", "0.0.6", "0.0.7", "0.0.8", "0.0.9", "0.0.10", "0.0.11", "0.0.12", "0.0.13", "0.0.14", "0.0.16", "1.2.1", "1.7.81", "1.7.82", "1.7.83", "1.7.84", "1.8.0", "1.8.1"], "boto3.resources.model.Waiter,self;name;definition,0": ["0.0.4", "0.0.5", "0.0.6", "0.0.7", "0.0.8", "0.0.9", "0.0.10", "0.0.11", "0.0.12", "0.0.13", "0.0.14", "0.0.16", "1.2.1", "1.7.81", "1.7.82", "1.7.83", "1.7.84", "1.8.0", "1.8.1"], "boto3.resources.model.ResourceModel.batch_actions,self,0,cls": ["0.0.4", "0.0.5", "0.0.6", "0.0.7", "0.0.8", "0.0.9", "0.0.10", "0.0.11", "0.0.12", "0.0.13", "0.0.14", "0.0.16", "1.2.1", "1.7.81", "1.7.82", "1.7.83", "1.7.84", "1.8.0", "1.8.1"], "boto3.resources.model.ResourceModel.waiters,self,0,cls": ["0.0.4", "0.0.5", "0.0.6", "0.0.7", "0.0.8", "0.0.9", "0.0.10", "0.0.11", "0.0.12", "0.0.13", "0.0.14", "0.0.16", "1.2.1", "1.7.81", "1.7.82", "1.7.83", "1.7.84", "1.8.0", "1.8.1"], "boto3.docs.py_default,type_name,0,func": ["0.0.5", "0.0.6", "0.0.7", "0.0.8", "0.0.9", "0.0.10", "0.0.11", "0.0.12", "0.0.13", "0.0.14", "0.0.16", "1.2.1"], "boto3.docs.document_collection,service_name;official_name;collection_model;resource_model;service_model,0,func": ["0.0.5", "0.0.6", "0.0.7", "0.0.8", "0.0.9", "0.0.10", "0.0.11", "0.0.12", "0.0.13", "0.0.14", "0.0.16", "1.2.1"], "boto3.docs.document_operation,operation_model;service_name;operation_name;description;ignore_params;rtype;paginated;example_instance;example_response,7,func": ["0.0.5", "0.0.6", "0.0.7", "0.0.8", "0.0.9", "0.0.10", "0.0.11", "0.0.12", "0.0.13", "0.0.14", "0.0.16", "1.2.1"], "boto3.resources.params.create_request_parameters,parent;request_model;params,1,func": ["0.0.5", "0.0.6", "0.0.7", "0.0.8", "0.0.9", "0.0.10", "0.0.11", "0.0.12", "0.0.13", "0.0.14", "0.0.16", "1.2.1"], "boto3.resources.factory.ResourceFactory,self,0": ["0.0.5", "0.0.6", "0.0.7", "0.0.8", "0.0.9", "0.0.10", "0.0.11", "0.0.12", "0.0.13", "0.0.14", "0.0.16"], "boto3.resources.factory.CollectionFactory,,": ["0.0.5", "0.0.6", "0.0.7", "0.0.8", "0.0.9", "0.0.10", "0.0.11", "0.0.12", "0.0.13", "0.0.14", "0.0.16", "1.2.1", "1.7.81", "1.7.82", "1.7.83", "1.7.84", "1.8.0", "1.8.1"], "boto3.resources.factory.CollectionFactory.load_from_definition,self;service_name;resource_name;collection_name;model;resource_defs,0,cls": ["0.0.5", "0.0.6", "0.0.7", "0.0.8", "0.0.9", "0.0.10", "0.0.11", "0.0.12", "0.0.13", "0.0.14", "0.0.16", "1.2.1"], "boto3.resources.action.BatchAction,,": ["0.0.5", "0.0.6", "0.0.7", "0.0.8", "0.0.9", "0.0.10", "0.0.11", "0.0.12", "0.0.13", "0.0.14", "0.0.16", "1.2.1", "1.7.81", "1.7.82", "1.7.83", "1.7.84", "1.8.0", "1.8.1"], "boto3.resources.action.create_request_parameters,parent;request_model;params,1,func": ["0.0.5", "0.0.6", "0.0.7", "0.0.8", "0.0.9", "0.0.10", "0.0.11", "0.0.12", "0.0.13", "0.0.14", "0.0.16", "1.2.1"], "boto3.resources.model.Collection.batch_actions,self,0,cls": ["0.0.5", "0.0.6", "0.0.7", "0.0.8", "0.0.9", "0.0.10", "0.0.11", "0.0.12", "0.0.13", "0.0.14", "0.0.16", "1.2.1", "1.7.81", "1.7.82", "1.7.83", "1.7.84", "1.8.0", "1.8.1"], "boto3.resources.collection.ResourceCollection.pages,self,0,cls": ["0.0.5", "0.0.6", "0.0.7", "0.0.8", "0.0.9", "0.0.10", "0.0.11", "0.0.12", "0.0.13", "0.0.14", "0.0.16", "1.2.1", "1.7.81", "1.7.82", "1.7.83", "1.7.84", "1.8.0", "1.8.1"], "boto3.resources.collection.CollectionManager.pages,self,0,cls": ["0.0.5", "0.0.6", "0.0.7", "0.0.8", "0.0.9", "0.0.10", "0.0.11", "0.0.12", "0.0.13", "0.0.14", "0.0.16", "1.2.1", "1.7.81", "1.7.82", "1.7.83", "1.7.84", "1.8.0", "1.8.1"], "boto3.resources.collection.CollectionFactory,,": ["0.0.5", "0.0.6", "0.0.7", "0.0.8", "0.0.9", "0.0.10", "0.0.11", "0.0.12", "0.0.13", "0.0.14", "0.0.16", "1.2.1", "1.7.81", "1.7.82", "1.7.83", "1.7.84", "1.8.0", "1.8.1"], "boto3.resources.collection.CollectionFactory.load_from_definition,self;service_name;resource_name;collection_name;model;resource_defs,0,cls": ["0.0.5", "0.0.6", "0.0.7", "0.0.8", "0.0.9", "0.0.10", "0.0.11", "0.0.12", "0.0.13", "0.0.14", "0.0.16", "1.2.1"], "boto3.resources.collection.BatchAction,,": ["0.0.5", "0.0.6", "0.0.7", "0.0.8", "0.0.9", "0.0.10", "0.0.11", "0.0.12", "0.0.13", "0.0.14", "0.0.16", "1.2.1", "1.7.81", "1.7.82", "1.7.83", "1.7.84", "1.8.0", "1.8.1"], "boto3.resources.collection.create_request_parameters,parent;request_model;params,1,func": ["0.0.5", "0.0.6", "0.0.7", "0.0.8", "0.0.9", "0.0.10", "0.0.11", "0.0.12", "0.0.13", "0.0.14", "0.0.16", "1.2.1"], "boto3.docs.document_client_waiter,session;official_name;service_name;service_model,0,func": ["0.0.6", "0.0.7", "0.0.8", "0.0.9", "0.0.10", "0.0.11", "0.0.12", "0.0.13"], "boto3.docs.document_resource,service_name;official_name;resource_model;service_model;session,0,func": ["0.0.6", "0.0.7", "0.0.8", "0.0.9", "0.0.10", "0.0.11", "0.0.12", "0.0.13", "0.0.14", "0.0.16", "1.2.1"], "boto3.docs.document_waiter,waiter;service_name;resource_model;service_model;service_waiter_model,0,func": ["0.0.6", "0.0.7", "0.0.8", "0.0.9", "0.0.10", "0.0.11", "0.0.12", "0.0.13", "0.0.14", "0.0.16", "1.2.1"], "boto3.resources.factory.WaiterAction,self;waiter_model;waiter_resource_name,0": ["0.0.6", "0.0.7", "0.0.8", "0.0.9", "0.0.10", "0.0.11", "0.0.12", "0.0.13", "0.0.14", "0.0.16", "1.2.1", "1.7.81", "1.7.82", "1.7.83", "1.7.84", "1.8.0", "1.8.1"], "boto3.resources.action.WaiterAction,self;waiter_model;waiter_resource_name,0": ["0.0.6", "0.0.7", "0.0.8", "0.0.9", "0.0.10", "0.0.11", "0.0.12", "0.0.13", "0.0.14", "0.0.16", "1.2.1", "1.7.81", "1.7.82", "1.7.83", "1.7.84", "1.8.0", "1.8.1"], "boto3.docs.ResourceModel.subresources,self,0,cls": ["0.0.7", "0.0.8", "0.0.9", "0.0.10", "0.0.11", "0.0.12", "0.0.13", "0.0.14", "0.0.16", "1.2.1"], "boto3.resources.params.get_data_member,parent;path,0,func": ["0.0.7", "0.0.8", "0.0.9", "0.0.10", "0.0.11", "0.0.12", "0.0.13", "0.0.14", "0.0.16", "1.2.1", "1.7.81", "1.7.82", "1.7.83", "1.7.84", "1.8.0", "1.8.1"], "boto3.resources.response.build_identifiers,identifiers;parent;params;raw_response,2,func": ["0.0.7", "0.0.8", "0.0.9", "0.0.10", "0.0.11", "0.0.12", "0.0.13", "0.0.14", "0.0.16", "1.2.1", "1.7.81", "1.7.82", "1.7.83", "1.7.84", "1.8.0", "1.8.1"], "boto3.resources.response.ResourceHandler,self;search_path;factory;resource_defs;service_model;resource_model;operation_name,1": ["0.0.7", "0.0.8", "0.0.9", "0.0.10", "0.0.11", "0.0.12", "0.0.13", "0.0.14", "0.0.16", "1.2.1"], "boto3.resources.response.get_data_member,parent;path,0,func": ["0.0.7", "0.0.8", "0.0.9", "0.0.10", "0.0.11", "0.0.12", "0.0.13", "0.0.14", "0.0.16", "1.2.1", "1.7.81", "1.7.82", "1.7.83", "1.7.84", "1.8.0", "1.8.1"], "boto3.resources.factory.ResourceMeta,self;service_name;identifiers;client;data,3": ["0.0.7", "0.0.8", "0.0.9", "0.0.10", "0.0.11", "0.0.12", "0.0.13", "0.0.14", "0.0.16"], "boto3.resources.factory.ResourceMeta.copy,self,0,cls": ["0.0.7", "0.0.8", "0.0.9", "0.0.10", "0.0.11", "0.0.12", "0.0.13", "0.0.14", "0.0.16", "1.2.1", "1.7.81", "1.7.82", "1.7.83", "1.7.84", "1.8.0", "1.8.1"], "boto3.resources.factory.ResourceModel.subresources,self,0,cls": ["0.0.7", "0.0.8", "0.0.9", "0.0.10", "0.0.11", "0.0.12", "0.0.13", "0.0.14", "0.0.16", "1.2.1", "1.7.81", "1.7.82", "1.7.83", "1.7.84", "1.8.0", "1.8.1"], "boto3.resources.factory.build_identifiers,identifiers;parent;params;raw_response,2,func": ["0.0.7", "0.0.8", "0.0.9", "0.0.10", "0.0.11", "0.0.12", "0.0.13", "0.0.14", "0.0.16", "1.2.1", "1.7.81", "1.7.82", "1.7.83", "1.7.84", "1.8.0", "1.8.1"], "boto3.resources.factory.ResourceHandler,self;search_path;factory;resource_defs;service_model;resource_model;operation_name,1": ["0.0.7", "0.0.8", "0.0.9", "0.0.10", "0.0.11", "0.0.12", "0.0.13", "0.0.14", "0.0.16", "1.2.1"], "boto3.resources.factory.ResourceHandler.handle_response_item,self;resource_cls;parent;identifiers;resource_data,0,cls": ["0.0.7", "0.0.8", "0.0.9", "0.0.10", "0.0.11", "0.0.12", "0.0.13", "0.0.14", "0.0.16", "1.2.1", "1.7.81", "1.7.82", "1.7.83", "1.7.84", "1.8.0", "1.8.1"], "boto3.resources.action.ResourceHandler,self;search_path;factory;resource_defs;service_model;resource_model;operation_name,1": ["0.0.7", "0.0.8", "0.0.9", "0.0.10", "0.0.11", "0.0.12", "0.0.13", "0.0.14", "0.0.16", "1.2.1"], "boto3.resources.model.Parameter,self;target;source;name;path;value,3": ["0.0.7", "0.0.8", "0.0.9", "0.0.10", "0.0.11", "0.0.12", "0.0.13", "0.0.14", "0.0.16", "1.2.1", "1.7.81", "1.7.82", "1.7.83", "1.7.84", "1.8.0", "1.8.1"], "boto3.resources.model.ResourceModel.subresources,self,0,cls": ["0.0.7", "0.0.8", "0.0.9", "0.0.10", "0.0.11", "0.0.12", "0.0.13", "0.0.14", "0.0.16", "1.2.1", "1.7.81", "1.7.82", "1.7.83", "1.7.84", "1.8.0", "1.8.1"], "boto3.resources.collection.ResourceHandler,self;search_path;factory;resource_defs;service_model;resource_model;operation_name,1": ["0.0.7", "0.0.8", "0.0.9", "0.0.10", "0.0.11", "0.0.12", "0.0.13", "0.0.14", "0.0.16", "1.2.1"], "boto3.resources.base.ResourceMeta,self;service_name;identifiers;client;data,3": ["0.0.7", "0.0.8", "0.0.9", "0.0.10", "0.0.11", "0.0.12", "0.0.13", "0.0.14", "0.0.16"], "boto3.resources.base.ResourceMeta.copy,self,0,cls": ["0.0.7", "0.0.8", "0.0.9", "0.0.10", "0.0.11", "0.0.12", "0.0.13", "0.0.14", "0.0.16", "1.2.1", "1.7.81", "1.7.82", "1.7.83", "1.7.84", "1.8.0", "1.8.1"], "boto3.session.Session,self;aws_access_key_id;aws_secret_access_key;aws_session_token;region_name;botocore_session;profile_name,6": ["0.0.10", "0.0.11", "0.0.12", "0.0.13", "0.0.14", "0.0.16", "1.2.1", "1.7.81", "1.7.82", "1.7.83", "1.7.84", "1.8.0", "1.8.1"], "boto3.session.Session.profile_name,self,0,cls": ["0.0.10", "0.0.11", "0.0.12", "0.0.13", "0.0.14", "0.0.16", "1.2.1", "1.7.81", "1.7.82", "1.7.83", "1.7.84", "1.8.0", "1.8.1"], "boto3.Session,self;aws_access_key_id;aws_secret_access_key;aws_session_token;region_name;botocore_session;profile_name,6": ["0.0.10", "0.0.11", "0.0.12", "0.0.13", "0.0.14", "0.0.16", "1.2.1", "1.7.81", "1.7.82", "1.7.83", "1.7.84", "1.8.0", "1.8.1"], "boto3.Session.profile_name,self,0,cls": ["0.0.10", "0.0.11", "0.0.12", "0.0.13", "0.0.14", "0.0.16", "1.2.1", "1.7.81", "1.7.82", "1.7.83", "1.7.84", "1.8.0", "1.8.1"], "boto3.docs.ResourceModel.load_rename_map,self;shape,1,cls": ["0.0.10", "0.0.11", "0.0.12", "0.0.13", "0.0.14", "0.0.16", "1.2.1"], "boto3.docs.ResourceModel.get_attributes,self;shape,0,cls": ["0.0.10", "0.0.11", "0.0.12", "0.0.13", "0.0.14", "0.0.16", "1.2.1"], "boto3.resources.factory.ResourceModel.load_rename_map,self;shape,1,cls": ["0.0.10", "0.0.11", "0.0.12", "0.0.13", "0.0.14", "0.0.16", "1.2.1", "1.7.81", "1.7.82", "1.7.83", "1.7.84", "1.8.0", "1.8.1"], "boto3.resources.factory.ResourceModel.get_attributes,self;shape,0,cls": ["0.0.10", "0.0.11", "0.0.12", "0.0.13", "0.0.14", "0.0.16", "1.2.1", "1.7.81", "1.7.82", "1.7.83", "1.7.84", "1.8.0", "1.8.1"], "boto3.resources.model.ResourceModel.load_rename_map,self;shape,1,cls": ["0.0.10", "0.0.11", "0.0.12", "0.0.13", "0.0.14", "0.0.16", "1.2.1", "1.7.81", "1.7.82", "1.7.83", "1.7.84", "1.8.0", "1.8.1"], "boto3.resources.model.ResourceModel.get_attributes,self;shape,0,cls": ["0.0.10", "0.0.11", "0.0.12", "0.0.13", "0.0.14", "0.0.16", "1.2.1", "1.7.81", "1.7.82", "1.7.83", "1.7.84", "1.8.0", "1.8.1"], "boto3.docs.html_to_rst,html;indent;indent_first,2,func": ["0.0.12", "0.0.13", "0.0.14", "0.0.16", "1.2.1"], "boto3.docs.document_structure,name;shape;indent;indent_first;parent_type;eol,4,func": ["0.0.12", "0.0.13"], "boto3.compat.rename_file,current_filename;new_filename,0,func": ["0.0.14", "0.0.16", "1.2.1", "1.7.81", "1.7.82", "1.7.83", "1.7.84", "1.8.0", "1.8.1"], "boto3.docs.docs_for,service_name;session;resource_filename,2,func": ["0.0.14", "0.0.16", "1.2.1"], "boto3.docs.document_client,service_name;official_name;service_model;client,0,func": ["0.0.14", "0.0.16", "1.2.1"], "boto3.docs.document_client_waiter,session;official_name;service_name;service_model;client,0,func": ["0.0.14", "0.0.16", "1.2.1"], "boto3.docs.document_param_response,name;shape;indent;indent_first;parent_type;eol,4,func": ["0.0.14", "0.0.16", "1.2.1"], "boto3.docs.render_structure,shape;spaces;indent;eol,0,func": ["0.0.14", "0.0.16", "1.2.1"], "boto3.docs.render_list,shape;spaces;indent;eol,0,func": ["0.0.14", "0.0.16", "1.2.1"], "boto3.docs.render_map,shape;spaces;indent;eol,0,func": ["0.0.14", "0.0.16", "1.2.1"], "boto3.utils.import_module,name,0,func": ["0.0.14", "0.0.16", "1.2.1", "1.7.81", "1.7.82", "1.7.83", "1.7.84", "1.8.0", "1.8.1"], "boto3.utils.lazy_call,full_name,0,func": ["0.0.14", "0.0.16", "1.2.1", "1.7.81", "1.7.82", "1.7.83", "1.7.84", "1.8.0", "1.8.1"], "boto3.utils.inject_attribute,class_attributes;name;value,0,func": ["0.0.14", "0.0.16", "1.2.1", "1.7.81", "1.7.82", "1.7.83", "1.7.84", "1.8.0", "1.8.1"], "boto3.exceptions.RetriesExceededError,self;last_exception;msg,1": ["0.0.14", "0.0.16", "1.2.1", "1.7.81", "1.7.82", "1.7.83", "1.7.84", "1.8.0", "1.8.1"], "boto3.exceptions.S3TransferFailedError,,": ["0.0.14", "0.0.16", "1.2.1", "1.7.81", "1.7.82", "1.7.83", "1.7.84", "1.8.0", "1.8.1"], "boto3.exceptions.S3UploadFailedError,,": ["0.0.14", "0.0.16", "1.2.1", "1.7.81", "1.7.82", "1.7.83", "1.7.84", "1.8.0", "1.8.1"], "boto3.s3.transfer.random_file_extension,num_digits,1,func": ["0.0.16", "1.2.1"], "boto3.s3.transfer.QueueShutdownError,,": ["0.0.16", "1.2.1"], "boto3.s3.transfer.ReadFileChunk,self;fileobj;start_byte;chunk_size;full_file_size;callback,1": ["0.0.16"], "boto3.s3.transfer.ReadFileChunk.from_filename,cls;filename;start_byte;chunk_size;callback,1,cls": ["0.0.16"], "boto3.s3.transfer.ReadFileChunk.read,self;amount,1,cls": ["0.0.16", "1.2.1"], "boto3.s3.transfer.ReadFileChunk.seek,self;where,0,cls": ["0.0.16", "1.2.1"], "boto3.s3.transfer.ReadFileChunk.close,self,0,cls": ["0.0.16", "1.2.1"], "boto3.s3.transfer.ReadFileChunk.tell,self,0,cls": ["0.0.16", "1.2.1"], "boto3.s3.transfer.StreamReaderProgress,self;stream;callback,1": ["0.0.16", "1.2.1"], "boto3.s3.transfer.StreamReaderProgress.read,self,0,cls": ["0.0.16", "1.2.1"], "boto3.s3.transfer.OSUtils,,": ["0.0.16", "1.2.1"], "boto3.s3.transfer.OSUtils.get_file_size,self;filename,0,cls": ["0.0.16", "1.2.1"], "boto3.s3.transfer.OSUtils.open_file_chunk_reader,self;filename;start_byte;size;callback,0,cls": ["0.0.16", "1.2.1"], "boto3.s3.transfer.OSUtils.open,self;filename;mode,0,cls": ["0.0.16", "1.2.1"], "boto3.s3.transfer.OSUtils.remove_file,self;filename,0,cls": ["0.0.16", "1.2.1"], "boto3.s3.transfer.OSUtils.rename_file,self;current_filename;new_filename,0,cls": ["0.0.16", "1.2.1"], "boto3.s3.transfer.MultipartUploader,self;client;config;osutil;executor_cls,1": ["0.0.16", "1.2.1"], "boto3.s3.transfer.MultipartUploader.upload_file,self;filename;bucket;key;callback;extra_args,0,cls": ["0.0.16", "1.2.1"], "boto3.s3.transfer.ShutdownQueue,,": ["0.0.16", "1.2.1"], "boto3.s3.transfer.ShutdownQueue.trigger_shutdown,self,0,cls": ["0.0.16", "1.2.1"], "boto3.s3.transfer.ShutdownQueue.put,self;item,0,cls": ["0.0.16", "1.2.1"], "boto3.s3.transfer.MultipartDownloader,self;client;config;osutil;executor_cls,1": ["0.0.16", "1.2.1"], "boto3.s3.transfer.MultipartDownloader.download_file,self;bucket;key;filename;object_size;extra_args;callback,1,cls": ["0.0.16", "1.2.1"], "boto3.s3.transfer.TransferConfig,self;multipart_threshold;max_concurrency;multipart_chunksize;num_download_attempts;max_io_queue,5": ["0.0.16", "1.2.1"], "boto3.s3.transfer.S3Transfer,self;client;config;osutil,2": ["0.0.16", "1.2.1"], "boto3.s3.transfer.S3Transfer.upload_file,self;filename;bucket;key;callback;extra_args,2,cls": ["0.0.16", "1.2.1", "1.7.81", "1.7.82", "1.7.83", "1.7.84", "1.8.0", "1.8.1"], "boto3.s3.transfer.S3Transfer.download_file,self;bucket;key;filename;extra_args;callback,2,cls": ["0.0.16", "1.2.1", "1.7.81", "1.7.82", "1.7.83", "1.7.84", "1.8.0", "1.8.1"], "boto3.s3.transfer.RetriesExceededError,self;last_exception;msg,1": ["0.0.16", "1.2.1", "1.7.81", "1.7.82", "1.7.83", "1.7.84", "1.8.0", "1.8.1"], "boto3.s3.transfer.S3UploadFailedError,,": ["0.0.16", "1.2.1", "1.7.81", "1.7.82", "1.7.83", "1.7.84", "1.8.0", "1.8.1"], "boto3.s3.inject.inject_s3_transfer_methods,class_attributes,0,func": ["0.0.16", "1.2.1", "1.7.81", "1.7.82", "1.7.83", "1.7.84", "1.8.0", "1.8.1"], "boto3.s3.inject.upload_file,self;Filename;Bucket;Key;ExtraArgs;Callback;Config,3,func": ["0.0.16", "1.2.1", "1.7.81", "1.7.82", "1.7.83", "1.7.84", "1.8.0", "1.8.1"], "boto3.s3.inject.download_file,self;Bucket;Key;Filename;ExtraArgs;Callback;Config,3,func": ["0.0.16", "1.2.1", "1.7.81", "1.7.82", "1.7.83", "1.7.84", "1.8.0", "1.8.1"], "boto3.s3.inject.S3Transfer,self;client;config;osutil,2": ["0.0.16", "1.2.1"], "boto3.s3.inject.S3Transfer.upload_file,self;filename;bucket;key;callback;extra_args,2,cls": ["0.0.16", "1.2.1", "1.7.81", "1.7.82", "1.7.83", "1.7.84", "1.8.0", "1.8.1"], "boto3.s3.inject.S3Transfer.download_file,self;bucket;key;filename;extra_args;callback,2,cls": ["0.0.16", "1.2.1", "1.7.81", "1.7.82", "1.7.83", "1.7.84", "1.8.0", "1.8.1"], "boto3.session.Session.events,self,0,cls": ["1.2.1", "1.7.81", "1.7.82", "1.7.83", "1.7.84", "1.8.0", "1.8.1"], "boto3.session.Session.client,self;service_name;region_name;api_version;use_ssl;verify;endpoint_url;aws_access_key_id;aws_secret_access_key;aws_session_token;config,9,cls": ["1.2.1", "1.7.81", "1.7.82", "1.7.83", "1.7.84", "1.8.0", "1.8.1"], "boto3.Session.events,self,0,cls": ["1.2.1", "1.7.81", "1.7.82", "1.7.83", "1.7.84", "1.8.0", "1.8.1"], "boto3.Session.client,self;service_name;region_name;api_version;use_ssl;verify;endpoint_url;aws_access_key_id;aws_secret_access_key;aws_session_token;config,9,cls": ["1.2.1", "1.7.81", "1.7.82", "1.7.83", "1.7.84", "1.8.0", "1.8.1"], "boto3.exceptions.DynamoDBOperationNotSupportedError,self;operation;value,0": ["1.2.1", "1.7.81", "1.7.82", "1.7.83", "1.7.84", "1.8.0", "1.8.1"], "boto3.exceptions.DynamoDBNeedsConditionError,self;value,0": ["1.2.1", "1.7.81", "1.7.82", "1.7.83", "1.7.84", "1.8.0", "1.8.1"], "boto3.exceptions.DynamoDBNeedsKeyConditionError,,": ["1.2.1", "1.7.81", "1.7.82", "1.7.83", "1.7.84", "1.8.0", "1.8.1"], "boto3.newdocs.py_type_name,type_name,0,func": ["1.2.1"], "boto3.newdocs.py_default,type_name,0,func": ["1.2.1"], "boto3.newdocs.ServiceDocGenerator,self;service_name,0": ["1.2.1"], "boto3.newdocs.ServiceDocGenerator.official_service_name,self,0,cls": ["1.2.1"], "boto3.newdocs.ServiceDocGenerator.generate_ref_api_docs,self,0,cls": ["1.2.1"], "boto3.newdocs.ServiceDocGenerator.title,self;section,0,cls": ["1.2.1"], "boto3.newdocs.ServiceDocGenerator.table_of_contents,self;section,0,cls": ["1.2.1"], "boto3.newdocs.ServiceDocGenerator.client_api,self;section,0,cls": ["1.2.1"], "boto3.newdocs.Session,self;aws_access_key_id;aws_secret_access_key;aws_session_token;region_name;botocore_session;profile_name,6": ["1.2.1"], "boto3.newdocs.Session.profile_name,self,0,cls": ["1.2.1"], "boto3.newdocs.Session.events,self,0,cls": ["1.2.1"], "boto3.newdocs.Session.get_available_services,self,0,cls": ["1.2.1"], "boto3.newdocs.Session.get_available_resources,self,0,cls": ["1.2.1"], "boto3.newdocs.Session.client,self;service_name;region_name;api_version;use_ssl;verify;endpoint_url;aws_access_key_id;aws_secret_access_key;aws_session_token;config,9,cls": ["1.2.1"], "boto3.newdocs.Session.resource,self;service_name;region_name;api_version;use_ssl;verify;endpoint_url;aws_access_key_id;aws_secret_access_key;aws_session_token,8,cls": ["1.2.1"], "boto3.s3.transfer.disable_upload_callbacks,request;operation_name,0,func": ["1.2.1"], "boto3.s3.transfer.enable_upload_callbacks,request;operation_name,0,func": ["1.2.1"], "boto3.s3.transfer.ReadFileChunk,self;fileobj;start_byte;chunk_size;full_file_size;callback;enable_callback,2": ["1.2.1"], "boto3.s3.transfer.ReadFileChunk.from_filename,cls;filename;start_byte;chunk_size;callback;enable_callback,2,cls": ["1.2.1"], "boto3.s3.transfer.ReadFileChunk.enable_callback,self,0,cls": ["1.2.1"], "boto3.s3.transfer.ReadFileChunk.disable_callback,self,0,cls": ["1.2.1"], "boto3.s3.inject.inject_bucket_methods,class_attributes,0,func": ["1.2.1", "1.7.81", "1.7.82", "1.7.83", "1.7.84", "1.8.0", "1.8.1"], "boto3.s3.inject.inject_object_methods,class_attributes,0,func": ["1.2.1", "1.7.81", "1.7.82", "1.7.83", "1.7.84", "1.8.0", "1.8.1"], "boto3.s3.inject.bucket_load,self,0,func": ["1.2.1", "1.7.81", "1.7.82", "1.7.83", "1.7.84", "1.8.0", "1.8.1"], "boto3.s3.inject.bucket_upload_file,self;Filename;Key;ExtraArgs;Callback;Config,3,func": ["1.2.1", "1.7.81", "1.7.82", "1.7.83", "1.7.84", "1.8.0", "1.8.1"], "boto3.s3.inject.bucket_download_file,self;Key;Filename;ExtraArgs;Callback;Config,3,func": ["1.2.1", "1.7.81", "1.7.82", "1.7.83", "1.7.84", "1.8.0", "1.8.1"], "boto3.s3.inject.object_upload_file,self;Filename;ExtraArgs;Callback;Config,3,func": ["1.2.1", "1.7.81", "1.7.82", "1.7.83", "1.7.84", "1.8.0", "1.8.1"], "boto3.s3.inject.object_download_file,self;Filename;ExtraArgs;Callback;Config,3,func": ["1.2.1", "1.7.81", "1.7.82", "1.7.83", "1.7.84", "1.8.0", "1.8.1"], "boto3.resources.factory.ResourceFactory,self;emitter,0": ["1.2.1", "1.7.81", "1.7.82", "1.7.83", "1.7.84", "1.8.0", "1.8.1"], "boto3.resources.factory.ResourceMeta,self;service_name;identifiers;client;data;resource_model,4": ["1.2.1", "1.7.81", "1.7.82", "1.7.83", "1.7.84", "1.8.0", "1.8.1"], "boto3.resources.collection.ResourceCollection.all,self,0,cls": ["1.2.1", "1.7.81", "1.7.82", "1.7.83", "1.7.84", "1.8.0", "1.8.1"], "boto3.resources.collection.CollectionManager.all,self,0,cls": ["1.2.1", "1.7.81", "1.7.82", "1.7.83", "1.7.84", "1.8.0", "1.8.1"], "boto3.resources.base.ResourceMeta,self;service_name;identifiers;client;data;resource_model,4": ["1.2.1", "1.7.81", "1.7.82", "1.7.83", "1.7.84", "1.8.0", "1.8.1"], "boto3.dynamodb.types.Binary,self;value,0": ["1.2.1", "1.7.81", "1.7.82", "1.7.83", "1.7.84", "1.8.0", "1.8.1"], "boto3.dynamodb.types.TypeSerializer,,": ["1.2.1", "1.7.81", "1.7.82", "1.7.83", "1.7.84", "1.8.0", "1.8.1"], "boto3.dynamodb.types.TypeSerializer.serialize,self;value,0,cls": ["1.2.1", "1.7.81", "1.7.82", "1.7.83", "1.7.84", "1.8.0", "1.8.1"], "boto3.dynamodb.types.TypeDeserializer,,": ["1.2.1", "1.7.81", "1.7.82", "1.7.83", "1.7.84", "1.8.0", "1.8.1"], "boto3.dynamodb.types.TypeDeserializer.deserialize,self;value,0,cls": ["1.2.1", "1.7.81", "1.7.82", "1.7.83", "1.7.84", "1.8.0", "1.8.1"], "boto3.dynamodb.conditions.ConditionBase,self,0": ["1.2.1", "1.7.81", "1.7.82", "1.7.83", "1.7.84", "1.8.0", "1.8.1"], "boto3.dynamodb.conditions.ConditionBase.get_expression,self,0,cls": ["1.2.1", "1.7.81", "1.7.82", "1.7.83", "1.7.84", "1.8.0", "1.8.1"], "boto3.dynamodb.conditions.AttributeBase,self;name,0": ["1.2.1", "1.7.81", "1.7.82", "1.7.83", "1.7.84", "1.8.0", "1.8.1"], "boto3.dynamodb.conditions.AttributeBase.eq,self;value,0,cls": ["1.2.1", "1.7.81", "1.7.82", "1.7.83", "1.7.84", "1.8.0", "1.8.1"], "boto3.dynamodb.conditions.AttributeBase.lt,self;value,0,cls": ["1.2.1", "1.7.81", "1.7.82", "1.7.83", "1.7.84", "1.8.0", "1.8.1"], "boto3.dynamodb.conditions.AttributeBase.lte,self;value,0,cls": ["1.2.1", "1.7.81", "1.7.82", "1.7.83", "1.7.84", "1.8.0", "1.8.1"], "boto3.dynamodb.conditions.AttributeBase.gt,self;value,0,cls": ["1.2.1", "1.7.81", "1.7.82", "1.7.83", "1.7.84", "1.8.0", "1.8.1"], "boto3.dynamodb.conditions.AttributeBase.gte,self;value,0,cls": ["1.2.1", "1.7.81", "1.7.82", "1.7.83", "1.7.84", "1.8.0", "1.8.1"], "boto3.dynamodb.conditions.AttributeBase.begins_with,self;value,0,cls": ["1.2.1", "1.7.81", "1.7.82", "1.7.83", "1.7.84", "1.8.0", "1.8.1"], "boto3.dynamodb.conditions.AttributeBase.between,self;low_value;high_value,0,cls": ["1.2.1", "1.7.81", "1.7.82", "1.7.83", "1.7.84", "1.8.0", "1.8.1"], "boto3.dynamodb.conditions.ConditionAttributeBase,self,0": ["1.2.1", "1.7.81", "1.7.82", "1.7.83", "1.7.84", "1.8.0", "1.8.1"], "boto3.dynamodb.conditions.ComparisonCondition,,": ["1.2.1", "1.7.81", "1.7.82", "1.7.83", "1.7.84", "1.8.0", "1.8.1"], "boto3.dynamodb.conditions.Equals,,": ["1.2.1", "1.7.81", "1.7.82", "1.7.83", "1.7.84", "1.8.0", "1.8.1"], "boto3.dynamodb.conditions.NotEquals,,": ["1.2.1", "1.7.81", "1.7.82", "1.7.83", "1.7.84", "1.8.0", "1.8.1"], "boto3.dynamodb.conditions.LessThan,,": ["1.2.1", "1.7.81", "1.7.82", "1.7.83", "1.7.84", "1.8.0", "1.8.1"], "boto3.dynamodb.conditions.LessThanEquals,,": ["1.2.1", "1.7.81", "1.7.82", "1.7.83", "1.7.84", "1.8.0", "1.8.1"], "boto3.dynamodb.conditions.GreaterThan,,": ["1.2.1", "1.7.81", "1.7.82", "1.7.83", "1.7.84", "1.8.0", "1.8.1"], "boto3.dynamodb.conditions.GreaterThanEquals,,": ["1.2.1", "1.7.81", "1.7.82", "1.7.83", "1.7.84", "1.8.0", "1.8.1"], "boto3.dynamodb.conditions.In,,": ["1.2.1", "1.7.81", "1.7.82", "1.7.83", "1.7.84", "1.8.0", "1.8.1"], "boto3.dynamodb.conditions.Between,,": ["1.2.1", "1.7.81", "1.7.82", "1.7.83", "1.7.84", "1.8.0", "1.8.1"], "boto3.dynamodb.conditions.BeginsWith,,": ["1.2.1", "1.7.81", "1.7.82", "1.7.83", "1.7.84", "1.8.0", "1.8.1"], "boto3.dynamodb.conditions.Contains,,": ["1.2.1", "1.7.81", "1.7.82", "1.7.83", "1.7.84", "1.8.0", "1.8.1"], "boto3.dynamodb.conditions.Size,,": ["1.2.1", "1.7.81", "1.7.82", "1.7.83", "1.7.84", "1.8.0", "1.8.1"], "boto3.dynamodb.conditions.AttributeType,,": ["1.2.1", "1.7.81", "1.7.82", "1.7.83", "1.7.84", "1.8.0", "1.8.1"], "boto3.dynamodb.conditions.AttributeExists,,": ["1.2.1", "1.7.81", "1.7.82", "1.7.83", "1.7.84", "1.8.0", "1.8.1"], "boto3.dynamodb.conditions.AttributeNotExists,,": ["1.2.1", "1.7.81", "1.7.82", "1.7.83", "1.7.84", "1.8.0", "1.8.1"], "boto3.dynamodb.conditions.And,,": ["1.2.1", "1.7.81", "1.7.82", "1.7.83", "1.7.84", "1.8.0", "1.8.1"], "boto3.dynamodb.conditions.Or,,": ["1.2.1", "1.7.81", "1.7.82", "1.7.83", "1.7.84", "1.8.0", "1.8.1"], "boto3.dynamodb.conditions.Not,,": ["1.2.1", "1.7.81", "1.7.82", "1.7.83", "1.7.84", "1.8.0", "1.8.1"], "boto3.dynamodb.conditions.Key,,": ["1.2.1", "1.7.81", "1.7.82", "1.7.83", "1.7.84", "1.8.0", "1.8.1"], "boto3.dynamodb.conditions.Attr,,": ["1.2.1", "1.7.81", "1.7.82", "1.7.83", "1.7.84", "1.8.0", "1.8.1"], "boto3.dynamodb.conditions.Attr.ne,self;value,0,cls": ["1.2.1", "1.7.81", "1.7.82", "1.7.83", "1.7.84", "1.8.0", "1.8.1"], "boto3.dynamodb.conditions.Attr.is_in,self;value,0,cls": ["1.2.1", "1.7.81", "1.7.82", "1.7.83", "1.7.84", "1.8.0", "1.8.1"], "boto3.dynamodb.conditions.Attr.exists,self,0,cls": ["1.2.1", "1.7.81", "1.7.82", "1.7.83", "1.7.84", "1.8.0", "1.8.1"], "boto3.dynamodb.conditions.Attr.not_exists,self,0,cls": ["1.2.1", "1.7.81", "1.7.82", "1.7.83", "1.7.84", "1.8.0", "1.8.1"], "boto3.dynamodb.conditions.Attr.contains,self;value,0,cls": ["1.2.1", "1.7.81", "1.7.82", "1.7.83", "1.7.84", "1.8.0", "1.8.1"], "boto3.dynamodb.conditions.Attr.size,self,0,cls": ["1.2.1", "1.7.81", "1.7.82", "1.7.83", "1.7.84", "1.8.0", "1.8.1"], "boto3.dynamodb.conditions.Attr.attribute_type,self;value,0,cls": ["1.2.1", "1.7.81", "1.7.82", "1.7.83", "1.7.84", "1.8.0", "1.8.1"], "boto3.dynamodb.conditions.ConditionExpressionBuilder,self,0": ["1.2.1", "1.7.81", "1.7.82", "1.7.83", "1.7.84", "1.8.0", "1.8.1"], "boto3.dynamodb.conditions.ConditionExpressionBuilder.reset,self,0,cls": ["1.2.1", "1.7.81", "1.7.82", "1.7.83", "1.7.84", "1.8.0", "1.8.1"], "boto3.dynamodb.conditions.ConditionExpressionBuilder.build_expression,self;condition;is_key_condition,1,cls": ["1.2.1", "1.7.81", "1.7.82", "1.7.83", "1.7.84", "1.8.0", "1.8.1"], "boto3.dynamodb.conditions.DynamoDBOperationNotSupportedError,self;operation;value,0": ["1.2.1", "1.7.81", "1.7.82", "1.7.83", "1.7.84", "1.8.0", "1.8.1"], "boto3.dynamodb.conditions.DynamoDBNeedsConditionError,self;value,0": ["1.2.1", "1.7.81", "1.7.82", "1.7.83", "1.7.84", "1.8.0", "1.8.1"], "boto3.dynamodb.conditions.DynamoDBNeedsKeyConditionError,,": ["1.2.1", "1.7.81", "1.7.82", "1.7.83", "1.7.84", "1.8.0", "1.8.1"], "boto3.dynamodb.transform.register_high_level_interface,base_classes,0,func": ["1.2.1", "1.7.81", "1.7.82", "1.7.83", "1.7.84", "1.8.0", "1.8.1"], "boto3.dynamodb.transform.copy_dynamodb_params,params,0,func": ["1.2.1", "1.7.81", "1.7.82", "1.7.83", "1.7.84", "1.8.0", "1.8.1"], "boto3.dynamodb.transform.DynamoDBHighLevelResource,self,0": ["1.2.1", "1.7.81", "1.7.82", "1.7.83", "1.7.84", "1.8.0", "1.8.1"], "boto3.dynamodb.transform.TransformationInjector,self;transformer;condition_builder;serializer;deserializer,4": ["1.2.1", "1.7.81", "1.7.82", "1.7.83", "1.7.84", "1.8.0", "1.8.1"], "boto3.dynamodb.transform.TransformationInjector.inject_condition_expressions,self;params;model,0,cls": ["1.2.1", "1.7.81", "1.7.82", "1.7.83", "1.7.84", "1.8.0", "1.8.1"], "boto3.dynamodb.transform.TransformationInjector.inject_attribute_value_input,self;params;model,0,cls": ["1.2.1", "1.7.81", "1.7.82", "1.7.83", "1.7.84", "1.8.0", "1.8.1"], "boto3.dynamodb.transform.TransformationInjector.inject_attribute_value_output,self;parsed;model,0,cls": ["1.2.1", "1.7.81", "1.7.82", "1.7.83", "1.7.84", "1.8.0", "1.8.1"], "boto3.dynamodb.transform.ConditionExpressionTransformation,self;condition_builder;placeholder_names;placeholder_values;is_key_condition,1": ["1.2.1", "1.7.81", "1.7.82", "1.7.83", "1.7.84", "1.8.0", "1.8.1"], "boto3.dynamodb.transform.ParameterTransformer,,": ["1.2.1", "1.7.81", "1.7.82", "1.7.83", "1.7.84", "1.8.0", "1.8.1"], "boto3.dynamodb.transform.ParameterTransformer.transform,self;params;model;transformation;target_shape,0,cls": ["1.2.1", "1.7.81", "1.7.82", "1.7.83", "1.7.84", "1.8.0", "1.8.1"], "boto3.dynamodb.transform.TypeSerializer,,": ["1.2.1", "1.7.81", "1.7.82", "1.7.83", "1.7.84", "1.8.0", "1.8.1"], "boto3.dynamodb.transform.TypeSerializer.serialize,self;value,0,cls": ["1.2.1", "1.7.81", "1.7.82", "1.7.83", "1.7.84", "1.8.0", "1.8.1"], "boto3.dynamodb.transform.TypeDeserializer,,": ["1.2.1", "1.7.81", "1.7.82", "1.7.83", "1.7.84", "1.8.0", "1.8.1"], "boto3.dynamodb.transform.TypeDeserializer.deserialize,self;value,0,cls": ["1.2.1", "1.7.81", "1.7.82", "1.7.83", "1.7.84", "1.8.0", "1.8.1"], "boto3.dynamodb.transform.ConditionBase,self,0": ["1.2.1", "1.7.81", "1.7.82", "1.7.83", "1.7.84", "1.8.0", "1.8.1"], "boto3.dynamodb.transform.ConditionBase.get_expression,self,0,cls": ["1.2.1", "1.7.81", "1.7.82", "1.7.83", "1.7.84", "1.8.0", "1.8.1"], "boto3.dynamodb.transform.ConditionExpressionBuilder,self,0": ["1.2.1", "1.7.81", "1.7.82", "1.7.83", "1.7.84", "1.8.0", "1.8.1"], "boto3.dynamodb.transform.ConditionExpressionBuilder.reset,self,0,cls": ["1.2.1", "1.7.81", "1.7.82", "1.7.83", "1.7.84", "1.8.0", "1.8.1"], "boto3.dynamodb.transform.ConditionExpressionBuilder.build_expression,self;condition;is_key_condition,1,cls": ["1.2.1", "1.7.81", "1.7.82", "1.7.83", "1.7.84", "1.8.0", "1.8.1"], "boto3.dynamodb.table.register_table_methods,base_classes,0,func": ["1.2.1", "1.7.81", "1.7.82", "1.7.83", "1.7.84", "1.8.0", "1.8.1"], "boto3.dynamodb.table.TableResource,self,0": ["1.2.1", "1.7.81", "1.7.82", "1.7.83", "1.7.84", "1.8.0", "1.8.1"], "boto3.dynamodb.table.TableResource.batch_writer,self,0,cls": ["1.2.1"], "boto3.dynamodb.table.BatchWriter,self;table_name;client;flush_amount,1": ["1.2.1"], "boto3.dynamodb.table.BatchWriter.put_item,self;Item,0,cls": ["1.2.1", "1.7.81", "1.7.82", "1.7.83", "1.7.84", "1.8.0", "1.8.1"], "boto3.dynamodb.table.BatchWriter.delete_item,self;Key,0,cls": ["1.2.1", "1.7.81", "1.7.82", "1.7.83", "1.7.84", "1.8.0", "1.8.1"], "boto3.docs.service.ServiceDocumenter,self;service_name;session,0": ["1.2.1", "1.7.81", "1.7.82", "1.7.83", "1.7.84", "1.8.0", "1.8.1"], "boto3.docs.service.ServiceDocumenter.document_service,self,0,cls": ["1.2.1", "1.7.81", "1.7.82", "1.7.83", "1.7.84", "1.8.0", "1.8.1"], "boto3.docs.client.Boto3ClientDocumenter,,": ["1.2.1", "1.7.81", "1.7.82", "1.7.83", "1.7.84", "1.8.0", "1.8.1"], "boto3.docs.resource.ResourceDocumenter,self;resource;botocore_session,0": ["1.2.1", "1.7.81", "1.7.82", "1.7.83", "1.7.84", "1.8.0", "1.8.1"], "boto3.docs.resource.ResourceDocumenter.document_resource,self;section,0,cls": ["1.2.1", "1.7.81", "1.7.82", "1.7.83", "1.7.84", "1.8.0", "1.8.1"], "boto3.docs.resource.ServiceResourceDocumenter,,": ["1.2.1", "1.7.81", "1.7.82", "1.7.83", "1.7.84", "1.8.0", "1.8.1"], "boto3.docs.resource.ServiceResourceDocumenter.class_name,self,0,cls": ["1.2.1", "1.7.81", "1.7.82", "1.7.83", "1.7.84", "1.8.0", "1.8.1"], "boto3.docs.generate_docs,root_dir;session,0,func": ["1.2.1", "1.7.81", "1.7.82", "1.7.83", "1.7.84", "1.8.0", "1.8.1"], "boto3.docs.waiter.WaiterResourceDocumenter,self;resource;service_waiter_model,0": ["1.2.1", "1.7.81", "1.7.82", "1.7.83", "1.7.84", "1.8.0", "1.8.1"], "boto3.docs.waiter.WaiterResourceDocumenter.document_resource_waiters,self;section,0,cls": ["1.2.1", "1.7.81", "1.7.82", "1.7.83", "1.7.84", "1.8.0", "1.8.1"], "boto3.docs.action.ActionDocumenter,,": ["1.2.1", "1.7.81", "1.7.82", "1.7.83", "1.7.84", "1.8.0", "1.8.1"], "boto3.docs.action.ActionDocumenter.document_actions,self;section,0,cls": ["1.2.1", "1.7.81", "1.7.82", "1.7.83", "1.7.84", "1.8.0", "1.8.1"], "boto3.docs.action.document_action,section;resource_name;event_emitter;action_model;service_model;include_signature,1,func": ["1.2.1", "1.7.81", "1.7.82", "1.7.83", "1.7.84", "1.8.0", "1.8.1"], "boto3.docs.action.document_load_reload_action,section;action_name;resource_name;event_emitter;load_model;service_model;include_signature,1,func": ["1.2.1", "1.7.81", "1.7.82", "1.7.83", "1.7.84", "1.8.0", "1.8.1"], "boto3.docs.docstring.ActionDocstring,,": ["1.2.1", "1.7.81", "1.7.82", "1.7.83", "1.7.84", "1.8.0", "1.8.1"], "boto3.docs.docstring.LoadReloadDocstring,,": ["1.2.1", "1.7.81", "1.7.82", "1.7.83", "1.7.84", "1.8.0", "1.8.1"], "boto3.docs.docstring.SubResourceDocstring,,": ["1.2.1", "1.7.81", "1.7.82", "1.7.83", "1.7.84", "1.8.0", "1.8.1"], "boto3.docs.docstring.AttributeDocstring,,": ["1.2.1", "1.7.81", "1.7.82", "1.7.83", "1.7.84", "1.8.0", "1.8.1"], "boto3.docs.docstring.IdentifierDocstring,,": ["1.2.1", "1.7.81", "1.7.82", "1.7.83", "1.7.84", "1.8.0", "1.8.1"], "boto3.docs.docstring.ReferenceDocstring,,": ["1.2.1", "1.7.81", "1.7.82", "1.7.83", "1.7.84", "1.8.0", "1.8.1"], "boto3.docs.utils.get_resource_ignore_params,params,0,func": ["1.2.1", "1.7.81", "1.7.82", "1.7.83", "1.7.84", "1.8.0", "1.8.1"], "boto3.docs.utils.is_resource_action,action_handle,0,func": ["1.2.1", "1.7.81", "1.7.82", "1.7.83", "1.7.84", "1.8.0", "1.8.1"], "boto3.docs.utils.get_resource_public_actions,resource_class,0,func": ["1.2.1", "1.7.81", "1.7.82", "1.7.83", "1.7.84", "1.8.0", "1.8.1"], "boto3.docs.utils.get_identifier_values_for_example,identifier_names,0,func": ["1.2.1", "1.7.81", "1.7.82", "1.7.83", "1.7.84", "1.8.0", "1.8.1"], "boto3.docs.utils.get_identifier_args_for_signature,identifier_names,0,func": ["1.2.1", "1.7.81", "1.7.82", "1.7.83", "1.7.84", "1.8.0", "1.8.1"], "boto3.docs.utils.get_identifier_description,resource_name;identifier_name,0,func": ["1.2.1", "1.7.81", "1.7.82", "1.7.83", "1.7.84", "1.8.0", "1.8.1"], "boto3.docs.utils.add_resource_type_overview,section;resource_type;description;intro_link,1,func": ["1.2.1", "1.7.81", "1.7.82", "1.7.83", "1.7.84", "1.8.0", "1.8.1"], "boto3.docs.utils.DocumentModifiedShape,self;shape_name;new_type;new_description;new_example_value,0": ["1.2.1", "1.7.81", "1.7.82", "1.7.83", "1.7.84", "1.8.0", "1.8.1"], "boto3.docs.utils.DocumentModifiedShape.replace_documentation_for_matching_shape,self;event_name;section,0,cls": ["1.2.1", "1.7.81", "1.7.82", "1.7.83", "1.7.84", "1.8.0", "1.8.1"], "boto3.docs.collection.CollectionDocumenter,,": ["1.2.1", "1.7.81", "1.7.82", "1.7.83", "1.7.84", "1.8.0", "1.8.1"], "boto3.docs.collection.CollectionDocumenter.document_collections,self;section,0,cls": ["1.2.1", "1.7.81", "1.7.82", "1.7.83", "1.7.84", "1.8.0", "1.8.1"], "boto3.docs.method.document_model_driven_resource_method,section;method_name;operation_model;event_emitter;method_description;example_prefix;include_input;include_output;exclude_input;exclude_output;document_output;resource_action_model;include_signature,9,func": ["1.2.1", "1.7.81", "1.7.82", "1.7.83", "1.7.84", "1.8.0", "1.8.1"], "boto3.docs.attr.document_attribute,section;attr_name;attr_model;include_signature,1,func": ["1.2.1"], "boto3.docs.attr.document_identifier,section;resource_name;identifier_model;include_signature,1,func": ["1.2.1", "1.7.81", "1.7.82", "1.7.83", "1.7.84", "1.8.0", "1.8.1"], "boto3.docs.attr.document_reference,section;reference_model;include_signature,1,func": ["1.2.1", "1.7.81", "1.7.82", "1.7.83", "1.7.84", "1.8.0", "1.8.1"], "boto3.docs.subresource.SubResourceDocumenter,,": ["1.2.1", "1.7.81", "1.7.82", "1.7.83", "1.7.84", "1.8.0", "1.8.1"], "boto3.docs.subresource.SubResourceDocumenter.document_sub_resources,self;section,0,cls": ["1.2.1", "1.7.81", "1.7.82", "1.7.83", "1.7.84", "1.8.0", "1.8.1"], "boto3.docs.subresource.document_sub_resource,section;resource_name;sub_resource_model;service_model;include_signature,1,func": ["1.2.1", "1.7.81", "1.7.82", "1.7.83", "1.7.84", "1.8.0", "1.8.1"], "boto3.docs.base.BaseDocumenter,self;resource,0": ["1.2.1", "1.7.81", "1.7.82", "1.7.83", "1.7.84", "1.8.0", "1.8.1"], "boto3.docs.base.BaseDocumenter.class_name,self,0,cls": ["1.2.1", "1.7.81", "1.7.82", "1.7.83", "1.7.84", "1.8.0", "1.8.1"], "boto3.ec2.createtags.inject_create_tags,event_name;class_attributes,0,func": ["1.2.1", "1.7.81", "1.7.82", "1.7.83", "1.7.84", "1.8.0", "1.8.1"], "boto3.ec2.createtags.create_tags,self,0,func": ["1.2.1", "1.7.81", "1.7.82", "1.7.83", "1.7.84", "1.8.0", "1.8.1"], "boto3.session.Session.region_name,self,0,cls": ["1.7.81", "1.7.82", "1.7.83", "1.7.84", "1.8.0", "1.8.1"], "boto3.session.Session.available_profiles,self,0,cls": ["1.7.81", "1.7.82", "1.7.83", "1.7.84", "1.8.0", "1.8.1"], "boto3.session.Session.get_available_partitions,self,0,cls": ["1.7.81", "1.7.82", "1.7.83", "1.7.84", "1.8.0", "1.8.1"], "boto3.session.Session.get_available_regions,self;service_name;partition_name;allow_non_regional,2,cls": ["1.7.81", "1.7.82", "1.7.83", "1.7.84", "1.8.0", "1.8.1"], "boto3.session.Session.get_credentials,self,0,cls": ["1.7.81", "1.7.82", "1.7.83", "1.7.84", "1.8.0", "1.8.1"], "boto3.session.Session.resource,self;service_name;region_name;api_version;use_ssl;verify;endpoint_url;aws_access_key_id;aws_secret_access_key;aws_session_token;config,9,cls": ["1.7.81", "1.7.82", "1.7.83", "1.7.84", "1.8.0", "1.8.1"], "boto3.session.ResourceNotExistsError,self;service_name;available_services;has_low_level_client,0": ["1.7.81", "1.7.82", "1.7.83", "1.7.84", "1.8.0", "1.8.1"], "boto3.session.UnknownAPIVersionError,self;service_name;bad_api_version;available_api_versions,0": ["1.7.81", "1.7.82", "1.7.83", "1.7.84", "1.8.0", "1.8.1"], "boto3.Session.region_name,self,0,cls": ["1.7.81", "1.7.82", "1.7.83", "1.7.84", "1.8.0", "1.8.1"], "boto3.Session.available_profiles,self,0,cls": ["1.7.81", "1.7.82", "1.7.83", "1.7.84", "1.8.0", "1.8.1"], "boto3.Session.get_available_partitions,self,0,cls": ["1.7.81", "1.7.82", "1.7.83", "1.7.84", "1.8.0", "1.8.1"], "boto3.Session.get_available_regions,self;service_name;partition_name;allow_non_regional,2,cls": ["1.7.81", "1.7.82", "1.7.83", "1.7.84", "1.8.0", "1.8.1"], "boto3.Session.get_credentials,self,0,cls": ["1.7.81", "1.7.82", "1.7.83", "1.7.84", "1.8.0", "1.8.1"], "boto3.Session.resource,self;service_name;region_name;api_version;use_ssl;verify;endpoint_url;aws_access_key_id;aws_secret_access_key;aws_session_token;config,9,cls": ["1.7.81", "1.7.82", "1.7.83", "1.7.84", "1.8.0", "1.8.1"], "boto3.utils.ServiceContext,,": ["1.7.81", "1.7.82", "1.7.83", "1.7.84", "1.8.0", "1.8.1"], "boto3.utils.LazyLoadedWaiterModel,self;bc_session;service_name;api_version,0": ["1.7.81", "1.7.82", "1.7.83", "1.7.84", "1.8.0", "1.8.1"], "boto3.utils.LazyLoadedWaiterModel.get_waiter,self;waiter_name,0,cls": ["1.7.81", "1.7.82", "1.7.83", "1.7.84", "1.8.0", "1.8.1"], "boto3.exceptions.Boto3Error,,": ["1.7.81", "1.7.82", "1.7.83", "1.7.84", "1.8.0", "1.8.1"], "boto3.exceptions.UnknownAPIVersionError,self;service_name;bad_api_version;available_api_versions,0": ["1.7.81", "1.7.82", "1.7.83", "1.7.84", "1.8.0", "1.8.1"], "boto3.exceptions.ResourceNotExistsError,self;service_name;available_services;has_low_level_client,0": ["1.7.81", "1.7.82", "1.7.83", "1.7.84", "1.8.0", "1.8.1"], "boto3.s3.transfer.create_transfer_manager,client;config;osutil,1,func": ["1.7.81", "1.7.82", "1.7.83", "1.7.84", "1.8.0", "1.8.1"], "boto3.s3.transfer.TransferConfig,self;multipart_threshold;max_concurrency;multipart_chunksize;num_download_attempts;max_io_queue;io_chunksize;use_threads,7": ["1.7.81", "1.7.82", "1.7.83", "1.7.84", "1.8.0", "1.8.1"], "boto3.s3.transfer.S3Transfer,self;client;config;osutil;manager,4": ["1.7.81", "1.7.82", "1.7.83", "1.7.84", "1.8.0", "1.8.1"], "boto3.s3.transfer.ProgressCallbackInvoker,self;callback,0": ["1.7.81", "1.7.82", "1.7.83", "1.7.84", "1.8.0", "1.8.1"], "boto3.s3.transfer.ProgressCallbackInvoker.on_progress,self;bytes_transferred,0,cls": ["1.7.81", "1.7.82", "1.7.83", "1.7.84", "1.8.0", "1.8.1"], "boto3.s3.inject.inject_object_summary_methods,class_attributes,0,func": ["1.7.81", "1.7.82", "1.7.83", "1.7.84", "1.8.0", "1.8.1"], "boto3.s3.inject.object_summary_load,self,0,func": ["1.7.81", "1.7.82", "1.7.83", "1.7.84", "1.8.0", "1.8.1"], "boto3.s3.inject.copy,self;CopySource;Bucket;Key;ExtraArgs;Callback;SourceClient;Config,4,func": ["1.7.81", "1.7.82", "1.7.83", "1.7.84", "1.8.0", "1.8.1"], "boto3.s3.inject.bucket_copy,self;CopySource;Key;ExtraArgs;Callback;SourceClient;Config,4,func": ["1.7.81", "1.7.82", "1.7.83", "1.7.84", "1.8.0", "1.8.1"], "boto3.s3.inject.object_copy,self;CopySource;ExtraArgs;Callback;SourceClient;Config,4,func": ["1.7.81", "1.7.82", "1.7.83", "1.7.84", "1.8.0", "1.8.1"], "boto3.s3.inject.upload_fileobj,self;Fileobj;Bucket;Key;ExtraArgs;Callback;Config,3,func": ["1.7.81", "1.7.82", "1.7.83", "1.7.84", "1.8.0", "1.8.1"], "boto3.s3.inject.bucket_upload_fileobj,self;Fileobj;Key;ExtraArgs;Callback;Config,3,func": ["1.7.81", "1.7.82", "1.7.83", "1.7.84", "1.8.0", "1.8.1"], "boto3.s3.inject.object_upload_fileobj,self;Fileobj;ExtraArgs;Callback;Config,3,func": ["1.7.81", "1.7.82", "1.7.83", "1.7.84", "1.8.0", "1.8.1"], "boto3.s3.inject.download_fileobj,self;Bucket;Key;Fileobj;ExtraArgs;Callback;Config,3,func": ["1.7.81", "1.7.82", "1.7.83", "1.7.84", "1.8.0", "1.8.1"], "boto3.s3.inject.bucket_download_fileobj,self;Key;Fileobj;ExtraArgs;Callback;Config,3,func": ["1.7.81", "1.7.82", "1.7.83", "1.7.84", "1.8.0", "1.8.1"], "boto3.s3.inject.object_download_fileobj,self;Fileobj;ExtraArgs;Callback;Config,3,func": ["1.7.81", "1.7.82", "1.7.83", "1.7.84", "1.8.0", "1.8.1"], "boto3.s3.inject.create_transfer_manager,client;config;osutil,1,func": ["1.7.81", "1.7.82", "1.7.83", "1.7.84", "1.8.0", "1.8.1"], "boto3.s3.inject.TransferConfig,self;multipart_threshold;max_concurrency;multipart_chunksize;num_download_attempts;max_io_queue;io_chunksize;use_threads,7": ["1.7.81", "1.7.82", "1.7.83", "1.7.84", "1.8.0", "1.8.1"], "boto3.s3.inject.S3Transfer,self;client;config;osutil;manager,4": ["1.7.81", "1.7.82", "1.7.83", "1.7.84", "1.8.0", "1.8.1"], "boto3.s3.inject.ProgressCallbackInvoker,self;callback,0": ["1.7.81", "1.7.82", "1.7.83", "1.7.84", "1.8.0", "1.8.1"], "boto3.s3.inject.ProgressCallbackInvoker.on_progress,self;bytes_transferred,0,cls": ["1.7.81", "1.7.82", "1.7.83", "1.7.84", "1.8.0", "1.8.1"], "boto3.resources.params.create_request_parameters,parent;request_model;params;index,2,func": ["1.7.81", "1.7.82", "1.7.83", "1.7.84", "1.8.0", "1.8.1"], "boto3.resources.params.build_param_structure,params;target;value;index,1,func": ["1.7.81", "1.7.82", "1.7.83", "1.7.84", "1.8.0", "1.8.1"], "boto3.resources.response.ResourceHandler,self;search_path;factory;resource_model;service_context;operation_name,1": ["1.7.81", "1.7.82", "1.7.83", "1.7.84", "1.8.0", "1.8.1"], "boto3.resources.factory.ResourceFactory.load_from_definition,self;resource_name;single_resource_json_definition;service_context,0,cls": ["1.7.81", "1.7.82", "1.7.83", "1.7.84", "1.8.0", "1.8.1"], "boto3.resources.factory.ServiceAction,self;action_model;factory;service_context,2": ["1.7.81", "1.7.82", "1.7.83", "1.7.84", "1.8.0", "1.8.1"], "boto3.resources.factory.CollectionFactory.load_from_definition,self;resource_name;collection_model;service_context;event_emitter,0,cls": ["1.7.81", "1.7.82", "1.7.83", "1.7.84", "1.8.0", "1.8.1"], "boto3.resources.factory.ResourceHandler,self;search_path;factory;resource_model;service_context;operation_name,1": ["1.7.81", "1.7.82", "1.7.83", "1.7.84", "1.8.0", "1.8.1"], "boto3.resources.action.ServiceAction,self;action_model;factory;service_context,2": ["1.7.81", "1.7.82", "1.7.83", "1.7.84", "1.8.0", "1.8.1"], "boto3.resources.action.CustomModeledAction,self;action_name;action_model;function;event_emitter,0": ["1.7.81", "1.7.82", "1.7.83", "1.7.84", "1.8.0", "1.8.1"], "boto3.resources.action.CustomModeledAction.inject,self;class_attributes;service_context;event_name,0,cls": ["1.7.81", "1.7.82", "1.7.83", "1.7.84", "1.8.0", "1.8.1"], "boto3.resources.action.create_request_parameters,parent;request_model;params;index,2,func": ["1.7.81", "1.7.82", "1.7.83", "1.7.84", "1.8.0", "1.8.1"], "boto3.resources.action.ResourceHandler,self;search_path;factory;resource_model;service_context;operation_name,1": ["1.7.81", "1.7.82", "1.7.83", "1.7.84", "1.8.0", "1.8.1"], "boto3.resources.action.Action,self;name;definition;resource_defs,0": ["1.7.81", "1.7.82", "1.7.83", "1.7.84", "1.8.0", "1.8.1"], "boto3.resources.action.ActionDocstring,,": ["1.7.81", "1.7.82", "1.7.83", "1.7.84", "1.8.0", "1.8.1"], "boto3.resources.action.inject_attribute,class_attributes;name;value,0,func": ["1.7.81", "1.7.82", "1.7.83", "1.7.84", "1.8.0", "1.8.1"], "boto3.resources.model.Identifier,self;name;member_name,1": ["1.7.81", "1.7.82", "1.7.83", "1.7.84", "1.8.0", "1.8.1"], "boto3.resources.collection.CollectionManager,self;collection_model;parent;factory;service_context,0": ["1.7.81", "1.7.82", "1.7.83", "1.7.84", "1.8.0", "1.8.1"], "boto3.resources.collection.CollectionFactory.load_from_definition,self;resource_name;collection_model;service_context;event_emitter,0,cls": ["1.7.81", "1.7.82", "1.7.83", "1.7.84", "1.8.0", "1.8.1"], "boto3.resources.collection.create_request_parameters,parent;request_model;params;index,2,func": ["1.7.81", "1.7.82", "1.7.83", "1.7.84", "1.8.0", "1.8.1"], "boto3.resources.collection.ResourceHandler,self;search_path;factory;resource_model;service_context;operation_name,1": ["1.7.81", "1.7.82", "1.7.83", "1.7.84", "1.8.0", "1.8.1"], "boto3.dynamodb.transform.DocumentModifiedShape,self;shape_name;new_type;new_description;new_example_value,0": ["1.7.81", "1.7.82", "1.7.83", "1.7.84", "1.8.0", "1.8.1"], "boto3.dynamodb.transform.DocumentModifiedShape.replace_documentation_for_matching_shape,self;event_name;section,0,cls": ["1.7.81", "1.7.82", "1.7.83", "1.7.84", "1.8.0", "1.8.1"], "boto3.dynamodb.table.TableResource.batch_writer,self;overwrite_by_pkeys,1,cls": ["1.7.81", "1.7.82", "1.7.83", "1.7.84", "1.8.0", "1.8.1"], "boto3.dynamodb.table.BatchWriter,self;table_name;client;flush_amount;overwrite_by_pkeys,2": ["1.7.81", "1.7.82", "1.7.83", "1.7.84", "1.8.0", "1.8.1"], "boto3.docs.service.ServiceDocumenter.client_api,self;section,0,cls": ["1.7.81", "1.7.82", "1.7.83", "1.7.84", "1.8.0", "1.8.1"], "boto3.docs.service.ServiceContext,,": ["1.7.81", "1.7.82", "1.7.83", "1.7.84", "1.8.0", "1.8.1"], "boto3.docs.service.Boto3ClientDocumenter,,": ["1.7.81", "1.7.82", "1.7.83", "1.7.84", "1.8.0", "1.8.1"], "boto3.docs.service.ResourceDocumenter,self;resource;botocore_session,0": ["1.7.81", "1.7.82", "1.7.83", "1.7.84", "1.8.0", "1.8.1"], "boto3.docs.service.ResourceDocumenter.document_resource,self;section,0,cls": ["1.7.81", "1.7.82", "1.7.83", "1.7.84", "1.8.0", "1.8.1"], "boto3.docs.service.ServiceResourceDocumenter,,": ["1.7.81", "1.7.82", "1.7.83", "1.7.84", "1.8.0", "1.8.1"], "boto3.docs.service.ServiceResourceDocumenter.class_name,self,0,cls": ["1.7.81", "1.7.82", "1.7.83", "1.7.84", "1.8.0", "1.8.1"], "boto3.docs.resource.BaseDocumenter,self;resource,0": ["1.7.81", "1.7.82", "1.7.83", "1.7.84", "1.8.0", "1.8.1"], "boto3.docs.resource.BaseDocumenter.class_name,self,0,cls": ["1.7.81", "1.7.82", "1.7.83", "1.7.84", "1.8.0", "1.8.1"], "boto3.docs.resource.ActionDocumenter,,": ["1.7.81", "1.7.82", "1.7.83", "1.7.84", "1.8.0", "1.8.1"], "boto3.docs.resource.ActionDocumenter.document_actions,self;section,0,cls": ["1.7.81", "1.7.82", "1.7.83", "1.7.84", "1.8.0", "1.8.1"], "boto3.docs.resource.WaiterResourceDocumenter,self;resource;service_waiter_model,0": ["1.7.81", "1.7.82", "1.7.83", "1.7.84", "1.8.0", "1.8.1"], "boto3.docs.resource.WaiterResourceDocumenter.document_resource_waiters,self;section,0,cls": ["1.7.81", "1.7.82", "1.7.83", "1.7.84", "1.8.0", "1.8.1"], "boto3.docs.resource.CollectionDocumenter,,": ["1.7.81", "1.7.82", "1.7.83", "1.7.84", "1.8.0", "1.8.1"], "boto3.docs.resource.CollectionDocumenter.document_collections,self;section,0,cls": ["1.7.81", "1.7.82", "1.7.83", "1.7.84", "1.8.0", "1.8.1"], "boto3.docs.resource.SubResourceDocumenter,,": ["1.7.81", "1.7.82", "1.7.83", "1.7.84", "1.8.0", "1.8.1"], "boto3.docs.resource.SubResourceDocumenter.document_sub_resources,self;section,0,cls": ["1.7.81", "1.7.82", "1.7.83", "1.7.84", "1.8.0", "1.8.1"], "boto3.docs.resource.document_attribute,section;service_name;resource_name;attr_name;event_emitter;attr_model;include_signature,1,func": ["1.7.81", "1.7.82", "1.7.83", "1.7.84", "1.8.0", "1.8.1"], "boto3.docs.resource.document_identifier,section;resource_name;identifier_model;include_signature,1,func": ["1.7.81", "1.7.82", "1.7.83", "1.7.84", "1.8.0", "1.8.1"], "boto3.docs.resource.document_reference,section;reference_model;include_signature,1,func": ["1.7.81", "1.7.82", "1.7.83", "1.7.84", "1.8.0", "1.8.1"], "boto3.docs.resource.get_identifier_args_for_signature,identifier_names,0,func": ["1.7.81", "1.7.82", "1.7.83", "1.7.84", "1.8.0", "1.8.1"], "boto3.docs.resource.get_identifier_values_for_example,identifier_names,0,func": ["1.7.81", "1.7.82", "1.7.83", "1.7.84", "1.8.0", "1.8.1"], "boto3.docs.resource.get_identifier_description,resource_name;identifier_name,0,func": ["1.7.81", "1.7.82", "1.7.83", "1.7.84", "1.8.0", "1.8.1"], "boto3.docs.resource.add_resource_type_overview,section;resource_type;description;intro_link,1,func": ["1.7.81", "1.7.82", "1.7.83", "1.7.84", "1.8.0", "1.8.1"], "boto3.docs.ServiceDocumenter,self;service_name;session,0": ["1.7.81", "1.7.82", "1.7.83", "1.7.84", "1.8.0", "1.8.1"], "boto3.docs.ServiceDocumenter.document_service,self,0,cls": ["1.7.81", "1.7.82", "1.7.83", "1.7.84", "1.8.0", "1.8.1"], "boto3.docs.ServiceDocumenter.client_api,self;section,0,cls": ["1.7.81", "1.7.82", "1.7.83", "1.7.84", "1.8.0", "1.8.1"], "boto3.docs.waiter.document_resource_waiter,section;resource_name;event_emitter;service_model;resource_waiter_model;service_waiter_model;include_signature,1,func": ["1.7.81", "1.7.82", "1.7.83", "1.7.84", "1.8.0", "1.8.1"], "boto3.docs.waiter.BaseDocumenter,self;resource,0": ["1.7.81", "1.7.82", "1.7.83", "1.7.84", "1.8.0", "1.8.1"], "boto3.docs.waiter.BaseDocumenter.class_name,self,0,cls": ["1.7.81", "1.7.82", "1.7.83", "1.7.84", "1.8.0", "1.8.1"], "boto3.docs.waiter.get_resource_ignore_params,params,0,func": ["1.7.81", "1.7.82", "1.7.83", "1.7.84", "1.8.0", "1.8.1"], "boto3.docs.waiter.add_resource_type_overview,section;resource_type;description;intro_link,1,func": ["1.7.81", "1.7.82", "1.7.83", "1.7.84", "1.8.0", "1.8.1"], "boto3.docs.action.BaseDocumenter,self;resource,0": ["1.7.81", "1.7.82", "1.7.83", "1.7.84", "1.8.0", "1.8.1"], "boto3.docs.action.BaseDocumenter.class_name,self,0,cls": ["1.7.81", "1.7.82", "1.7.83", "1.7.84", "1.8.0", "1.8.1"], "boto3.docs.action.document_model_driven_resource_method,section;method_name;operation_model;event_emitter;method_description;example_prefix;include_input;include_output;exclude_input;exclude_output;document_output;resource_action_model;include_signature,9,func": ["1.7.81", "1.7.82", "1.7.83", "1.7.84", "1.8.0", "1.8.1"], "boto3.docs.action.get_resource_ignore_params,params,0,func": ["1.7.81", "1.7.82", "1.7.83", "1.7.84", "1.8.0", "1.8.1"], "boto3.docs.action.get_resource_public_actions,resource_class,0,func": ["1.7.81", "1.7.82", "1.7.83", "1.7.84", "1.8.0", "1.8.1"], "boto3.docs.action.add_resource_type_overview,section;resource_type;description;intro_link,1,func": ["1.7.81", "1.7.82", "1.7.83", "1.7.84", "1.8.0", "1.8.1"], "boto3.docs.docstring.CollectionDocstring,,": ["1.7.81", "1.7.82", "1.7.83", "1.7.84", "1.8.0", "1.8.1"], "boto3.docs.docstring.CollectionMethodDocstring,,": ["1.7.81", "1.7.82", "1.7.83", "1.7.84", "1.8.0", "1.8.1"], "boto3.docs.docstring.BatchActionDocstring,,": ["1.7.81", "1.7.82", "1.7.83", "1.7.84", "1.8.0", "1.8.1"], "boto3.docs.docstring.ResourceWaiterDocstring,,": ["1.7.81", "1.7.82", "1.7.83", "1.7.84", "1.8.0", "1.8.1"], "boto3.docs.docstring.document_action,section;resource_name;event_emitter;action_model;service_model;include_signature,1,func": ["1.7.81", "1.7.82", "1.7.83", "1.7.84", "1.8.0", "1.8.1"], "boto3.docs.docstring.document_load_reload_action,section;action_name;resource_name;event_emitter;load_model;service_model;include_signature,1,func": ["1.7.81", "1.7.82", "1.7.83", "1.7.84", "1.8.0", "1.8.1"], "boto3.docs.docstring.document_sub_resource,section;resource_name;sub_resource_model;service_model;include_signature,1,func": ["1.7.81", "1.7.82", "1.7.83", "1.7.84", "1.8.0", "1.8.1"], "boto3.docs.docstring.document_attribute,section;service_name;resource_name;attr_name;event_emitter;attr_model;include_signature,1,func": ["1.7.81", "1.7.82", "1.7.83", "1.7.84", "1.8.0", "1.8.1"], "boto3.docs.docstring.document_identifier,section;resource_name;identifier_model;include_signature,1,func": ["1.7.81", "1.7.82", "1.7.83", "1.7.84", "1.8.0", "1.8.1"], "boto3.docs.docstring.document_reference,section;reference_model;include_signature,1,func": ["1.7.81", "1.7.82", "1.7.83", "1.7.84", "1.8.0", "1.8.1"], "boto3.docs.docstring.document_collection_object,section;collection_model;include_signature,1,func": ["1.7.81", "1.7.82", "1.7.83", "1.7.84", "1.8.0", "1.8.1"], "boto3.docs.docstring.document_collection_method,section;resource_name;action_name;event_emitter;collection_model;service_model;include_signature,1,func": ["1.7.81", "1.7.82", "1.7.83", "1.7.84", "1.8.0", "1.8.1"], "boto3.docs.docstring.document_batch_action,section;resource_name;event_emitter;batch_action_model;service_model;collection_model;include_signature,1,func": ["1.7.81", "1.7.82", "1.7.83", "1.7.84", "1.8.0", "1.8.1"], "boto3.docs.docstring.document_resource_waiter,section;resource_name;event_emitter;service_model;resource_waiter_model;service_waiter_model;include_signature,1,func": ["1.7.81", "1.7.82", "1.7.83", "1.7.84", "1.8.0", "1.8.1"], "boto3.docs.collection.document_collection_object,section;collection_model;include_signature,1,func": ["1.7.81", "1.7.82", "1.7.83", "1.7.84", "1.8.0", "1.8.1"], "boto3.docs.collection.document_batch_action,section;resource_name;event_emitter;batch_action_model;service_model;collection_model;include_signature,1,func": ["1.7.81", "1.7.82", "1.7.83", "1.7.84", "1.8.0", "1.8.1"], "boto3.docs.collection.document_collection_method,section;resource_name;action_name;event_emitter;collection_model;service_model;include_signature,1,func": ["1.7.81", "1.7.82", "1.7.83", "1.7.84", "1.8.0", "1.8.1"], "boto3.docs.collection.BaseDocumenter,self;resource,0": ["1.7.81", "1.7.82", "1.7.83", "1.7.84", "1.8.0", "1.8.1"], "boto3.docs.collection.BaseDocumenter.class_name,self,0,cls": ["1.7.81", "1.7.82", "1.7.83", "1.7.84", "1.8.0", "1.8.1"], "boto3.docs.collection.get_resource_ignore_params,params,0,func": ["1.7.81", "1.7.82", "1.7.83", "1.7.84", "1.8.0", "1.8.1"], "boto3.docs.collection.add_resource_type_overview,section;resource_type;description;intro_link,1,func": ["1.7.81", "1.7.82", "1.7.83", "1.7.84", "1.8.0", "1.8.1"], "boto3.docs.collection.document_model_driven_resource_method,section;method_name;operation_model;event_emitter;method_description;example_prefix;include_input;include_output;exclude_input;exclude_output;document_output;resource_action_model;include_signature,9,func": ["1.7.81", "1.7.82", "1.7.83", "1.7.84", "1.8.0", "1.8.1"], "boto3.docs.attr.ResourceShapeDocumenter,,": ["1.7.81", "1.7.82", "1.7.83", "1.7.84", "1.8.0", "1.8.1"], "boto3.docs.attr.document_attribute,section;service_name;resource_name;attr_name;event_emitter;attr_model;include_signature,1,func": ["1.7.81", "1.7.82", "1.7.83", "1.7.84", "1.8.0", "1.8.1"], "boto3.docs.attr.get_identifier_description,resource_name;identifier_name,0,func": ["1.7.81", "1.7.82", "1.7.83", "1.7.84", "1.8.0", "1.8.1"], "boto3.docs.subresource.BaseDocumenter,self;resource,0": ["1.7.81", "1.7.82", "1.7.83", "1.7.84", "1.8.0", "1.8.1"], "boto3.docs.subresource.BaseDocumenter.class_name,self,0,cls": ["1.7.81", "1.7.82", "1.7.83", "1.7.84", "1.8.0", "1.8.1"], "boto3.docs.subresource.get_identifier_args_for_signature,identifier_names,0,func": ["1.7.81", "1.7.82", "1.7.83", "1.7.84", "1.8.0", "1.8.1"], "boto3.docs.subresource.get_identifier_values_for_example,identifier_names,0,func": ["1.7.81", "1.7.82", "1.7.83", "1.7.84", "1.8.0", "1.8.1"], "boto3.docs.subresource.get_identifier_description,resource_name;identifier_name,0,func": ["1.7.81", "1.7.82", "1.7.83", "1.7.84", "1.8.0", "1.8.1"], "boto3.docs.subresource.add_resource_type_overview,section;resource_type;description;intro_link,1,func": ["1.7.81", "1.7.82", "1.7.83", "1.7.84", "1.8.0", "1.8.1"], "boto3.ec2.deletetags.inject_delete_tags,event_emitter,0,func": ["1.7.81", "1.7.82", "1.7.83", "1.7.84", "1.8.0", "1.8.1"], "boto3.ec2.deletetags.delete_tags,self,0,func": ["1.7.81", "1.7.82", "1.7.83", "1.7.84", "1.8.0", "1.8.1"], "boto3.ec2.deletetags.CustomModeledAction,self;action_name;action_model;function;event_emitter,0": ["1.7.81", "1.7.82", "1.7.83", "1.7.84", "1.8.0", "1.8.1"], "boto3.ec2.deletetags.CustomModeledAction.inject,self;class_attributes;service_context;event_name,0,cls": ["1.7.81", "1.7.82", "1.7.83", "1.7.84", "1.8.0", "1.8.1"]}, "version": ["0.0.1", "0.0.2", "0.0.3", "0.0.4", "0.0.5", "0.0.6", "0.0.7", "0.0.8", "0.0.9", "0.0.10", "0.0.11", "0.0.12", "0.0.13", "0.0.14", "0.0.15", "0.0.16", "0.0.17", "0.0.18", "0.0.19", "0.0.20", "0.0.21", "0.0.22", "1.0.0", "1.0.1", "1.1.0", "1.1.1", "1.1.2", "1.1.3", "1.1.4", "1.2.0", "1.2.1", "1.2.2", "1.2.3", "1.2.4", "1.2.5", "1.2.6", "1.3.0", "1.3.1", "1.4.0", "1.4.1", "1.4.2", "1.4.3", "1.4.4", "1.4.5", "1.4.6", "1.4.7", "1.4.8", "1.5.0", "1.5.1", "1.5.2", "1.5.3", "1.5.4", "1.5.5", "1.5.6", "1.5.7", "1.5.8", "1.5.9", "1.5.10", "1.5.11", "1.5.12", "1.5.13", "1.5.14", "1.5.15", "1.5.16", "1.5.17", "1.5.18", "1.5.19", "1.5.20", "1.5.21", "1.5.22", "1.5.23", "1.5.24", "1.5.25", "1.5.26", "1.5.27", "1.5.28", "1.5.29", "1.5.30", "1.5.31", "1.5.32", "1.5.33", "1.5.34", "1.5.35", "1.5.36", "1.6.0", "1.6.1", "1.6.2", "1.6.3", "1.6.4", "1.6.5", "1.6.6", "1.6.7", "1.6.8", "1.6.9", "1.6.10", "1.6.11", "1.6.12", "1.6.13", "1.6.14", "1.6.15", "1.6.16", "1.6.17", "1.6.18", "1.6.19", "1.6.20", "1.6.21", "1.6.22", "1.6.23", "1.7.0", "1.7.1", "1.7.2", "1.7.3", "1.7.4", "1.7.5", "1.7.6", "1.7.7", "1.7.8", "1.7.9", "1.7.10", "1.7.11", "1.7.12", "1.7.13", "1.7.14", "1.7.15", "1.7.16", "1.7.17", "1.7.18", "1.7.19", "1.7.20", "1.7.21", "1.7.22", "1.7.23", "1.7.24", "1.7.25", "1.7.26", "1.7.27", "1.7.28", "1.7.29", "1.7.30", "1.7.31", "1.7.32", "1.7.33", "1.7.34", "1.7.35", "1.7.36", "1.7.37", "1.7.38", "1.7.39", "1.7.40", "1.7.41", "1.7.42", "1.7.43", "1.7.44", "1.7.45", "1.7.46", "1.7.47", "1.7.48", "1.7.49", "1.7.50", "1.7.51", "1.7.52", "1.7.53", "1.7.54", "1.7.55", "1.7.56", "1.7.57", "1.7.58", "1.7.59", "1.7.60", "1.7.61", "1.7.62", "1.7.63", "1.7.64", "1.7.65", "1.7.66", "1.7.67", "1.7.68", "1.7.69", "1.7.70", "1.7.71", "1.7.72", "1.7.73", "1.7.74", "1.7.75", "1.7.76", "1.7.77", "1.7.78", "1.7.79", "1.7.80", "1.7.81", "1.7.82", "1.7.83", "1.7.84", "1.8.0", "1.8.1", "1.8.2", "1.8.3", "1.8.4", "1.8.5", "1.8.6", "1.8.7", "1.8.8", "1.8.9", "1.9.0", "1.9.1", "1.9.2", "1.9.3", "1.9.4", "1.9.5", "1.9.6", "1.9.7", "1.9.8", "1.9.9", "1.9.10", "1.9.11", "1.9.12", "1.9.13", "1.9.14", "1.9.15", "1.9.16", "1.9.17", "1.9.18", "1.9.19", "1.9.20", "1.9.21", "1.9.22", "1.9.23", "1.9.24", "1.9.25", "1.9.26", "1.9.27", "1.9.28", "1.9.29", "1.9.30", "1.9.31", "1.9.32", "1.9.33", "1.9.34", "1.9.35", "1.9.36", "1.9.37", "1.9.38", "1.9.39", "1.9.40", "1.9.41", "1.9.42", "1.9.43", "1.9.44", "1.9.45", "1.9.46", "1.9.47", "1.9.48", "1.9.49", "1.9.50", "1.9.51", "1.9.52", "1.9.53", "1.9.54", "1.9.55", "1.9.56", "1.9.57", "1.9.58", "1.9.59", "1.9.60", "1.9.61", "1.9.62", "1.9.63", "1.9.64", "1.9.65", "1.9.66", "1.9.67", "1.9.68", "1.9.69", "1.9.70", "1.9.71", "1.9.72", "1.9.73", "1.9.74", "1.9.75", "1.9.76", "1.9.77", "1.9.78", "1.9.79", "1.9.80", "1.9.81", "1.9.82", "1.9.83", "1.9.84", "1.9.85", "1.9.86", "1.9.87", "1.9.88", "1.9.89", "1.9.90", "1.9.91", "1.9.92", "1.9.93", "1.9.94", "1.9.95", "1.9.96", "1.9.97", "1.9.98", "1.9.99", "1.9.100", "1.9.101", "1.9.102", "1.9.103", "1.9.104", "1.9.105", "1.9.106", "1.9.107", "1.9.108", "1.9.109", "1.9.110", "1.9.111", "1.9.112", "1.9.113", "1.9.114", "1.9.115", "1.9.116", "1.9.117", "1.9.118", "1.9.119", "1.9.120", "1.9.121", "1.9.122", "1.9.123", "1.9.124", "1.9.125", "1.9.126", "1.9.127", "1.9.128", "1.9.129", "1.9.130", "1.9.131", "1.9.132", "1.9.133", "1.9.134", "1.9.135", "1.9.136", "1.9.137", "1.9.138", "1.9.139", "1.9.140", "1.9.141", "1.9.142", "1.9.143", "1.9.144", "1.9.145", "1.9.146", "1.9.147", "1.9.148", "1.9.149", "1.9.150", "1.9.151", "1.9.152", "1.9.153", "1.9.154", "1.9.155", "1.9.156", "1.9.157", "1.9.158", "1.9.159", "1.9.160", "1.9.161", "1.9.162", "1.9.163", "1.9.164", "1.9.165", "1.9.166", "1.9.167", "1.9.168", "1.9.169", "1.9.170", "1.9.171", "1.9.172", "1.9.173", "1.9.174", "1.9.175", "1.9.176", "1.9.177", "1.9.178", "1.9.179", "1.9.180", "1.9.181", "1.9.182", "1.9.183", "1.9.184", "1.9.185", "1.9.186", "1.9.187", "1.9.188", "1.9.189", "1.9.190", "1.9.191", "1.9.192", "1.9.193", "1.9.194", "1.9.195", "1.9.196", "1.9.197", "1.9.198", "1.9.199", "1.9.200", "1.9.201", "1.9.202", "1.9.203", "1.9.204", "1.9.205", "1.9.206", "1.9.207", "1.9.208", "1.9.209", "1.9.210", "1.9.211", "1.9.212", "1.9.213", "1.9.214", "1.9.215", "1.9.216", "1.9.217", "1.9.218", "1.9.219", "1.9.220", "1.9.221", "1.9.222", "1.9.223", "1.9.224", "1.9.225", "1.9.226", "1.9.227", "1.9.228", "1.9.229", "1.9.230", "1.9.231", "1.9.232", "1.9.233", "1.9.234", "1.9.235", "1.9.236", "1.9.237", "1.9.238", "1.9.239", "1.9.240", "1.9.241", "1.9.242", "1.9.243", "1.9.244", "1.9.245", "1.9.246", "1.9.247", "1.9.248", "1.9.249", "1.9.250", "1.9.251", "1.9.252", "1.9.253", "1.10.0", "1.10.1", "1.10.2", "1.10.3", "1.10.4", "1.10.5", "1.10.6", "1.10.7", "1.10.8", "1.10.9", "1.10.10", "1.10.11", "1.10.12", "1.10.13", "1.10.14", "1.10.15", "1.10.16", "1.10.17", "1.10.18", "1.10.19", "1.10.20", "1.10.21", "1.10.22", "1.10.23", "1.10.24", "1.10.25", "1.10.26", "1.10.27", "1.10.28", "1.10.29", "1.10.30", "1.10.31", "1.10.32", "1.10.33", "1.10.34", "1.10.35", "1.10.36", "1.10.37", "1.10.38", "1.10.39", "1.10.40", "1.10.41", "1.10.42", "1.10.43", "1.10.44", "1.10.45", "1.10.46", "1.10.47", "1.10.48", "1.10.49", "1.10.50", "1.11.0", "1.11.1", "1.11.2", "1.11.3", "1.11.4", "1.11.5", "1.11.6", "1.11.7", "1.11.8", "1.11.9", "1.11.10", "1.11.11", "1.11.12", "1.11.13", "1.11.14", "1.11.15", "1.11.16", "1.11.17", "1.12.0", "1.12.1", "1.12.2", "1.12.3", "1.12.4", "1.12.5", "1.12.6", "1.12.7", "1.12.8", "1.12.9", "1.12.10", "1.12.11", "1.12.12", "1.12.13", "1.12.14", "1.12.15", "1.12.16", "1.12.17", "1.12.18", "1.12.19", "1.12.20", "1.12.21", "1.12.22", "1.12.23", "1.12.24", "1.12.25", "1.12.26", "1.12.27", "1.12.28", "1.12.29", "1.12.30", "1.12.31", "1.12.32", "1.12.33", "1.12.34", "1.12.35", "1.12.36", "1.12.37", "1.12.38", "1.12.39", "1.12.40", "1.12.41", "1.12.42", "1.12.43", "1.12.44", "1.12.45", "1.12.46", "1.12.47", "1.12.48", "1.12.49", "1.13.0", "1.13.1", "1.13.2", "1.13.3", "1.13.4", "1.13.5", "1.13.6", "1.13.7", "1.13.8", "1.13.9", "1.13.10", "1.13.11", "1.13.12", "1.13.13", "1.13.14", "1.13.15", "1.13.16", "1.13.17", "1.13.18", "1.13.19", "1.13.20", "1.13.21", "1.13.22", "1.13.23", "1.13.24", "1.13.25", "1.13.26", "1.14.0", "1.14.1", "1.14.2", "1.14.3", "1.14.4", "1.14.5", "1.14.6", "1.14.7", "1.14.8", "1.14.9", "1.14.10", "1.14.11", "1.14.12", "1.14.13", "1.14.14", "1.14.15", "1.14.16", "1.14.17", "1.14.18", "1.14.19", "1.14.20", "1.14.21", "1.14.22", "1.14.23", "1.14.24", "1.14.25", "1.14.26", "1.14.27", "1.14.28", "1.14.29", "1.14.30", "1.14.31", "1.14.32", "1.14.33", "1.14.34", "1.14.35", "1.14.36", "1.14.37", "1.14.38", "1.14.39", "1.14.40", "1.14.41", "1.14.42", "1.14.43", "1.14.44", "1.14.45", "1.14.46", "1.14.47", "1.14.48", "1.14.49", "1.14.50", "1.14.51", "1.14.52", "1.14.53", "1.14.54", "1.14.55", "1.14.56", "1.14.57", "1.14.58", "1.14.59", "1.14.60", "1.14.61", "1.14.62", "1.14.63", "1.15.0", "1.15.1", "1.15.2", "1.15.3", "1.15.4", "1.15.5", "1.15.6", "1.15.7", "1.15.8", "1.15.9", "1.15.10", "1.15.11", "1.15.12", "1.15.13", "1.15.14", "1.15.15", "1.15.16", "1.15.17", "1.15.18", "1.16.0", "1.16.1", "1.16.2", "1.16.3", "1.16.4", "1.16.5", "1.16.6", "1.16.7", "1.16.8", "1.16.9", "1.16.10", "1.16.11", "1.16.12", "1.16.13", "1.16.14", "1.16.15", "1.16.16", "1.16.17", "1.16.18", "1.16.19", "1.16.20", "1.16.21", "1.16.22", "1.16.23", "1.16.24", "1.16.25", "1.16.26", "1.16.27", "1.16.28", "1.16.29", "1.16.30", "1.16.31", "1.16.32", "1.16.33", "1.16.34", "1.16.35", "1.16.36", "1.16.37", "1.16.38", "1.16.39", "1.16.40", "1.16.41", "1.16.42", "1.16.43", "1.16.44", "1.16.45", "1.16.46", "1.16.47", "1.16.48", "1.16.49", "1.16.50", "1.16.51", "1.16.52", "1.16.53", "1.16.54", "1.16.55", "1.16.56", "1.16.57", "1.16.58", "1.16.59", "1.16.60", "1.16.61", "1.16.62", "1.16.63", "1.17.0", "1.17.1", "1.17.2", "1.17.3", "1.17.4", "1.17.5", "1.17.6", "1.17.7", "1.17.8", "1.17.9", "1.17.10", "1.17.11", "1.17.12", "1.17.13", "1.17.14", "1.17.15", "1.17.16", "1.17.17", "1.17.18", "1.17.19", "1.17.20", "1.17.21", "1.17.22", "1.17.23", "1.17.24", "1.17.25", "1.17.26", "1.17.27", "1.17.28", "1.17.29", "1.17.30", "1.17.31", "1.17.32", "1.17.33", "1.17.34", "1.17.35", "1.17.36", "1.17.37", "1.17.38", "1.17.39", "1.17.40", "1.17.41", "1.17.42", "1.17.43", "1.17.44", "1.17.45", "1.17.46", "1.17.47", "1.17.48", "1.17.49", "1.17.50", "1.17.51", "1.17.52", "1.17.53", "1.17.54", "1.17.55", "1.17.56", "1.17.57", "1.17.58", "1.17.59", "1.17.60", "1.17.61", "1.17.62", "1.17.63", "1.17.64", "1.17.65", "1.17.66", "1.17.67", "1.17.68", "1.17.69", "1.17.70", "1.17.71", "1.17.72", "1.17.73", "1.17.74", "1.17.75", "1.17.76", "1.17.77", "1.17.78", "1.17.79", "1.17.80", "1.17.81", "1.17.82", "1.17.83", "1.17.84", "1.17.85", "1.17.86", "1.17.87", "1.17.88", "1.17.89", "1.17.90", "1.17.91", "1.17.92", "1.17.93", "1.17.94", "1.17.95", "1.17.96", "1.17.97", "1.17.98", "1.17.99", "1.17.100", "1.17.101", "1.17.102", "1.17.103", "1.17.104", "1.17.105", "1.17.106", "1.17.107", "1.17.108", "1.17.109", "1.17.110", "1.17.111", "1.17.112", "1.18.0", "1.18.1", "1.18.2", "1.18.3", "1.18.4", "1.18.5", "1.18.6", "1.18.7", "1.18.8", "1.18.9", "1.18.10", "1.18.11", "1.18.12", "1.18.13", "1.18.14", "1.18.15", "1.18.16", "1.18.17", "1.18.18", "1.18.19", "1.18.20", "1.18.21", "1.18.22", "1.18.23", "1.18.24", "1.18.25", "1.18.26", "1.18.27", "1.18.28", "1.18.29", "1.18.30", "1.18.31", "1.18.32", "1.18.33", "1.18.34", "1.18.35", "1.18.36", "1.18.37", "1.18.38", "1.18.39", "1.18.40", "1.18.41", "1.18.42", "1.18.43", "1.18.44", "1.18.45", "1.18.46", "1.18.47", "1.18.48", "1.18.49", "1.18.50", "1.18.51", "1.18.52", "1.18.53", "1.18.54", "1.18.55", "1.18.56", "1.18.57", "1.18.58", "1.18.59", "1.18.60", "1.18.61", "1.18.62", "1.18.63", "1.18.64", "1.18.65", "1.19.0", "1.19.1", "1.19.2", "1.19.3", "1.19.4", "1.19.5", "1.19.6", "1.19.7", "1.19.8", "1.19.9", "1.19.10", "1.19.11", "1.19.12", "1.20.0", "1.20.1", "1.20.2", "1.20.3", "1.20.4", "1.20.5", "1.20.6", "1.20.7", "1.20.8", "1.20.9", "1.20.10", "1.20.11", "1.20.12", "1.20.13", "1.20.14", "1.20.15", "1.20.16", "1.20.17", "1.20.18", "1.20.19", "1.20.20", "1.20.21", "1.20.22", "1.20.23", "1.20.24", "1.20.25", "1.20.26", "1.20.27", "1.20.28", "1.20.29", "1.20.30", "1.20.31", "1.20.32", "1.20.33", "1.20.34", "1.20.35", "1.20.36", "1.20.37", "1.20.38", "1.20.39", "1.20.40", "1.20.41", "1.20.42", "1.20.43", "1.20.44", "1.20.45", "1.20.46", "1.20.47", "1.20.48", "1.20.49", "1.20.50", "1.20.51", "1.20.52", "1.20.53", "1.20.54", "1.21.0", "1.21.1", "1.21.2", "1.21.3", "1.21.4", "1.21.5", "1.21.6", "1.21.7", "1.21.8", "1.21.9", "1.21.10", "1.21.11", "1.21.12", "1.21.13", "1.21.14", "1.21.15", "1.21.16", "1.21.17", "1.21.18", "1.21.19", "1.21.20", "1.21.21", "1.21.22", "1.21.23", "1.21.24", "1.21.25", "1.21.26", "1.21.27", "1.21.28", "1.21.29", "1.21.30", "1.21.31", "1.21.32", "1.21.33", "1.21.34", "1.21.35", "1.21.36", "1.21.37", "1.21.38", "1.21.39", "1.21.40", "1.21.41", "1.21.42", "1.21.43", "1.21.44", "1.21.45", "1.21.46", "1.22.0", "1.22.1", "1.22.2", "1.22.3", "1.22.4", "1.22.5", "1.22.6", "1.22.7", "1.22.8", "1.22.9", "1.22.10", "1.22.11", "1.22.12", "1.22.13", "1.23.0", "1.23.1", "1.23.2", "1.23.3", "1.23.4", "1.23.5", "1.23.6", "1.23.7", "1.23.8", "1.23.9", "1.23.10", "1.24.0", "1.24.1", "1.24.2", "1.24.3", "1.24.4", "1.24.5", "1.24.6", "1.24.7", "1.24.8", "1.24.9", "1.24.10", "1.24.11", "1.24.12", "1.24.13", "1.24.14", "1.24.15", "1.24.16", "1.24.17", "1.24.18", "1.24.19", "1.24.20", "1.24.21", "1.24.22", "1.24.23", "1.24.24", "1.24.25", "1.24.26", "1.24.27", "1.24.28", "1.24.29", "1.24.30", "1.24.31", "1.24.32", "1.24.33", "1.24.34", "1.24.35", "1.24.36", "1.24.37", "1.24.38", "1.24.39", "1.24.40", "1.24.41", "1.24.42", "1.24.43", "1.24.44", "1.24.45", "1.24.46", "1.24.47", "1.24.48", "1.24.49", "1.24.50", "1.24.51", "1.24.52", "1.24.53", "1.24.54", "1.24.55", "1.24.56", "1.24.57", "1.24.58", "1.24.59", "1.24.60", "1.24.61", "1.24.62", "1.24.63", "1.24.64", "1.24.65", "1.24.66", "1.24.67", "1.24.68", "1.24.69", "1.24.70", "1.24.71", "1.24.72", "1.24.73", "1.24.74", "1.24.75", "1.24.76", "1.24.77", "1.24.78", "1.24.79", "1.24.80", "1.24.81", "1.24.82", "1.24.83", "1.24.84", "1.24.85", "1.24.86", "1.24.87", "1.24.88", "1.24.89", "1.24.90", "1.24.91", "1.24.92", "1.24.93", "1.24.94", "1.24.95", "1.24.96", "1.25.0", "1.25.1", "1.25.2", "1.25.3", "1.25.4", "1.25.5", "1.26.0", "1.26.1", "1.26.2", "1.26.3", "1.26.4", "1.26.5", "1.26.6", "1.26.7"]}