{"module": ["cloudpickle/2.2.0/tmp/cloudpickle"], "API": {"cloudpickle.cloudpickle.islambda,func,0,func": ["0.1.0", "0.1.1", "0.2.1", "0.2.2", "0.3.0", "0.3.1", "0.4.0", "0.4.1", "0.4.2", "0.4.3", "0.4.4", "0.5.0", "0.5.1", "0.5.2", "0.5.3", "0.5.4", "0.5.5", "0.5.6", "0.6.0", "0.6.1", "0.7.0", "0.8.0", "0.8.1", "1.0.0", "1.1.1"], "cloudpickle.cloudpickle.CloudPickler,self;file;protocol,1": ["0.1.0", "0.1.1", "0.2.1", "0.2.2", "0.3.0", "0.3.1", "0.4.0", "0.4.1", "0.4.2", "0.4.3", "0.4.4", "0.5.0", "0.5.1", "0.5.2", "0.5.3", "0.5.4", "0.5.5", "0.5.6", "0.6.0", "0.6.1", "0.7.0", "0.8.0", "0.8.1", "1.0.0", "1.1.1", "1.2.0", "1.2.1", "1.2.2", "1.3.0", "1.4.0", "1.4.1"], "cloudpickle.cloudpickle.CloudPickler.dump,self;obj,0,cls": ["0.1.0", "0.1.1", "0.2.1", "0.2.2", "0.3.0", "0.3.1", "0.4.0", "0.4.1", "0.4.2", "0.4.3", "0.4.4", "0.5.0", "0.5.1", "0.5.2", "0.5.3", "0.5.4", "0.5.5", "0.5.6", "0.6.0", "0.6.1", "0.7.0", "0.8.0", "0.8.1", "1.0.0", "1.1.1", "1.2.0", "1.2.1", "1.2.2", "1.3.0", "1.4.0", "1.4.1"], "cloudpickle.cloudpickle.CloudPickler.save_memoryview,self;obj,0,cls": ["0.1.0", "0.1.1", "0.2.1", "0.2.2", "0.3.0", "0.3.1", "0.4.0", "0.4.1", "0.4.2", "0.4.3", "0.4.4", "0.5.0", "0.5.1", "0.5.2", "0.5.3", "0.5.4", "0.5.5", "0.5.6", "0.6.0", "0.6.1", "0.7.0", "0.8.0", "0.8.1", "1.0.0", "1.1.1", "1.2.0", "1.2.1", "1.2.2", "1.3.0", "1.4.0", "1.4.1"], "cloudpickle.cloudpickle.CloudPickler.save_buffer,self;obj,0,cls": ["0.1.0", "0.1.1", "0.2.1", "0.2.2", "0.3.0", "0.3.1", "0.4.0", "0.4.1", "0.4.2", "0.4.3", "0.4.4", "0.5.0", "0.5.1", "0.5.2", "0.5.3", "0.5.4", "0.5.5", "0.5.6", "0.6.0", "0.6.1", "0.7.0", "0.8.0", "0.8.1", "1.0.0", "1.1.1", "1.2.0", "1.2.1", "1.2.2", "1.3.0"], "cloudpickle.cloudpickle.CloudPickler.save_unsupported,self;obj,0,cls": ["0.1.0", "0.1.1", "0.2.1", "0.2.2", "0.3.0", "0.3.1", "0.4.0", "0.4.1", "0.4.2", "0.4.3", "0.4.4", "0.5.0", "0.5.1", "0.5.2"], "cloudpickle.cloudpickle.CloudPickler.save_module,self;obj,0,cls": ["0.1.0", "0.1.1", "0.2.1", "0.2.2", "0.3.0", "0.3.1", "0.4.0", "0.4.1", "0.4.2", "0.4.3", "0.4.4", "0.5.0", "0.5.1", "0.5.2", "0.5.3", "0.5.4", "0.5.5", "0.5.6", "0.6.0", "0.6.1", "0.7.0", "0.8.0", "0.8.1", "1.0.0", "1.1.1", "1.2.0", "1.2.1", "1.2.2", "1.3.0", "1.4.0", "1.4.1"], "cloudpickle.cloudpickle.CloudPickler.save_codeobject,self;obj,0,cls": ["0.1.0", "0.1.1", "0.2.1", "0.2.2", "0.3.0", "0.3.1", "0.4.0", "0.4.1", "0.4.2", "0.4.3", "0.4.4", "0.5.0", "0.5.1", "0.5.2", "0.5.3", "0.5.4", "0.5.5", "0.5.6", "0.6.0", "0.6.1", "0.7.0", "0.8.0", "0.8.1", "1.0.0", "1.1.1", "1.2.0", "1.2.1", "1.2.2", "1.3.0", "1.4.0", "1.4.1"], "cloudpickle.cloudpickle.CloudPickler.save_function,self;obj;name,1,cls": ["0.1.0", "0.1.1", "0.2.1", "0.2.2", "0.3.0", "0.3.1", "0.4.0", "0.4.1", "0.4.2", "0.4.3", "0.4.4", "0.5.0", "0.5.1", "0.5.2", "0.5.3", "0.5.4", "0.5.5", "0.5.6", "0.6.0", "0.6.1", "0.7.0", "0.8.0", "0.8.1", "1.0.0", "1.1.1", "1.2.0", "1.2.1", "1.2.2", "1.3.0", "1.4.0", "1.4.1"], "cloudpickle.cloudpickle.CloudPickler.save_function_tuple,self;func,0,cls": ["0.1.0", "0.1.1", "0.2.1", "0.2.2", "0.3.0", "0.3.1", "0.4.0", "0.4.1", "0.4.2", "0.4.3", "0.4.4", "0.5.0", "0.5.1", "0.5.2", "0.5.3", "0.5.4", "0.5.5", "0.5.6", "0.6.0", "0.6.1", "0.7.0", "0.8.0", "0.8.1", "1.0.0", "1.1.1", "1.2.0", "1.2.1", "1.2.2", "1.3.0", "1.4.0", "1.4.1"], "cloudpickle.cloudpickle.CloudPickler.extract_code_globals,co,0,cls": ["0.1.0", "0.1.1", "0.2.1"], "cloudpickle.cloudpickle.CloudPickler.extract_func_data,self;func,0,cls": ["0.1.0", "0.1.1", "0.2.1", "0.2.2", "0.3.0", "0.3.1", "0.4.0", "0.4.1", "0.4.2", "0.4.3", "0.4.4", "0.5.0", "0.5.1", "0.5.2", "0.5.3", "0.5.4", "0.5.5", "0.5.6", "0.6.0", "0.6.1", "0.7.0", "0.8.0", "0.8.1", "1.0.0", "1.1.1", "1.2.0", "1.2.1", "1.2.2", "1.3.0", "1.4.0", "1.4.1"], "cloudpickle.cloudpickle.CloudPickler.save_builtin_function,self;obj,0,cls": ["0.1.0", "0.1.1", "0.2.1", "0.2.2", "0.3.0", "0.3.1", "0.4.0", "0.4.1", "0.4.2", "0.4.3", "0.4.4", "0.5.0", "0.5.1", "0.5.2", "0.5.3", "0.5.4", "0.5.5", "0.5.6", "0.6.0", "0.6.1", "0.7.0", "0.8.0", "0.8.1", "1.0.0", "1.1.1"], "cloudpickle.cloudpickle.CloudPickler.save_global,self;obj;name;pack,2,cls": ["0.1.0", "0.1.1", "0.2.1", "0.2.2", "0.3.0", "0.3.1", "0.4.0", "0.4.1", "0.4.2", "0.4.3", "0.4.4", "0.5.0", "0.5.1", "0.5.2", "0.5.3", "0.5.4", "0.5.5", "0.5.6", "0.6.0", "0.6.1", "0.7.0", "0.8.0", "0.8.1", "1.0.0", "1.1.1", "1.2.0", "1.2.1", "1.2.2", "1.3.0", "1.4.0", "1.4.1"], "cloudpickle.cloudpickle.CloudPickler.save_instancemethod,self;obj,0,cls": ["0.1.0", "0.1.1", "0.2.1", "0.2.2", "0.3.0", "0.3.1", "0.4.0", "0.4.1", "0.4.2", "0.4.3", "0.4.4", "0.5.0", "0.5.1", "0.5.2", "0.5.3", "0.5.4", "0.5.5", "0.5.6", "0.6.0", "0.6.1", "0.7.0", "0.8.0", "0.8.1", "1.0.0", "1.1.1", "1.2.0", "1.2.1", "1.2.2", "1.3.0", "1.4.0", "1.4.1"], "cloudpickle.cloudpickle.CloudPickler.save_inst,self;obj,0,cls": ["0.1.0", "0.1.1", "0.2.1", "0.2.2", "0.3.0", "0.3.1", "0.4.0", "0.4.1", "0.4.2", "0.4.3", "0.4.4", "0.5.0", "0.5.1", "0.5.2", "0.5.3", "0.5.4", "0.5.5", "0.5.6", "0.6.0", "0.6.1", "0.7.0", "0.8.0", "0.8.1", "1.0.0", "1.1.1", "1.2.0", "1.2.1", "1.2.2", "1.3.0"], "cloudpickle.cloudpickle.CloudPickler.save_property,self;obj,0,cls": ["0.1.0", "0.1.1", "0.2.1", "0.2.2", "0.3.0", "0.3.1", "0.4.0", "0.4.1", "0.4.2", "0.4.3", "0.4.4", "0.5.0", "0.5.1", "0.5.2", "0.5.3", "0.5.4", "0.5.5", "0.5.6", "0.6.0", "0.6.1", "0.7.0", "0.8.0", "0.8.1", "1.0.0", "1.1.1", "1.2.0", "1.2.1", "1.2.2", "1.3.0", "1.4.0", "1.4.1"], "cloudpickle.cloudpickle.CloudPickler.save_itemgetter,self;obj,0,cls": ["0.1.0", "0.1.1", "0.2.1", "0.2.2", "0.3.0", "0.3.1", "0.4.0", "0.4.1", "0.4.2", "0.4.3", "0.4.4", "0.5.0", "0.5.1", "0.5.2", "0.5.3", "0.5.4", "0.5.5", "0.5.6", "0.6.0", "0.6.1", "0.7.0", "0.8.0", "0.8.1", "1.0.0", "1.1.1", "1.2.0", "1.2.1", "1.2.2", "1.3.0", "1.4.0", "1.4.1"], "cloudpickle.cloudpickle.CloudPickler.save_attrgetter,self;obj,0,cls": ["0.1.0", "0.1.1", "0.2.1", "0.2.2", "0.3.0", "0.3.1", "0.4.0", "0.4.1", "0.4.2", "0.4.3", "0.4.4", "0.5.0", "0.5.1", "0.5.2", "0.5.3", "0.5.4", "0.5.5", "0.5.6", "0.6.0", "0.6.1", "0.7.0", "0.8.0", "0.8.1", "1.0.0", "1.1.1", "1.2.0", "1.2.1", "1.2.2", "1.3.0", "1.4.0", "1.4.1"], "cloudpickle.cloudpickle.CloudPickler.save_reduce,self;func;args;state;listitems;dictitems;obj,4,cls": ["0.1.0", "0.1.1", "0.2.1", "0.2.2", "0.3.0", "0.3.1", "0.4.0"], "cloudpickle.cloudpickle.CloudPickler.save_partial,self;obj,0,cls": ["0.1.0", "0.1.1", "0.2.1", "0.2.2", "0.3.0", "0.3.1", "0.4.0", "0.4.1"], "cloudpickle.cloudpickle.CloudPickler.save_file,self;obj,0,cls": ["0.1.0", "0.1.1", "0.2.1", "0.2.2", "0.3.0", "0.3.1", "0.4.0", "0.4.1", "0.4.2", "0.4.3", "0.4.4", "0.5.0", "0.5.1", "0.5.2", "0.5.3", "0.5.4", "0.5.5", "0.5.6", "0.6.0", "0.6.1", "0.7.0", "0.8.0", "0.8.1", "1.0.0", "1.1.1", "1.2.0", "1.2.1", "1.2.2", "1.3.0", "1.4.0", "1.4.1"], "cloudpickle.cloudpickle.CloudPickler.inject_numpy,self,0,cls": ["0.1.0"], "cloudpickle.cloudpickle.CloudPickler.save_ufunc,self;obj,0,cls": ["0.1.0"], "cloudpickle.cloudpickle.CloudPickler.inject_addons,self,0,cls": ["0.1.0", "0.1.1", "0.2.1", "0.2.2", "0.3.0", "0.3.1", "0.4.0", "0.4.1", "0.4.2", "0.4.3", "0.4.4", "0.5.0", "0.5.1", "0.5.2", "0.5.3", "0.5.4", "0.5.5", "0.5.6", "0.6.0", "0.6.1", "0.7.0", "0.8.0", "0.8.1", "1.0.0", "1.1.1", "1.2.0", "1.2.1", "1.2.2", "1.3.0", "1.4.0", "1.4.1"], "cloudpickle.cloudpickle.dump,obj;file;protocol,1,func": ["0.1.0", "0.1.1", "0.2.1", "0.2.2", "0.3.0", "0.3.1", "0.4.0", "0.4.1", "0.4.2", "0.4.3", "0.4.4", "0.5.0", "0.5.1", "0.5.2", "0.5.3", "0.5.4", "0.5.5", "0.5.6", "0.6.0", "0.6.1", "0.7.0", "0.8.0", "0.8.1", "1.0.0", "1.1.1", "1.2.0", "1.2.1", "1.2.2", "1.3.0", "1.4.0", "1.4.1"], "cloudpickle.cloudpickle.dumps,obj;protocol,1,func": ["0.1.0", "0.1.1", "0.2.1", "0.2.2", "0.3.0", "0.3.1", "0.4.0", "0.4.1", "0.4.2", "0.4.3", "0.4.4", "0.5.0", "0.5.1", "0.5.2", "0.5.3", "0.5.4", "0.5.5", "0.5.6", "0.6.0", "0.6.1", "0.7.0", "0.8.0", "0.8.1", "1.0.0", "1.1.1", "1.2.0", "1.2.1", "1.2.2", "1.3.0", "1.4.0", "1.4.1"], "cloudpickle.cloudpickle.subimport,name,0,func": ["0.1.0", "0.1.1", "0.2.1", "0.2.2", "0.3.0", "0.3.1", "0.4.0", "0.4.1", "0.4.2", "0.4.3", "0.4.4", "0.5.0", "0.5.1", "0.5.2", "0.5.3", "0.5.4", "0.5.5", "0.5.6", "0.6.0", "0.6.1", "0.7.0", "0.8.0", "0.8.1", "1.0.0", "1.1.1", "1.2.0", "1.2.1", "1.2.2", "1.3.0", "1.4.0", "1.4.1", "1.5.0", "1.6.0", "2.0.0", "2.1.0", "2.2.0"], "cloudpickle.cloudpickle.print_exec,stream,0,func": ["0.1.0", "0.1.1", "0.2.1", "0.2.2", "0.3.0", "0.3.1", "0.4.0", "0.4.1", "0.4.2", "0.4.3", "0.4.4", "0.5.0", "0.5.1", "0.5.2", "0.5.3", "0.5.4", "0.5.5", "0.5.6", "0.6.0", "0.6.1", "0.7.0", "0.8.0"], "cloudpickle.cloudpickle.CloudPickler.save_classmethod,self;obj,0,cls": ["0.1.1", "0.2.1", "0.2.2", "0.3.0", "0.3.1", "0.4.0", "0.4.1", "0.4.2", "0.4.3", "0.4.4", "0.5.0", "0.5.1", "0.5.2", "0.5.3", "0.5.4", "0.5.5", "0.5.6", "0.6.0", "0.6.1", "0.7.0", "0.8.0", "0.8.1", "1.0.0", "1.1.1", "1.2.0", "1.2.1", "1.2.2", "1.3.0", "1.4.0", "1.4.1"], "cloudpickle.cloudpickle.CloudPickler.save_ellipsis,self;obj,0,cls": ["0.2.1", "0.2.2", "0.3.0", "0.3.1", "0.4.0", "0.4.1", "0.4.2", "0.4.3", "0.4.4", "0.5.0", "0.5.1", "0.5.2", "0.5.3", "0.5.4", "0.5.5", "0.5.6", "0.6.0", "0.6.1", "0.7.0", "0.8.0", "0.8.1", "1.0.0", "1.1.1", "1.2.0", "1.2.1", "1.2.2", "1.3.0", "1.4.0", "1.4.1"], "cloudpickle.cloudpickle.CloudPickler.save_not_implemented,self;obj,0,cls": ["0.2.1", "0.2.2", "0.3.0", "0.3.1", "0.4.0", "0.4.1", "0.4.2", "0.4.3", "0.4.4", "0.5.0", "0.5.1", "0.5.2", "0.5.3", "0.5.4", "0.5.5", "0.5.6", "0.6.0", "0.6.1", "0.7.0", "0.8.0", "0.8.1", "1.0.0", "1.1.1", "1.2.0", "1.2.1", "1.2.2", "1.3.0", "1.4.0", "1.4.1"], "cloudpickle.cloudpickle.dynamic_subimport,name;vars,0,func": ["0.2.1", "0.2.2", "0.3.0", "0.3.1", "0.4.0", "0.4.1", "0.4.2", "0.4.3", "0.4.4", "0.5.0", "0.5.1", "0.5.2", "0.5.3", "0.5.4", "0.5.5", "0.5.6", "0.6.0", "0.6.1", "0.7.0", "0.8.0", "0.8.1", "1.0.0", "1.1.1", "1.2.0", "1.2.1", "1.2.2", "1.3.0", "1.4.0", "1.4.1", "1.5.0", "1.6.0", "2.0.0", "2.1.0", "2.2.0"], "cloudpickle.cloudpickle.CloudPickler.extract_code_globals,cls;co,0,cls": ["0.2.2", "0.3.0", "0.3.1", "0.4.0", "0.4.1", "0.4.2", "0.4.3", "0.4.4", "0.5.0", "0.5.1", "0.5.2", "0.5.3", "0.5.4", "0.5.5", "0.5.6", "0.6.0", "0.6.1", "0.7.0", "0.8.0", "0.8.1", "1.0.0", "1.1.1"], "cloudpickle.cloudpickle.is_tornado_coroutine,func,0,func": ["0.2.2", "0.3.0", "0.3.1", "0.4.0", "0.4.1", "0.4.2", "0.4.3", "0.4.4", "0.5.0", "0.5.1", "0.5.2", "0.5.3", "0.5.4", "0.5.5", "0.5.6", "0.6.0", "0.6.1", "0.7.0", "0.8.0", "0.8.1", "1.0.0", "1.1.1", "1.2.0", "1.2.1", "1.2.2", "1.3.0", "1.4.0", "1.4.1", "1.5.0", "1.6.0", "2.0.0", "2.1.0", "2.2.0"], "cloudpickle.cloudpickle.cell_set,cell;value,0,func": ["0.3.0", "0.3.1", "0.4.0", "0.4.1", "0.4.2", "0.4.3", "0.4.4", "0.5.0", "0.5.1", "0.5.2", "0.5.3", "0.5.4", "0.5.5", "0.5.6", "0.6.0", "0.6.1", "0.7.0", "0.8.0", "0.8.1", "1.0.0", "1.1.1", "1.2.0", "1.2.1", "1.2.2", "1.3.0", "1.4.0", "1.4.1", "1.5.0", "1.6.0", "2.0.0", "2.1.0", "2.2.0"], "cloudpickle.cloudpickle.CloudPickler.save_dynamic_class,self;obj,0,cls": ["0.4.0", "0.4.1", "0.4.2", "0.4.3", "0.4.4", "0.5.0", "0.5.1", "0.5.2", "0.5.3", "0.5.4", "0.5.5", "0.5.6", "0.6.0", "0.6.1", "0.7.0", "0.8.0", "0.8.1", "1.0.0", "1.1.1", "1.2.0", "1.2.1", "1.2.2", "1.3.0", "1.4.0", "1.4.1"], "cloudpickle.cloudpickle.CloudPickler.save_weakset,self;obj,0,cls": ["0.4.0", "0.4.1", "0.4.2", "0.4.3", "0.4.4", "0.5.0", "0.5.1", "0.5.2", "0.5.3", "0.5.4", "0.5.5", "0.5.6", "0.6.0", "0.6.1", "0.7.0", "0.8.0", "0.8.1", "1.0.0", "1.1.1", "1.2.0", "1.2.1", "1.2.2", "1.3.0", "1.4.0", "1.4.1"], "cloudpickle.cloudpickle.CloudPickler.save_logger,self;obj,0,cls": ["0.4.0", "0.4.1", "0.4.2", "0.4.3", "0.4.4", "0.5.0", "0.5.1", "0.5.2", "0.5.3", "0.5.4", "0.5.5", "0.5.6", "0.6.0", "0.6.1", "0.7.0", "0.8.0", "0.8.1", "1.0.0", "1.1.1", "1.2.0", "1.2.1", "1.2.2", "1.3.0", "1.4.0", "1.4.1"], "cloudpickle.cloudpickle.instance,cls,0,func": ["0.4.0", "0.4.1", "0.4.2", "0.4.3", "0.4.4", "0.5.0", "0.5.1", "0.5.2", "0.5.3", "0.5.4", "0.5.5", "0.5.6", "0.6.0", "0.6.1", "0.7.0", "0.8.0", "0.8.1", "1.0.0", "1.1.1", "1.2.0", "1.2.1", "1.2.2", "1.3.0", "1.4.0", "1.4.1", "1.5.0", "1.6.0", "2.0.0", "2.1.0", "2.2.0"], "cloudpickle.cloudpickle.CloudPickler.save_root_logger,self;obj,0,cls": ["0.4.4", "0.5.3", "0.5.4", "0.5.5", "0.5.6", "0.6.0", "0.6.1", "0.7.0", "0.8.0", "0.8.1", "1.0.0", "1.1.1", "1.2.0", "1.2.1", "1.2.2", "1.3.0", "1.4.0", "1.4.1"], "cloudpickle.cloudpickle.CloudPickler.save_mappingproxy,self;obj,0,cls": ["0.8.0", "0.8.1", "1.0.0", "1.1.1", "1.2.0", "1.2.1", "1.2.2", "1.3.0", "1.4.0", "1.4.1"], "cloudpickle.cloudpickle.CloudPickler.save_pypy_builtin_func,self;obj,0,cls": ["1.2.0", "1.2.1", "1.2.2", "1.3.0", "1.4.0", "1.4.1"], "cloudpickle.cloudpickle.CloudPickler.save_builtin_function_or_method,self;obj,0,cls": ["1.2.0", "1.2.1", "1.2.2", "1.3.0"], "cloudpickle.cloudpickle_fast.dump,obj;file;protocol,1,func": ["1.2.0", "1.2.1", "1.2.2", "1.5.0", "1.6.0", "2.0.0", "2.1.0", "2.2.0"], "cloudpickle.cloudpickle_fast.dumps,obj;protocol,1,func": ["1.2.0", "1.2.1", "1.2.2", "1.5.0", "1.6.0", "2.0.0", "2.1.0", "2.2.0"], "cloudpickle.cloudpickle_fast.CloudPickler,self;file;protocol,1": ["1.2.0", "1.2.1", "1.2.2", "1.5.0", "1.6.0", "2.0.0", "2.1.0", "2.2.0"], "cloudpickle.cloudpickle_fast.CloudPickler.reducer_override,self;obj,0,cls": ["1.2.0", "1.2.1", "1.2.2", "1.3.0", "1.4.0", "1.4.1", "1.5.0", "1.6.0", "2.0.0", "2.1.0", "2.2.0"], "cloudpickle.cloudpickle_fast.CloudPickler.dump,self;obj,0,cls": ["1.2.0", "1.2.1", "1.2.2", "1.3.0", "1.4.0", "1.4.1", "1.5.0", "1.6.0", "2.0.0", "2.1.0", "2.2.0"], "cloudpickle.cloudpickle_fast.dynamic_subimport,name;vars,0,func": ["1.2.0", "1.2.1", "1.2.2", "1.3.0", "1.4.0", "1.4.1", "1.5.0", "1.6.0", "2.0.0", "2.1.0", "2.2.0"], "cloudpickle.cloudpickle_fast.subimport,name,0,func": ["1.2.0", "1.2.1", "1.2.2", "1.3.0", "1.4.0", "1.4.1", "1.5.0", "1.6.0", "2.0.0", "2.1.0", "2.2.0"], "cloudpickle.cloudpickle.CloudPickler.save_getset_descriptor,self;obj,0,cls": ["1.2.2", "1.3.0", "1.4.0", "1.4.1"], "cloudpickle.cloudpickle_fast.dump,obj;file;protocol;buffer_callback,2,func": ["1.3.0", "1.4.0", "1.4.1"], "cloudpickle.cloudpickle_fast.dumps,obj;protocol;buffer_callback,2,func": ["1.3.0", "1.4.0", "1.4.1"], "cloudpickle.cloudpickle_fast.CloudPickler,self;file;protocol;buffer_callback,2": ["1.3.0", "1.4.0", "1.4.1"], "cloudpickle.cloudpickle.CloudPickler.save_typevar,self;obj,0,cls": ["1.4.0", "1.4.1"], "cloudpickle.cloudpickle.f,,0,func": ["1.5.0", "1.6.0", "2.0.0", "2.1.0", "2.2.0"], "cloudpickle.cloudpickle.parametrized_type_hint_getinitargs,obj,0,func": ["1.5.0", "1.6.0", "2.0.0", "2.1.0", "2.2.0"], "cloudpickle.cloudpickle_fast.CloudPickler.save_global,self;obj;name;pack,2,cls": ["1.5.0", "1.6.0", "2.0.0", "2.1.0", "2.2.0"], "cloudpickle.cloudpickle_fast.CloudPickler.save_function,self;obj;name,1,cls": ["1.5.0", "1.6.0", "2.0.0", "2.1.0", "2.2.0"], "cloudpickle.cloudpickle_fast.CloudPickler.save_pypy_builtin_func,self;obj,0,cls": ["1.5.0", "1.6.0", "2.0.0", "2.1.0", "2.2.0"], "cloudpickle.cloudpickle_fast.cell_set,cell;value,0,func": ["1.5.0", "1.6.0", "2.0.0", "2.1.0", "2.2.0"], "cloudpickle.cloudpickle_fast.parametrized_type_hint_getinitargs,obj,0,func": ["1.5.0", "1.6.0", "2.0.0", "2.1.0", "2.2.0"], "cloudpickle.cloudpickle.register_pickle_by_value,module,0,func": ["2.0.0", "2.1.0", "2.2.0"], "cloudpickle.cloudpickle.unregister_pickle_by_value,module,0,func": ["2.0.0", "2.1.0", "2.2.0"], "cloudpickle.cloudpickle.list_registry_pickle_by_value,,0,func": ["2.0.0", "2.1.0", "2.2.0"]}, "version": ["0.1.0", "0.1.1", "0.2.0", "0.2.1", "0.2.2", "0.3.0", "0.3.1", "0.4.0", "0.4.1", "0.4.2", "0.4.3", "0.4.4", "0.5.0", "0.5.1", "0.5.2", "0.5.3", "0.5.4", "0.5.5", "0.5.6", "0.6.0", "0.6.1", "0.7.0", "0.8.0", "0.8.1", "1.0.0", "1.1.1", "1.2.0", "1.2.1", "1.2.2", "1.3.0", "1.4.0", "1.4.1", "1.5.0", "1.6.0", "2.0.0", "2.1.0", "2.2.0"]}