{"module": ["coveralls/1.2.0/tmp/coveralls"], "API": {"coveralls.reporter.CoverallReporter,,": ["0.4", "0.4.1", "1.2.0"], "coveralls.reporter.CoverallReporter.report,self;morfs,1,cls": ["0.4", "0.4.1", "1.2.0"], "coveralls.reporter.CoverallReporter.get_hits,self;line_num;analysis,0,cls": ["0.4", "0.4.1", "1.2.0"], "coveralls.reporter.CoverallReporter.parse_file,self;cu;analysis,0,cls": ["0.4", "0.4.1", "1.2.0"], "coveralls.Coveralls,self,0": ["0.4", "0.4.1"], "coveralls.Coveralls.load_config,self,0,cls": ["0.4", "0.4.1", "1.2.0"], "coveralls.Coveralls.wear,self;dry_run,1,cls": ["0.4", "0.4.1", "1.2.0"], "coveralls.Coveralls.create_data,self,0,cls": ["0.4", "0.4.1"], "coveralls.Coveralls.get_coverage,self,0,cls": ["0.4", "0.4.1", "1.2.0"], "coveralls.Coveralls.git_info,self,0,cls": ["0.4", "0.4.1", "1.2.0"], "coveralls.Coveralls.debug_bad_encoding,self;data,0,cls": ["0.4", "0.4.1", "1.2.0"], "coveralls.api.CoverallsException,,": ["0.4", "0.4.1", "1.2.0"], "coveralls.api.Coveralls,self,0": ["0.4", "0.4.1"], "coveralls.api.Coveralls.load_config,self,0,cls": ["0.4", "0.4.1", "1.2.0"], "coveralls.api.Coveralls.wear,self;dry_run,1,cls": ["0.4", "0.4.1", "1.2.0"], "coveralls.api.Coveralls.create_data,self,0,cls": ["0.4", "0.4.1"], "coveralls.api.Coveralls.get_coverage,self,0,cls": ["0.4", "0.4.1", "1.2.0"], "coveralls.api.Coveralls.git_info,self,0,cls": ["0.4", "0.4.1", "1.2.0"], "coveralls.api.Coveralls.debug_bad_encoding,self;data,0,cls": ["0.4", "0.4.1", "1.2.0"], "coveralls.api.gitlog,format,0,func": ["0.4", "0.4.1", "1.2.0"], "coveralls.api.run_command,,0,func": ["0.4", "0.4.1", "1.2.0"], "coveralls.api.CoverallReporter,,": ["0.4", "0.4.1", "1.2.0"], "coveralls.api.CoverallReporter.report,self;morfs,1,cls": ["0.4", "0.4.1", "1.2.0"], "coveralls.api.CoverallReporter.get_hits,self;line_num;analysis,0,cls": ["0.4", "0.4.1", "1.2.0"], "coveralls.api.CoverallReporter.parse_file,self;cu;analysis,0,cls": ["0.4", "0.4.1", "1.2.0"], "coveralls.cli.main,argv,1,func": ["0.4", "0.4.1", "1.2.0"], "coveralls.cli.CoverallsException,,": ["0.4", "0.4.1", "1.2.0"], "coveralls.reporter.CoverallReporter.get_arcs,self;analysis,0,cls": ["1.2.0"], "coveralls.Coveralls,self;token_required,1": ["1.2.0"], "coveralls.Coveralls.merge,self;path,0,cls": ["1.2.0"], "coveralls.Coveralls.create_report,self,0,cls": ["1.2.0"], "coveralls.Coveralls.save_report,self;file_path,0,cls": ["1.2.0"], "coveralls.Coveralls.create_data,self;extra,1,cls": ["1.2.0"], "coveralls.api.Coveralls,self;token_required,1": ["1.2.0"], "coveralls.api.Coveralls.merge,self;path,0,cls": ["1.2.0"], "coveralls.api.Coveralls.create_report,self,0,cls": ["1.2.0"], "coveralls.api.Coveralls.save_report,self;file_path,0,cls": ["1.2.0"], "coveralls.api.Coveralls.create_data,self;extra,1,cls": ["1.2.0"], "coveralls.api.CoverallReporter.get_arcs,self;analysis,0,cls": ["1.2.0"]}, "version": ["0.1", "0.1.1", "0.2", "0.3", "0.4", "0.4.1", "0.4.2", "0.4.3", "0.4.4", "0.5", "1.0a1", "1.0a2", "1.0b1", "1.0", "1.1", "1.2.0", "1.3.0", "1.4.0", "1.5.0", "1.5.1", "1.6.0", "1.7.0", "1.8.0", "1.8.1", "1.8.2", "1.9.0", "1.9.1", "1.9.2", "1.10.0", "1.11.0", "1.11.1", "2.0.0", "2.1.0", "2.1.1", "2.1.2", "2.2.0", "3.0.0", "3.0.1", "3.1.0", "3.2.0", "3.3.0", "3.3.1"]}