{"module": ["flake8/3.0.0b1/tmp/flake8"], "API": {"flake8.run.git_hook,complexity;strict;ignore;lazy,4,func": ["3.0.0b1"], "flake8.run.hg_hook,ui;repo,0,func": ["3.0.0b1"], "flake8.run.check_code,code;ignore;complexity,2,func": ["3.0.0b1"], "flake8.run.check_file,path;ignore;complexity,2,func": ["3.0.0b1"], "flake8.run.Flake8Command,,": ["3.0.0b1"], "flake8.run.Flake8Command.initialize_options,self,0,cls": ["3.0.0b1"], "flake8.run.Flake8Command.finalize_options,self,0,cls": ["3.0.0b1"], "flake8.run.Flake8Command.distribution_files,self,0,cls": ["3.0.0b1"], "flake8.run.Flake8Command.run,self,0,cls": ["3.0.0b1"], "flake8.run.main,,0,func": ["3.0.0b1"], "flake8.hooks.git_hook,complexity;strict;ignore;lazy,4,func": ["3.0.0b1"], "flake8.hooks.hg_hook,ui;repo,0,func": ["3.0.0b1"], "flake8.hooks.run,command;raw_output;decode,2,func": ["3.0.0b1"], "flake8.hooks.find_vcs,,0,func": ["3.0.0b1"], "flake8.hooks.get_git_config,option;opt_type;convert_type,2,func": ["3.0.0b1"], "flake8.hooks.get_git_param,option;default,1,func": ["3.0.0b1"], "flake8.hooks.install_hook,,0,func": ["3.0.0b1"], "flake8.hooks.get_parser,,0,func": ["3.0.0b1"], "flake8.hooks.get_style_guide,,0,func": ["3.0.0b1"], "flake8._pyflakes.patch_pyflakes,,0,func": ["3.0.0b1"], "flake8._pyflakes.FlakesChecker,self;tree;filename,0": ["3.0.0b1"], "flake8._pyflakes.FlakesChecker.add_options,cls;parser,0,cls": ["3.0.0b1"], "flake8._pyflakes.FlakesChecker.parse_options,cls;options,0,cls": ["3.0.0b1"], "flake8._pyflakes.FlakesChecker.run,self,0,cls": ["3.0.0b1"], "flake8.compat.relpath,path;start,1,func": ["3.0.0b1"], "flake8.util.iter_child_nodes,node,0,func": ["3.0.0b1"], "flake8.util.OrderedSet,,": ["3.0.0b1"], "flake8.util.OrderedSet.add,self;value,0,cls": ["3.0.0b1"], "flake8.util.is_windows,,0,func": ["3.0.0b1"], "flake8.util.is_using_stdin,paths,0,func": ["3.0.0b1"], "flake8.util.warn_when_using_jobs,options,0,func": ["3.0.0b1"], "flake8.util.force_disable_jobs,styleguide,0,func": ["3.0.0b1"], "flake8.util.option_normalizer,value;option;option_name,0,func": ["3.0.0b1"], "flake8.reporter.BaseQReport,self;options,0": ["3.0.0b1"], "flake8.reporter.BaseQReport.start,self,0,cls": ["3.0.0b1"], "flake8.reporter.BaseQReport.stop,self,0,cls": ["3.0.0b1"], "flake8.reporter.BaseQReport.process_main,self,0,cls": ["3.0.0b1"], "flake8.reporter.BaseQReport.get_state,self,0,cls": ["3.0.0b1"], "flake8.reporter.BaseQReport.update_state,self;state,0,cls": ["3.0.0b1"], "flake8.reporter.FileQReport,,": ["3.0.0b1"], "flake8.reporter.QueueReport,,": ["3.0.0b1"], "flake8.reporter.QueueReport.get_file_results,self,0,cls": ["3.0.0b1"], "flake8.reporter.get_style_guide,,0,func": ["3.0.0b1"], "flake8.NullHandler,,": ["3.0.0b1"], "flake8.NullHandler.emit,self;record,0,cls": ["3.0.0b1"], "flake8.configure_logging,verbosity;filename;logformat,2,func": ["3.0.0b1"], "flake8.processor.FileProcessor,self;filename;options;lines,1": ["3.0.0b1"], "flake8.processor.FileProcessor.inside_multiline,self;line_number,0,cls": ["3.0.0b1"], "flake8.processor.FileProcessor.reset_blank_before,self,0,cls": ["3.0.0b1"], "flake8.processor.FileProcessor.delete_first_token,self,0,cls": ["3.0.0b1"], "flake8.processor.FileProcessor.visited_new_blank_line,self,0,cls": ["3.0.0b1"], "flake8.processor.FileProcessor.update_state,self;mapping,0,cls": ["3.0.0b1"], "flake8.processor.FileProcessor.update_checker_state_for,self;plugin,0,cls": ["3.0.0b1"], "flake8.processor.FileProcessor.next_logical_line,self,0,cls": ["3.0.0b1"], "flake8.processor.FileProcessor.build_logical_line_tokens,self,0,cls": ["3.0.0b1"], "flake8.processor.FileProcessor.build_ast,self,0,cls": ["3.0.0b1"], "flake8.processor.FileProcessor.build_logical_line,self,0,cls": ["3.0.0b1"], "flake8.processor.FileProcessor.split_line,self;token,0,cls": ["3.0.0b1"], "flake8.processor.FileProcessor.keyword_arguments_for,self;parameters;arguments,1,cls": ["3.0.0b1"], "flake8.processor.FileProcessor.check_physical_error,self;error_code;line,0,cls": ["3.0.0b1"], "flake8.processor.FileProcessor.generate_tokens,self,0,cls": ["3.0.0b1"], "flake8.processor.FileProcessor.line_for,self;line_number,0,cls": ["3.0.0b1"], "flake8.processor.FileProcessor.next_line,self,0,cls": ["3.0.0b1"], "flake8.processor.FileProcessor.read_lines,self,0,cls": ["3.0.0b1"], "flake8.processor.FileProcessor.read_lines_from_filename,self,0,cls": ["3.0.0b1"], "flake8.processor.FileProcessor.read_lines_from_stdin,self,0,cls": ["3.0.0b1"], "flake8.processor.FileProcessor.should_ignore_file,self,0,cls": ["3.0.0b1"], "flake8.processor.FileProcessor.strip_utf_bom,self,0,cls": ["3.0.0b1"], "flake8.processor.is_eol_token,token;_is_eol_token,1,func": ["3.0.0b1"], "flake8.processor.is_multiline_string,token,0,func": ["3.0.0b1"], "flake8.processor.token_is_newline,token,0,func": ["3.0.0b1"], "flake8.processor.token_is_comment,token,0,func": ["3.0.0b1"], "flake8.processor.count_parentheses,current_parentheses_count;token_text,0,func": ["3.0.0b1"], "flake8.processor.log_token,log;token,0,func": ["3.0.0b1"], "flake8.processor.expand_indent,line,0,func": ["3.0.0b1"], "flake8.processor.mutate_string,text,0,func": ["3.0.0b1"], "flake8.engine.get_parser,,0,func": ["3.0.0b1"], "flake8.engine.NoQAStyleGuide,,": ["3.0.0b1"], "flake8.engine.NoQAStyleGuide.input_file,self;filename;lines;expected;line_offset,3,cls": ["3.0.0b1"], "flake8.engine.StyleGuide,self,0": ["3.0.0b1"], "flake8.engine.StyleGuide.options,self,0,cls": ["3.0.0b1"], "flake8.engine.StyleGuide.paths,self,0,cls": ["3.0.0b1"], "flake8.engine.StyleGuide.check_files,self;paths,1,cls": ["3.0.0b1"], "flake8.engine.StyleGuide.excluded,self;filename;parent,1,cls": ["3.0.0b1"], "flake8.engine.StyleGuide.init_report,self;reporter,1,cls": ["3.0.0b1"], "flake8.engine.StyleGuide.input_file,self;filename;lines;expected;line_offset,3,cls": ["3.0.0b1"], "flake8.engine.get_style_guide,,0,func": ["3.0.0b1"], "flake8.engine.get_python_version,,0,func": ["3.0.0b1"], "flake8.engine.make_stdin_get_value,original,0,func": ["3.0.0b1"], "flake8.engine.BaseQReport,self;options,0": ["3.0.0b1"], "flake8.engine.BaseQReport.start,self,0,cls": ["3.0.0b1"], "flake8.engine.BaseQReport.stop,self,0,cls": ["3.0.0b1"], "flake8.engine.BaseQReport.process_main,self,0,cls": ["3.0.0b1"], "flake8.engine.BaseQReport.get_state,self,0,cls": ["3.0.0b1"], "flake8.engine.BaseQReport.update_state,self;state,0,cls": ["3.0.0b1"], "flake8.engine.FileQReport,,": ["3.0.0b1"], "flake8.engine.QueueReport,,": ["3.0.0b1"], "flake8.engine.QueueReport.get_file_results,self,0,cls": ["3.0.0b1"], "flake8.utils.parse_comma_separated_list,value,0,func": ["3.0.0b1"], "flake8.utils.normalize_paths,paths;parent,1,func": ["3.0.0b1"], "flake8.utils.normalize_path,path;parent,1,func": ["3.0.0b1"], "flake8.utils.stdin_get_value,,0,func": ["3.0.0b1"], "flake8.utils.parse_unified_diff,diff,1,func": ["3.0.0b1"], "flake8.utils.is_windows,,0,func": ["3.0.0b1"], "flake8.utils.can_run_multiprocessing_on_windows,,0,func": ["3.0.0b1"], "flake8.utils.is_using_stdin,paths,0,func": ["3.0.0b1"], "flake8.utils.filenames_from,arg;predicate,1,func": ["3.0.0b1"], "flake8.utils.fnmatch,filename;patterns;default,1,func": ["3.0.0b1"], "flake8.utils.parameters_for,plugin,0,func": ["3.0.0b1"], "flake8.callbacks.install_vcs_hook,option;option_str;value;parser,0,func": ["3.0.0b1"], "flake8.callbacks.restore_stdout,old_stdout,0,func": ["3.0.0b1"], "flake8.callbacks.redirect_stdout,option;option_str;value;parser,0,func": ["3.0.0b1"], "flake8.exceptions.Flake8Exception,,": ["3.0.0b1"], "flake8.exceptions.FailedToLoadPlugin,self,0": ["3.0.0b1"], "flake8.exceptions.InvalidSyntax,self,0": ["3.0.0b1"], "flake8.exceptions.HookInstallationError,,": ["3.0.0b1"], "flake8.exceptions.GitHookAlreadyExists,self,0": ["3.0.0b1"], "flake8.exceptions.MercurialHookAlreadyExists,self,0": ["3.0.0b1"], "flake8.exceptions.MercurialCommitHookAlreadyExists,,": ["3.0.0b1"], "flake8.exceptions.MercurialQRefreshHookAlreadyExists,,": ["3.0.0b1"], "flake8.main.main,,0,func": ["3.0.0b1"], "flake8.main.print_report,report;flake8_style,0,func": ["3.0.0b1"], "flake8.main.check_file,path;ignore;complexity,2,func": ["3.0.0b1"], "flake8.main.check_code,code;ignore;complexity,2,func": ["3.0.0b1"], "flake8.main.Flake8Command,,": ["3.0.0b1"], "flake8.main.Flake8Command.initialize_options,self,0,cls": ["3.0.0b1"], "flake8.main.Flake8Command.finalize_options,self,0,cls": ["3.0.0b1"], "flake8.main.Flake8Command.distribution_files,self,0,cls": ["3.0.0b1"], "flake8.main.Flake8Command.run,self,0,cls": ["3.0.0b1"], "flake8.main.get_parser,,0,func": ["3.0.0b1"], "flake8.main.get_style_guide,,0,func": ["3.0.0b1"], "flake8.main.option_normalizer,value;option;option_name,0,func": ["3.0.0b1"], "flake8.main.install_hook,,0,func": ["3.0.0b1"], "flake8.style_guide.Selected,,": ["3.0.0b1"], "flake8.style_guide.Ignored,,": ["3.0.0b1"], "flake8.style_guide.Decision,,": ["3.0.0b1"], "flake8.style_guide.StyleGuide,self;options;listener_trie;formatter,0": ["3.0.0b1"], "flake8.style_guide.StyleGuide.is_user_selected,self;code,0,cls": ["3.0.0b1"], "flake8.style_guide.StyleGuide.is_user_ignored,self;code,0,cls": ["3.0.0b1"], "flake8.style_guide.StyleGuide.should_report_error,self;code,0,cls": ["3.0.0b1"], "flake8.style_guide.StyleGuide.is_inline_ignored,self;error,0,cls": ["3.0.0b1"], "flake8.style_guide.StyleGuide.is_in_diff,self;error,0,cls": ["3.0.0b1"], "flake8.style_guide.StyleGuide.handle_error,self;code;filename;line_number;column_number;text;physical_line,1,cls": ["3.0.0b1"], "flake8.style_guide.StyleGuide.add_diff_ranges,self;diffinfo,0,cls": ["3.0.0b1"], "flake8.checker.Manager,self;style_guide;arguments;checker_plugins,0": ["3.0.0b1"], "flake8.checker.Manager.is_path_excluded,self;path,0,cls": ["3.0.0b1"], "flake8.checker.Manager.make_checkers,self;paths,1,cls": ["3.0.0b1"], "flake8.checker.Manager.report,self,0,cls": ["3.0.0b1"], "flake8.checker.Manager.run_parallel,self,0,cls": ["3.0.0b1"], "flake8.checker.Manager.run_serial,self,0,cls": ["3.0.0b1"], "flake8.checker.Manager.run,self,0,cls": ["3.0.0b1"], "flake8.checker.Manager.start,self;paths,1,cls": ["3.0.0b1"], "flake8.checker.Manager.stop,self,0,cls": ["3.0.0b1"], "flake8.checker.FileChecker,self;filename;checks;style_guide,0": ["3.0.0b1"], "flake8.checker.FileChecker.report,self;error_code;line_number;column;text,0,cls": ["3.0.0b1"], "flake8.checker.FileChecker.run_check,self;plugin,0,cls": ["3.0.0b1"], "flake8.checker.FileChecker.run_ast_checks,self,0,cls": ["3.0.0b1"], "flake8.checker.FileChecker.run_logical_checks,self,0,cls": ["3.0.0b1"], "flake8.checker.FileChecker.run_physical_checks,self;physical_line,0,cls": ["3.0.0b1"], "flake8.checker.FileChecker.process_tokens,self,0,cls": ["3.0.0b1"], "flake8.checker.FileChecker.run_checks,self;results_queue;statistics_queue,0,cls": ["3.0.0b1"], "flake8.checker.FileChecker.handle_comment,self;token;token_text,0,cls": ["3.0.0b1"], "flake8.checker.FileChecker.handle_newline,self;token_type,0,cls": ["3.0.0b1"], "flake8.checker.FileChecker.check_physical_eol,self;token,0,cls": ["3.0.0b1"], "flake8.checker.find_offset,offset;mapping,0,func": ["3.0.0b1"], "flake8.options.config.ConfigFileFinder,self;program_name;args;extra_config_files,0": ["3.0.0b1"], "flake8.options.config.ConfigFileFinder.cli_config,self;files,0,cls": ["3.0.0b1"], "flake8.options.config.ConfigFileFinder.generate_possible_local_files,self,0,cls": ["3.0.0b1"], "flake8.options.config.ConfigFileFinder.local_config_files,self,0,cls": ["3.0.0b1"], "flake8.options.config.ConfigFileFinder.local_configs,self,0,cls": ["3.0.0b1"], "flake8.options.config.ConfigFileFinder.user_config_file,self,0,cls": ["3.0.0b1"], "flake8.options.config.ConfigFileFinder.user_config,self,0,cls": ["3.0.0b1"], "flake8.options.config.MergedConfigParser,self;option_manager;extra_config_files;args,2": ["3.0.0b1"], "flake8.options.config.MergedConfigParser.is_configured_by,self;config,0,cls": ["3.0.0b1"], "flake8.options.config.MergedConfigParser.parse_local_config,self,0,cls": ["3.0.0b1"], "flake8.options.config.MergedConfigParser.parse_user_config,self,0,cls": ["3.0.0b1"], "flake8.options.config.MergedConfigParser.parse_cli_config,self;config_path,0,cls": ["3.0.0b1"], "flake8.options.config.MergedConfigParser.merge_user_and_local_config,self,0,cls": ["3.0.0b1"], "flake8.options.config.MergedConfigParser.parse,self;cli_config;isolated,2,cls": ["3.0.0b1"], "flake8.options.aggregator.aggregate_options,manager;arglist;values,2,func": ["3.0.0b1"], "flake8.options.manager.Option,self;short_option_name;long_option_name;action;default;type;dest;nargs;const;choices;callback;callback_args;callback_kwargs;help;metavar;parse_from_config;comma_separated_list;normalize_paths,17": ["3.0.0b1"], "flake8.options.manager.Option.normalize,self;value,0,cls": ["3.0.0b1"], "flake8.options.manager.Option.to_optparse,self,0,cls": ["3.0.0b1"], "flake8.options.manager.OptionManager,self;prog;version;usage,3": ["3.0.0b1"], "flake8.options.manager.OptionManager.format_plugin,plugin_tuple,0,cls": ["3.0.0b1"], "flake8.options.manager.OptionManager.add_option,self,0,cls": ["3.0.0b1"], "flake8.options.manager.OptionManager.remove_from_default_ignore,self;error_codes,0,cls": ["3.0.0b1"], "flake8.options.manager.OptionManager.extend_default_ignore,self;error_codes,0,cls": ["3.0.0b1"], "flake8.options.manager.OptionManager.generate_versions,self;format_str,1,cls": ["3.0.0b1"], "flake8.options.manager.OptionManager.update_version_string,self,0,cls": ["3.0.0b1"], "flake8.options.manager.OptionManager.generate_epilog,self,0,cls": ["3.0.0b1"], "flake8.options.manager.OptionManager.parse_args,self;args;values,2,cls": ["3.0.0b1"], "flake8.options.manager.OptionManager.register_plugin,self;name;version,0,cls": ["3.0.0b1"], "flake8.plugins._trie.Trie,self,0": ["3.0.0b1"], "flake8.plugins._trie.Trie.add,self;path;node_data,0,cls": ["3.0.0b1"], "flake8.plugins._trie.Trie.find,self;path,0,cls": ["3.0.0b1"], "flake8.plugins._trie.Trie.traverse,self,0,cls": ["3.0.0b1"], "flake8.plugins._trie.TrieNode,self;prefix;data;children,1": ["3.0.0b1"], "flake8.plugins._trie.TrieNode.find_prefix,self;prefix,0,cls": ["3.0.0b1"], "flake8.plugins._trie.TrieNode.add_child,self;prefix;data;children,1,cls": ["3.0.0b1"], "flake8.plugins._trie.TrieNode.traverse,self,0,cls": ["3.0.0b1"], "flake8.plugins.pyflakes.patch_pyflakes,,0,func": ["3.0.0b1"], "flake8.plugins.pyflakes.FlakesChecker,self;tree;filename,0": ["3.0.0b1"], "flake8.plugins.pyflakes.FlakesChecker.add_options,cls;parser,0,cls": ["3.0.0b1"], "flake8.plugins.pyflakes.FlakesChecker.parse_options,cls;options,0,cls": ["3.0.0b1"], "flake8.plugins.pyflakes.FlakesChecker.run,self,0,cls": ["3.0.0b1"], "flake8.plugins.notifier.Notifier,self,0": ["3.0.0b1"], "flake8.plugins.notifier.Notifier.listeners_for,self;error_code,0,cls": ["3.0.0b1"], "flake8.plugins.notifier.Notifier.notify,self;error_code,0,cls": ["3.0.0b1"], "flake8.plugins.notifier.Notifier.register_listener,self;error_code;listener,0,cls": ["3.0.0b1"], "flake8.plugins.manager.Plugin,self;name;entry_point,0": ["3.0.0b1"], "flake8.plugins.manager.Plugin.is_in_a_group,self,0,cls": ["3.0.0b1"], "flake8.plugins.manager.Plugin.group,self,0,cls": ["3.0.0b1"], "flake8.plugins.manager.Plugin.parameters,self,0,cls": ["3.0.0b1"], "flake8.plugins.manager.Plugin.plugin,self,0,cls": ["3.0.0b1"], "flake8.plugins.manager.Plugin.version,self,0,cls": ["3.0.0b1"], "flake8.plugins.manager.Plugin.plugin_name,self,0,cls": ["3.0.0b1"], "flake8.plugins.manager.Plugin.off_by_default,self,0,cls": ["3.0.0b1"], "flake8.plugins.manager.Plugin.execute,self,0,cls": ["3.0.0b1"], "flake8.plugins.manager.Plugin.load_plugin,self;verify_requirements,1,cls": ["3.0.0b1"], "flake8.plugins.manager.Plugin.enable,self;optmanager,0,cls": ["3.0.0b1"], "flake8.plugins.manager.Plugin.disable,self;optmanager,0,cls": ["3.0.0b1"], "flake8.plugins.manager.Plugin.provide_options,self;optmanager;options;extra_args,0,cls": ["3.0.0b1"], "flake8.plugins.manager.Plugin.register_options,self;optmanager,0,cls": ["3.0.0b1"], "flake8.plugins.manager.PluginManager,self;namespace;verify_requirements,1": ["3.0.0b1"], "flake8.plugins.manager.PluginManager.map,self;func,0,cls": ["3.0.0b1"], "flake8.plugins.manager.PluginManager.versions,self,0,cls": ["3.0.0b1"], "flake8.plugins.manager.version_for,plugin,0,func": ["3.0.0b1"], "flake8.plugins.manager.PluginTypeManager,self,0": ["3.0.0b1"], "flake8.plugins.manager.PluginTypeManager.get,self;name;default,1,cls": ["3.0.0b1"], "flake8.plugins.manager.PluginTypeManager.names,self,0,cls": ["3.0.0b1"], "flake8.plugins.manager.PluginTypeManager.plugins,self,0,cls": ["3.0.0b1"], "flake8.plugins.manager.PluginTypeManager.load_plugins,self,0,cls": ["3.0.0b1"], "flake8.plugins.manager.PluginTypeManager.register_plugin_versions,self;optmanager,0,cls": ["3.0.0b1"], "flake8.plugins.manager.PluginTypeManager.register_options,self;optmanager,0,cls": ["3.0.0b1"], "flake8.plugins.manager.PluginTypeManager.provide_options,self;optmanager;options;extra_args,0,cls": ["3.0.0b1"], "flake8.plugins.manager.NotifierBuilderMixin,,": ["3.0.0b1"], "flake8.plugins.manager.NotifierBuilderMixin.build_notifier,self,0,cls": ["3.0.0b1"], "flake8.plugins.manager.Checkers,,": ["3.0.0b1"], "flake8.plugins.manager.Checkers.checks_expecting,self;argument_name,0,cls": ["3.0.0b1"], "flake8.plugins.manager.Checkers.ast_plugins,self,0,cls": ["3.0.0b1"], "flake8.plugins.manager.Checkers.logical_line_plugins,self,0,cls": ["3.0.0b1"], "flake8.plugins.manager.Checkers.physical_line_plugins,self,0,cls": ["3.0.0b1"], "flake8.plugins.manager.Listeners,,": ["3.0.0b1"], "flake8.plugins.manager.ReportFormatters,,": ["3.0.0b1"], "flake8.formatting.default.SimpleFormatter,,": ["3.0.0b1"], "flake8.formatting.default.SimpleFormatter.format,self;error,0,cls": ["3.0.0b1"], "flake8.formatting.default.Default,,": ["3.0.0b1"], "flake8.formatting.default.Default.after_init,self,0,cls": ["3.0.0b1"], "flake8.formatting.default.Pylint,,": ["3.0.0b1"], "flake8.formatting.base.BaseFormatter,self;options,0": ["3.0.0b1"], "flake8.formatting.base.BaseFormatter.after_init,self,0,cls": ["3.0.0b1"], "flake8.formatting.base.BaseFormatter.start,self,0,cls": ["3.0.0b1"], "flake8.formatting.base.BaseFormatter.handle,self;error,0,cls": ["3.0.0b1"], "flake8.formatting.base.BaseFormatter.format,self;error,0,cls": ["3.0.0b1"], "flake8.formatting.base.BaseFormatter.show_benchmarks,self;benchmarks,0,cls": ["3.0.0b1"], "flake8.formatting.base.BaseFormatter.show_source,self;error,0,cls": ["3.0.0b1"], "flake8.formatting.base.BaseFormatter.write,self;line;source,0,cls": ["3.0.0b1"], "flake8.formatting.base.BaseFormatter.stop,self,0,cls": ["3.0.0b1"], "flake8.api.get_style_guide,,0,func": ["3.0.0b1"], "flake8.main.options.register_default_options,option_manager,0,func": ["3.0.0b1"], "flake8.main.git.hook,lazy;strict,2,func": ["3.0.0b1"], "flake8.main.git.install,,0,func": ["3.0.0b1"], "flake8.main.git.get_executable,,0,func": ["3.0.0b1"], "flake8.main.git.find_git_directory,,0,func": ["3.0.0b1"], "flake8.main.git.copy_indexed_files_to,temporary_directory;lazy,0,func": ["3.0.0b1"], "flake8.main.git.copy_file_to,destination_directory;filepath;contents,0,func": ["3.0.0b1"], "flake8.main.git.make_temporary_directory_from,destination;directory,0,func": ["3.0.0b1"], "flake8.main.git.find_modified_files,lazy,0,func": ["3.0.0b1"], "flake8.main.git.get_staged_contents_from,filename,0,func": ["3.0.0b1"], "flake8.main.git.make_temporary_directory,,0,func": ["3.0.0b1"], "flake8.main.git.to_text,string,0,func": ["3.0.0b1"], "flake8.main.git.piped_process,command,0,func": ["3.0.0b1"], "flake8.main.git.git_config_for,parameter,0,func": ["3.0.0b1"], "flake8.main.git.config_for,parameter,0,func": ["3.0.0b1"], "flake8.main.mercurial.hook,ui;repo,0,func": ["3.0.0b1"], "flake8.main.mercurial.install,,0,func": ["3.0.0b1"], "flake8.main.mercurial.get_filenames_from,repository;kwargs,0,func": ["3.0.0b1"], "flake8.main.mercurial.find_hgrc,create_if_missing,1,func": ["3.0.0b1"], "flake8.main.mercurial.configparser_for,path,0,func": ["3.0.0b1"], "flake8.main.application.Application,self;program;version,2": ["3.0.0b1"], "flake8.main.application.Application.exit,self,0,cls": ["3.0.0b1"], "flake8.main.application.Application.find_plugins,self,0,cls": ["3.0.0b1"], "flake8.main.application.Application.register_plugin_options,self,0,cls": ["3.0.0b1"], "flake8.main.application.Application.parse_configuration_and_cli,self;argv,1,cls": ["3.0.0b1"], "flake8.main.application.Application.make_formatter,self,0,cls": ["3.0.0b1"], "flake8.main.application.Application.make_notifier,self,0,cls": ["3.0.0b1"], "flake8.main.application.Application.make_guide,self,0,cls": ["3.0.0b1"], "flake8.main.application.Application.make_file_checker_manager,self,0,cls": ["3.0.0b1"], "flake8.main.application.Application.run_checks,self,0,cls": ["3.0.0b1"], "flake8.main.application.Application.report_benchmarks,self,0,cls": ["3.0.0b1"], "flake8.main.application.Application.report_errors,self,0,cls": ["3.0.0b1"], "flake8.main.application.Application.initialize,self;argv,0,cls": ["3.0.0b1"], "flake8.main.application.Application.run,self;argv,1,cls": ["3.0.0b1"], "flake8.main.setuptools_command.Flake8,,": ["3.0.0b1"], "flake8.main.setuptools_command.Flake8.initialize_options,self,0,cls": ["3.0.0b1"], "flake8.main.setuptools_command.Flake8.finalize_options,self,0,cls": ["3.0.0b1"], "flake8.main.setuptools_command.Flake8.package_files,self,0,cls": ["3.0.0b1"], "flake8.main.setuptools_command.Flake8.module_files,self,0,cls": ["3.0.0b1"], "flake8.main.setuptools_command.Flake8.distribution_files,self,0,cls": ["3.0.0b1"], "flake8.main.setuptools_command.Flake8.run,self,0,cls": ["3.0.0b1"], "flake8.main.cli.main,argv,1,func": ["3.0.0b1"], "flake8.main.vcs.install,option;option_string;value;parser,0,func": ["3.0.0b1"], "flake8.main.vcs.choices,,0,func": ["3.0.0b1"]}, "version": ["0.1", "0.2", "0.3", "0.4", "0.5", "0.6", "0.7", "0.8", "0.9", "1.0", "1.1", "1.2", "1.3", "1.3.1", "1.4", "1.5", "1.6", "1.6.1", "1.6.2", "1.7.0", "2.0", "2.1.0", "2.2.0", "2.2.1", "2.2.2", "2.2.3", "2.2.4", "2.2.5", "2.3.0", "2.4.0", "2.4.1", "2.5.0", "2.5.1", "2.5.2", "2.5.3", "2.5.4", "2.5.5", "2.6.0", "2.6.1", "2.6.2", "3.0.0b1", "3.0.0b2", "3.0.0", "3.0.1", "3.0.2.dev0", "3.0.2.dev1", "3.0.2", "3.0.3", "3.0.4", "3.1.0", "3.1.1", "3.2.0", "3.2.1", "3.3.0.dev0", "3.3.0", "3.4.0", "3.4.1", "3.5.0", "3.6.0", "3.7.0", "3.7.1", "3.7.2", "3.7.3", "3.7.4", "3.7.5", "3.7.6", "3.7.7", "3.7.8", "3.7.9", "3.8.0a1", "3.8.0a2", "3.8.0", "3.8.1", "3.8.2", "3.8.3", "3.8.4", "3.9.0", "3.9.1", "3.9.2", "4.0.0", "4.0.1", "5.0.0", "5.0.1", "5.0.2", "5.0.3", "5.0.4"]}