{"module": ["ghapi/1.0.3/tmp/ghapi"], "API": {"ghapi.tmp_json_serve.run,,0,func": ["0.1.0", "0.1.1", "0.1.2", "0.1.3", "0.1.4", "0.1.5", "0.1.7", "0.1.8", "0.1.9", "0.1.10", "0.1.11", "0.1.12", "0.1.13", "0.1.14", "0.1.15", "0.1.16", "0.1.17", "0.1.18", "0.1.19"], "ghapi._nbdev.custom_doc_links,name,0,func": ["0.1.0", "0.1.1", "0.1.2", "0.1.3", "0.1.4", "0.1.5", "0.1.7", "0.1.8", "0.1.9", "0.1.10", "0.1.11", "0.1.12", "0.1.13", "0.1.14", "0.1.15", "0.1.16", "0.1.17", "0.1.18", "0.1.19", "0.1.20", "0.1.21", "0.1.22", "0.1.23", "1.0.0", "1.0.1", "1.0.2", "1.0.3"], "ghapi.core.GhApi,self;owner;repo;token,3": ["0.1.0", "0.1.1"], "ghapi.build_lib.build_funcs,nm;url;docurl,3,func": ["0.1.0", "0.1.1", "0.1.2", "0.1.3", "0.1.4", "0.1.5", "0.1.7", "0.1.8", "0.1.9", "0.1.10", "0.1.11", "0.1.12", "0.1.13", "0.1.14", "0.1.15", "0.1.16", "0.1.17", "0.1.18", "0.1.19", "0.1.20", "0.1.21", "0.1.22", "0.1.23", "1.0.0", "1.0.1", "1.0.2", "1.0.3"], "ghapi.GhApi,self;owner;repo;token,3": ["0.1.1"], "ghapi.GhApi.full_docs,self,0,cls": ["0.1.1", "0.1.2", "0.1.3", "0.1.4", "0.1.5"], "ghapi.delete_release,self;release,0,func": ["0.1.1", "0.1.2", "0.1.3", "0.1.4", "0.1.5"], "ghapi.create_release,self;tag_name;branch;name;body;draft;prerelease;files,6,func": ["0.1.1", "0.1.2", "0.1.3", "0.1.4", "0.1.5"], "ghapi.list_tags,self;prefix,1,func": ["0.1.1", "0.1.2", "0.1.3", "0.1.4", "0.1.5"], "ghapi.list_branches,self;prefix,1,func": ["0.1.1", "0.1.2", "0.1.3", "0.1.4", "0.1.5"], "ghapi.enable_pages,self;branch;path,0,func": ["0.1.1"], "ghapi.core.GhApi.full_docs,self,0,cls": ["0.1.1", "0.1.2", "0.1.3", "0.1.4", "0.1.5", "0.1.7", "0.1.8", "0.1.9", "0.1.10", "0.1.11", "0.1.12", "0.1.13", "0.1.14", "0.1.15", "0.1.16", "0.1.17", "0.1.18", "0.1.19", "0.1.20", "0.1.21", "0.1.22", "0.1.23", "1.0.0", "1.0.1", "1.0.2", "1.0.3"], "ghapi.core.delete_release,self;release,0,func": ["0.1.1", "0.1.2", "0.1.3", "0.1.4", "0.1.5", "0.1.7", "0.1.8", "0.1.9", "0.1.10", "0.1.11", "0.1.12", "0.1.13", "0.1.14", "0.1.15", "0.1.16", "0.1.17", "0.1.18", "0.1.19", "0.1.20", "0.1.21", "0.1.22", "0.1.23", "1.0.0", "1.0.1", "1.0.2", "1.0.3"], "ghapi.core.create_release,self;tag_name;branch;name;body;draft;prerelease;files,6,func": ["0.1.1", "0.1.2", "0.1.3", "0.1.4", "0.1.5", "0.1.7", "0.1.8", "0.1.9", "0.1.10", "0.1.11", "0.1.12", "0.1.13", "0.1.14", "0.1.15", "0.1.16", "0.1.17", "0.1.18", "0.1.19", "0.1.20", "0.1.21", "0.1.22", "0.1.23", "1.0.0", "1.0.1", "1.0.2", "1.0.3"], "ghapi.core.list_tags,self;prefix,1,func": ["0.1.1", "0.1.2", "0.1.3", "0.1.4", "0.1.5", "0.1.7", "0.1.8", "0.1.9", "0.1.10", "0.1.11", "0.1.12", "0.1.13", "0.1.14", "0.1.15", "0.1.16", "0.1.17", "0.1.18", "0.1.19", "0.1.20", "0.1.21", "0.1.22", "0.1.23", "1.0.0", "1.0.1", "1.0.2", "1.0.3"], "ghapi.core.list_branches,self;prefix,1,func": ["0.1.1", "0.1.2", "0.1.3", "0.1.4", "0.1.5", "0.1.7", "0.1.8", "0.1.9", "0.1.10", "0.1.11", "0.1.12", "0.1.13", "0.1.14", "0.1.15", "0.1.16", "0.1.17", "0.1.18", "0.1.19", "0.1.20", "0.1.21", "0.1.22", "0.1.23", "1.0.0", "1.0.1", "1.0.2", "1.0.3"], "ghapi.core.enable_pages,self;branch;path,0,func": ["0.1.1"], "ghapi.GhApi,self;owner;repo;token;debug,4": ["0.1.2", "0.1.3", "0.1.4", "0.1.5"], "ghapi.create_branch_empty,self;branch,0,func": ["0.1.2", "0.1.3", "0.1.4", "0.1.5"], "ghapi.delete_tag,self;tag,0,func": ["0.1.2", "0.1.3", "0.1.4", "0.1.5"], "ghapi.delete_branch,self;branch,0,func": ["0.1.2", "0.1.3", "0.1.4", "0.1.5"], "ghapi.get_branch,self;branch,1,func": ["0.1.2", "0.1.3", "0.1.4", "0.1.5"], "ghapi.list_files,self;branch,1,func": ["0.1.2", "0.1.3", "0.1.4", "0.1.5"], "ghapi.get_content,self;path,0,func": ["0.1.2", "0.1.3", "0.1.4", "0.1.5"], "ghapi.update_contents,self;path;message;content;sha;branch;committer;author,6,func": ["0.1.2", "0.1.3", "0.1.4", "0.1.5"], "ghapi.enable_pages,self;branch;path,2,func": ["0.1.2", "0.1.3", "0.1.4", "0.1.5"], "ghapi.print_summary,req,0,func": ["0.1.2", "0.1.3", "0.1.4", "0.1.5"], "ghapi.core.GhApi,self;owner;repo;token;debug,4": ["0.1.2", "0.1.3", "0.1.4", "0.1.5"], "ghapi.core.create_branch_empty,self;branch,0,func": ["0.1.2", "0.1.3", "0.1.4", "0.1.5", "0.1.7", "0.1.8", "0.1.9", "0.1.10", "0.1.11", "0.1.12", "0.1.13", "0.1.14", "0.1.15", "0.1.16", "0.1.17", "0.1.18", "0.1.19", "0.1.20", "0.1.21", "0.1.22", "0.1.23", "1.0.0", "1.0.1", "1.0.2", "1.0.3"], "ghapi.core.delete_tag,self;tag,0,func": ["0.1.2", "0.1.3", "0.1.4", "0.1.5", "0.1.7", "0.1.8", "0.1.9", "0.1.10", "0.1.11", "0.1.12", "0.1.13", "0.1.14", "0.1.15", "0.1.16", "0.1.17", "0.1.18", "0.1.19", "0.1.20", "0.1.21", "0.1.22", "0.1.23", "1.0.0", "1.0.1", "1.0.2", "1.0.3"], "ghapi.core.delete_branch,self;branch,0,func": ["0.1.2", "0.1.3", "0.1.4", "0.1.5", "0.1.7", "0.1.8", "0.1.9", "0.1.10", "0.1.11", "0.1.12", "0.1.13", "0.1.14", "0.1.15", "0.1.16", "0.1.17", "0.1.18", "0.1.19", "0.1.20", "0.1.21", "0.1.22", "0.1.23", "1.0.0", "1.0.1", "1.0.2", "1.0.3"], "ghapi.core.get_branch,self;branch,1,func": ["0.1.2", "0.1.3", "0.1.4", "0.1.5", "0.1.7", "0.1.8", "0.1.9", "0.1.10", "0.1.11", "0.1.12", "0.1.13", "0.1.14", "0.1.15", "0.1.16", "0.1.17", "0.1.18", "0.1.19", "0.1.20", "0.1.21", "0.1.22", "0.1.23", "1.0.0", "1.0.1", "1.0.2", "1.0.3"], "ghapi.core.list_files,self;branch,1,func": ["0.1.2", "0.1.3", "0.1.4", "0.1.5", "0.1.7", "0.1.8", "0.1.9", "0.1.10", "0.1.11", "0.1.12", "0.1.13", "0.1.14", "0.1.15", "0.1.16", "0.1.17", "0.1.18", "0.1.19", "0.1.20", "0.1.21", "0.1.22", "0.1.23", "1.0.0", "1.0.1", "1.0.2", "1.0.3"], "ghapi.core.get_content,self;path,0,func": ["0.1.2", "0.1.3", "0.1.4", "0.1.5", "0.1.7", "0.1.8", "0.1.9", "0.1.10", "0.1.11", "0.1.12", "0.1.13", "0.1.14", "0.1.15", "0.1.16", "0.1.17", "0.1.18", "0.1.19", "0.1.20", "0.1.21", "0.1.22", "0.1.23", "1.0.0", "1.0.1", "1.0.2", "1.0.3"], "ghapi.core.update_contents,self;path;message;content;sha;branch;committer;author,6,func": ["0.1.2", "0.1.3", "0.1.4", "0.1.5", "0.1.7", "0.1.8", "0.1.9", "0.1.10", "0.1.11", "0.1.12", "0.1.13", "0.1.14", "0.1.15", "0.1.16", "0.1.17", "0.1.18", "0.1.19", "0.1.20", "0.1.21", "0.1.22", "0.1.23"], "ghapi.core.enable_pages,self;branch;path,2,func": ["0.1.2", "0.1.3", "0.1.4", "0.1.5", "0.1.7", "0.1.8", "0.1.9", "0.1.10", "0.1.11", "0.1.12", "0.1.13", "0.1.14", "0.1.15", "0.1.16", "0.1.17", "0.1.18", "0.1.19", "0.1.20", "0.1.21", "0.1.22", "0.1.23", "1.0.0", "1.0.1", "1.0.2", "1.0.3"], "ghapi.core.print_summary,req,0,func": ["0.1.2", "0.1.3", "0.1.4", "0.1.5", "0.1.7", "0.1.8", "0.1.9", "0.1.10", "0.1.11", "0.1.12", "0.1.13", "0.1.14", "0.1.15", "0.1.16", "0.1.17", "0.1.18", "0.1.19", "0.1.20", "0.1.21", "0.1.22", "0.1.23", "1.0.0", "1.0.1", "1.0.2", "1.0.3"], "ghapi.cli.ghapi,,0,func": ["0.1.2", "0.1.3", "0.1.4", "0.1.5", "0.1.7", "0.1.8", "0.1.9", "0.1.10", "0.1.11", "0.1.12", "0.1.13", "0.1.14", "0.1.15", "0.1.16", "0.1.17", "0.1.18", "0.1.19", "0.1.20", "0.1.21", "0.1.22", "0.1.23", "1.0.0", "1.0.1", "1.0.2", "1.0.3"], "ghapi.cli.ghpath,,0,func": ["0.1.2", "0.1.3", "0.1.4", "0.1.5", "0.1.7", "0.1.8", "0.1.9", "0.1.10", "0.1.11", "0.1.12", "0.1.13", "0.1.14", "0.1.15", "0.1.16", "0.1.17", "0.1.18", "0.1.19", "0.1.20", "0.1.21", "0.1.22", "0.1.23", "1.0.0", "1.0.1", "1.0.2", "1.0.3"], "ghapi.cli.ghraw,,0,func": ["0.1.2", "0.1.3", "0.1.4", "0.1.5", "0.1.7", "0.1.8", "0.1.9", "0.1.10", "0.1.11", "0.1.12", "0.1.13", "0.1.14", "0.1.15", "0.1.16", "0.1.17", "0.1.18", "0.1.19", "0.1.20", "0.1.21", "0.1.22", "0.1.23", "1.0.0", "1.0.1", "1.0.2", "1.0.3"], "ghapi.cli.completion_ghapi,,0,func": ["0.1.2", "0.1.3", "0.1.4", "0.1.5", "0.1.7", "0.1.8", "0.1.9", "0.1.10", "0.1.11", "0.1.12", "0.1.13", "0.1.14", "0.1.15", "0.1.16", "0.1.17", "0.1.18", "0.1.19", "0.1.20", "0.1.21", "0.1.22", "0.1.23", "1.0.0", "1.0.1", "1.0.2", "1.0.3"], "ghapi.cli.GhApi,self;owner;repo;token;debug,4": ["0.1.2", "0.1.3", "0.1.4", "0.1.5"], "ghapi.cli.GhApi.full_docs,self,0,cls": ["0.1.2", "0.1.3", "0.1.4", "0.1.5", "0.1.7", "0.1.8", "0.1.9", "0.1.10", "0.1.11", "0.1.12", "0.1.13", "0.1.14", "0.1.15", "0.1.16", "0.1.17", "0.1.18", "0.1.19", "0.1.20", "0.1.21", "0.1.22", "0.1.23", "1.0.0", "1.0.1", "1.0.2", "1.0.3"], "ghapi.cli.delete_release,self;release,0,func": ["0.1.2", "0.1.3", "0.1.4", "0.1.5", "0.1.7", "0.1.8", "0.1.9", "0.1.10", "0.1.11", "0.1.12", "0.1.13", "0.1.14", "0.1.15", "0.1.16", "0.1.17", "0.1.18", "0.1.19", "0.1.20", "0.1.21", "0.1.22", "0.1.23", "1.0.0", "1.0.1", "1.0.2", "1.0.3"], "ghapi.cli.create_release,self;tag_name;branch;name;body;draft;prerelease;files,6,func": ["0.1.2", "0.1.3", "0.1.4", "0.1.5", "0.1.7", "0.1.8", "0.1.9", "0.1.10", "0.1.11", "0.1.12", "0.1.13", "0.1.14", "0.1.15", "0.1.16", "0.1.17", "0.1.18", "0.1.19", "0.1.20", "0.1.21", "0.1.22", "0.1.23", "1.0.0", "1.0.1", "1.0.2", "1.0.3"], "ghapi.cli.list_tags,self;prefix,1,func": ["0.1.2", "0.1.3", "0.1.4", "0.1.5", "0.1.7", "0.1.8", "0.1.9", "0.1.10", "0.1.11", "0.1.12", "0.1.13", "0.1.14", "0.1.15", "0.1.16", "0.1.17", "0.1.18", "0.1.19", "0.1.20", "0.1.21", "0.1.22", "0.1.23", "1.0.0", "1.0.1", "1.0.2", "1.0.3"], "ghapi.cli.list_branches,self;prefix,1,func": ["0.1.2", "0.1.3", "0.1.4", "0.1.5", "0.1.7", "0.1.8", "0.1.9", "0.1.10", "0.1.11", "0.1.12", "0.1.13", "0.1.14", "0.1.15", "0.1.16", "0.1.17", "0.1.18", "0.1.19", "0.1.20", "0.1.21", "0.1.22", "0.1.23", "1.0.0", "1.0.1", "1.0.2", "1.0.3"], "ghapi.cli.create_branch_empty,self;branch,0,func": ["0.1.2", "0.1.3", "0.1.4", "0.1.5", "0.1.7", "0.1.8", "0.1.9", "0.1.10", "0.1.11", "0.1.12", "0.1.13", "0.1.14", "0.1.15", "0.1.16", "0.1.17", "0.1.18", "0.1.19", "0.1.20", "0.1.21", "0.1.22", "0.1.23", "1.0.0", "1.0.1", "1.0.2", "1.0.3"], "ghapi.cli.delete_tag,self;tag,0,func": ["0.1.2", "0.1.3", "0.1.4", "0.1.5", "0.1.7", "0.1.8", "0.1.9", "0.1.10", "0.1.11", "0.1.12", "0.1.13", "0.1.14", "0.1.15", "0.1.16", "0.1.17", "0.1.18", "0.1.19", "0.1.20", "0.1.21", "0.1.22", "0.1.23", "1.0.0", "1.0.1", "1.0.2", "1.0.3"], "ghapi.cli.delete_branch,self;branch,0,func": ["0.1.2", "0.1.3", "0.1.4", "0.1.5", "0.1.7", "0.1.8", "0.1.9", "0.1.10", "0.1.11", "0.1.12", "0.1.13", "0.1.14", "0.1.15", "0.1.16", "0.1.17", "0.1.18", "0.1.19", "0.1.20", "0.1.21", "0.1.22", "0.1.23", "1.0.0", "1.0.1", "1.0.2", "1.0.3"], "ghapi.cli.get_branch,self;branch,1,func": ["0.1.2", "0.1.3", "0.1.4", "0.1.5", "0.1.7", "0.1.8", "0.1.9", "0.1.10", "0.1.11", "0.1.12", "0.1.13", "0.1.14", "0.1.15", "0.1.16", "0.1.17", "0.1.18", "0.1.19", "0.1.20", "0.1.21", "0.1.22", "0.1.23", "1.0.0", "1.0.1", "1.0.2", "1.0.3"], "ghapi.cli.list_files,self;branch,1,func": ["0.1.2", "0.1.3", "0.1.4", "0.1.5", "0.1.7", "0.1.8", "0.1.9", "0.1.10", "0.1.11", "0.1.12", "0.1.13", "0.1.14", "0.1.15", "0.1.16", "0.1.17", "0.1.18", "0.1.19", "0.1.20", "0.1.21", "0.1.22", "0.1.23", "1.0.0", "1.0.1", "1.0.2", "1.0.3"], "ghapi.cli.get_content,self;path,0,func": ["0.1.2", "0.1.3", "0.1.4", "0.1.5", "0.1.7", "0.1.8", "0.1.9", "0.1.10", "0.1.11", "0.1.12", "0.1.13", "0.1.14", "0.1.15", "0.1.16", "0.1.17", "0.1.18", "0.1.19", "0.1.20", "0.1.21", "0.1.22", "0.1.23", "1.0.0", "1.0.1", "1.0.2", "1.0.3"], "ghapi.cli.update_contents,self;path;message;content;sha;branch;committer;author,6,func": ["0.1.2", "0.1.3", "0.1.4", "0.1.5", "0.1.7", "0.1.8", "0.1.9", "0.1.10", "0.1.11", "0.1.12", "0.1.13", "0.1.14", "0.1.15", "0.1.16", "0.1.17", "0.1.18", "0.1.19", "0.1.20", "0.1.21", "0.1.22", "0.1.23"], "ghapi.cli.enable_pages,self;branch;path,2,func": ["0.1.2", "0.1.3", "0.1.4", "0.1.5", "0.1.7", "0.1.8", "0.1.9", "0.1.10", "0.1.11", "0.1.12", "0.1.13", "0.1.14", "0.1.15", "0.1.16", "0.1.17", "0.1.18", "0.1.19", "0.1.20", "0.1.21", "0.1.22", "0.1.23", "1.0.0", "1.0.1", "1.0.2", "1.0.3"], "ghapi.cli.print_summary,req,0,func": ["0.1.2", "0.1.3", "0.1.4", "0.1.5", "0.1.7", "0.1.8", "0.1.9", "0.1.10", "0.1.11", "0.1.12", "0.1.13", "0.1.14", "0.1.15", "0.1.16", "0.1.17", "0.1.18", "0.1.19", "0.1.20", "0.1.21", "0.1.22", "0.1.23", "1.0.0", "1.0.1", "1.0.2", "1.0.3"], "ghapi.actions.create_workflow,name;event,0,func": ["0.1.3", "0.1.4"], "ghapi.actions.example_payload,event,0,func": ["0.1.3", "0.1.4", "0.1.5", "0.1.7", "0.1.8", "0.1.9", "0.1.10", "0.1.11", "0.1.12", "0.1.13", "0.1.14", "0.1.15", "0.1.16", "0.1.17", "0.1.18", "0.1.19", "0.1.20", "0.1.21", "0.1.22", "0.1.23", "1.0.0", "1.0.1", "1.0.2", "1.0.3"], "ghapi.actions.github_token,,0,func": ["0.1.3", "0.1.4", "0.1.5", "0.1.7", "0.1.8", "0.1.9", "0.1.10", "0.1.11", "0.1.12", "0.1.13", "0.1.14", "0.1.15", "0.1.16", "0.1.17", "0.1.18", "0.1.19", "0.1.20", "0.1.21", "0.1.22", "0.1.23", "1.0.0", "1.0.1", "1.0.2", "1.0.3"], "ghapi.actions.actions_output,name;value,0,func": ["0.1.3", "0.1.4", "0.1.5", "0.1.7", "0.1.8", "0.1.9", "0.1.10", "0.1.11", "0.1.12", "0.1.13", "0.1.14", "0.1.15", "0.1.16", "0.1.17", "0.1.18", "0.1.19", "0.1.20", "0.1.21", "0.1.22", "0.1.23", "1.0.0", "1.0.1", "1.0.2", "1.0.3"], "ghapi.actions.actions_debug,message,0,func": ["0.1.3", "0.1.4", "0.1.5", "0.1.7", "0.1.8", "0.1.9", "0.1.10", "0.1.11", "0.1.12", "0.1.13", "0.1.14", "0.1.15", "0.1.16", "0.1.17", "0.1.18", "0.1.19", "0.1.20", "0.1.21", "0.1.22", "0.1.23", "1.0.0", "1.0.1", "1.0.2", "1.0.3"], "ghapi.actions.actions_warn,message;details,1,func": ["0.1.3", "0.1.4", "0.1.5", "0.1.7", "0.1.8", "0.1.9", "0.1.10", "0.1.11", "0.1.12", "0.1.13", "0.1.14", "0.1.15", "0.1.16", "0.1.17", "0.1.18", "0.1.19", "0.1.20", "0.1.21", "0.1.22", "0.1.23", "1.0.0", "1.0.1", "1.0.2", "1.0.3"], "ghapi.actions.actions_error,message;details,1,func": ["0.1.3", "0.1.4", "0.1.5", "0.1.7", "0.1.8", "0.1.9", "0.1.10", "0.1.11", "0.1.12", "0.1.13", "0.1.14", "0.1.15", "0.1.16", "0.1.17", "0.1.18", "0.1.19", "0.1.20", "0.1.21", "0.1.22", "0.1.23", "1.0.0", "1.0.1", "1.0.2", "1.0.3"], "ghapi.actions.actions_group,title,0,func": ["0.1.3", "0.1.4", "0.1.5", "0.1.7", "0.1.8", "0.1.9", "0.1.10", "0.1.11", "0.1.12", "0.1.13", "0.1.14", "0.1.15", "0.1.16", "0.1.17", "0.1.18", "0.1.19", "0.1.20", "0.1.21", "0.1.22", "0.1.23", "1.0.0", "1.0.1", "1.0.2", "1.0.3"], "ghapi.actions.actions_endgroup,,0,func": ["0.1.3", "0.1.4", "0.1.5", "0.1.7", "0.1.8", "0.1.9", "0.1.10", "0.1.11", "0.1.12", "0.1.13", "0.1.14"], "ghapi.actions.actions_mask,value,0,func": ["0.1.3", "0.1.4", "0.1.5", "0.1.7", "0.1.8", "0.1.9", "0.1.10", "0.1.11", "0.1.12", "0.1.13", "0.1.14", "0.1.15", "0.1.16", "0.1.17", "0.1.18", "0.1.19", "0.1.20", "0.1.21", "0.1.22", "0.1.23", "1.0.0", "1.0.1", "1.0.2", "1.0.3"], "ghapi.actions.GhApi,self;owner;repo;token;debug,4": ["0.1.3", "0.1.4", "0.1.5"], "ghapi.actions.GhApi.full_docs,self,0,cls": ["0.1.3", "0.1.4", "0.1.5", "0.1.7", "0.1.8", "0.1.9", "0.1.10", "0.1.11", "0.1.12", "0.1.13", "0.1.14", "0.1.15", "0.1.16", "0.1.17", "0.1.18", "0.1.19", "0.1.20", "0.1.21", "0.1.22", "0.1.23", "1.0.0", "1.0.1", "1.0.2", "1.0.3"], "ghapi.actions.print_summary,req,0,func": ["0.1.3", "0.1.4", "0.1.5", "0.1.7", "0.1.8", "0.1.9", "0.1.10", "0.1.11", "0.1.12", "0.1.13", "0.1.14", "0.1.15", "0.1.16", "0.1.17", "0.1.18", "0.1.19", "0.1.20", "0.1.21", "0.1.22", "0.1.23", "1.0.0", "1.0.1", "1.0.2", "1.0.3"], "ghapi.actions.delete_release,self;release,0,func": ["0.1.3", "0.1.4", "0.1.5", "0.1.7", "0.1.8", "0.1.9", "0.1.10", "0.1.11", "0.1.12", "0.1.13", "0.1.14", "0.1.15", "0.1.16", "0.1.17", "0.1.18", "0.1.19", "0.1.20", "0.1.21", "0.1.22", "0.1.23", "1.0.0", "1.0.1", "1.0.2", "1.0.3"], "ghapi.actions.upload_file,self;rel;fn,0,func": ["0.1.3", "0.1.4", "0.1.5", "0.1.7", "0.1.8", "0.1.9", "0.1.10", "0.1.11", "0.1.12", "0.1.13", "0.1.14", "0.1.15", "0.1.16", "0.1.17", "0.1.18", "0.1.19", "0.1.20", "0.1.21", "0.1.22", "0.1.23", "1.0.0", "1.0.1", "1.0.2", "1.0.3"], "ghapi.actions.create_release,self;tag_name;branch;name;body;draft;prerelease;files,6,func": ["0.1.3", "0.1.4", "0.1.5", "0.1.7", "0.1.8", "0.1.9", "0.1.10", "0.1.11", "0.1.12", "0.1.13", "0.1.14", "0.1.15", "0.1.16", "0.1.17", "0.1.18", "0.1.19", "0.1.20", "0.1.21", "0.1.22", "0.1.23", "1.0.0", "1.0.1", "1.0.2", "1.0.3"], "ghapi.actions.list_tags,self;prefix,1,func": ["0.1.3", "0.1.4", "0.1.5", "0.1.7", "0.1.8", "0.1.9", "0.1.10", "0.1.11", "0.1.12", "0.1.13", "0.1.14", "0.1.15", "0.1.16", "0.1.17", "0.1.18", "0.1.19", "0.1.20", "0.1.21", "0.1.22", "0.1.23", "1.0.0", "1.0.1", "1.0.2", "1.0.3"], "ghapi.actions.list_branches,self;prefix,1,func": ["0.1.3", "0.1.4", "0.1.5", "0.1.7", "0.1.8", "0.1.9", "0.1.10", "0.1.11", "0.1.12", "0.1.13", "0.1.14", "0.1.15", "0.1.16", "0.1.17", "0.1.18", "0.1.19", "0.1.20", "0.1.21", "0.1.22", "0.1.23", "1.0.0", "1.0.1", "1.0.2", "1.0.3"], "ghapi.actions.create_branch_empty,self;branch,0,func": ["0.1.3", "0.1.4", "0.1.5", "0.1.7", "0.1.8", "0.1.9", "0.1.10", "0.1.11", "0.1.12", "0.1.13", "0.1.14", "0.1.15", "0.1.16", "0.1.17", "0.1.18", "0.1.19", "0.1.20", "0.1.21", "0.1.22", "0.1.23", "1.0.0", "1.0.1", "1.0.2", "1.0.3"], "ghapi.actions.delete_tag,self;tag,0,func": ["0.1.3", "0.1.4", "0.1.5", "0.1.7", "0.1.8", "0.1.9", "0.1.10", "0.1.11", "0.1.12", "0.1.13", "0.1.14", "0.1.15", "0.1.16", "0.1.17", "0.1.18", "0.1.19", "0.1.20", "0.1.21", "0.1.22", "0.1.23", "1.0.0", "1.0.1", "1.0.2", "1.0.3"], "ghapi.actions.delete_branch,self;branch,0,func": ["0.1.3", "0.1.4", "0.1.5", "0.1.7", "0.1.8", "0.1.9", "0.1.10", "0.1.11", "0.1.12", "0.1.13", "0.1.14", "0.1.15", "0.1.16", "0.1.17", "0.1.18", "0.1.19", "0.1.20", "0.1.21", "0.1.22", "0.1.23", "1.0.0", "1.0.1", "1.0.2", "1.0.3"], "ghapi.actions.get_branch,self;branch,1,func": ["0.1.3", "0.1.4", "0.1.5", "0.1.7", "0.1.8", "0.1.9", "0.1.10", "0.1.11", "0.1.12", "0.1.13", "0.1.14", "0.1.15", "0.1.16", "0.1.17", "0.1.18", "0.1.19", "0.1.20", "0.1.21", "0.1.22", "0.1.23", "1.0.0", "1.0.1", "1.0.2", "1.0.3"], "ghapi.actions.list_files,self;branch,1,func": ["0.1.3", "0.1.4", "0.1.5", "0.1.7", "0.1.8", "0.1.9", "0.1.10", "0.1.11", "0.1.12", "0.1.13", "0.1.14", "0.1.15", "0.1.16", "0.1.17", "0.1.18", "0.1.19", "0.1.20", "0.1.21", "0.1.22", "0.1.23", "1.0.0", "1.0.1", "1.0.2", "1.0.3"], "ghapi.actions.get_content,self;path,0,func": ["0.1.3", "0.1.4", "0.1.5", "0.1.7", "0.1.8", "0.1.9", "0.1.10", "0.1.11", "0.1.12", "0.1.13", "0.1.14", "0.1.15", "0.1.16", "0.1.17", "0.1.18", "0.1.19", "0.1.20", "0.1.21", "0.1.22", "0.1.23", "1.0.0", "1.0.1", "1.0.2", "1.0.3"], "ghapi.actions.update_contents,self;path;message;content;sha;branch;committer;author,6,func": ["0.1.3", "0.1.4", "0.1.5", "0.1.7", "0.1.8", "0.1.9", "0.1.10", "0.1.11", "0.1.12", "0.1.13", "0.1.14", "0.1.15", "0.1.16", "0.1.17", "0.1.18", "0.1.19", "0.1.20", "0.1.21", "0.1.22", "0.1.23"], "ghapi.actions.enable_pages,self;branch;path,2,func": ["0.1.3", "0.1.4", "0.1.5", "0.1.7", "0.1.8", "0.1.9", "0.1.10", "0.1.11", "0.1.12", "0.1.13", "0.1.14", "0.1.15", "0.1.16", "0.1.17", "0.1.18", "0.1.19", "0.1.20", "0.1.21", "0.1.22", "0.1.23", "1.0.0", "1.0.1", "1.0.2", "1.0.3"], "ghapi.upload_file,self;rel;fn,0,func": ["0.1.3", "0.1.4", "0.1.5"], "ghapi.create_workflow,name;event,0,func": ["0.1.3", "0.1.4"], "ghapi.example_payload,event,0,func": ["0.1.3", "0.1.4", "0.1.5"], "ghapi.github_token,,0,func": ["0.1.3", "0.1.4", "0.1.5"], "ghapi.actions_output,name;value,0,func": ["0.1.3", "0.1.4", "0.1.5"], "ghapi.actions_debug,message,0,func": ["0.1.3", "0.1.4", "0.1.5"], "ghapi.actions_warn,message;details,1,func": ["0.1.3", "0.1.4", "0.1.5"], "ghapi.actions_error,message;details,1,func": ["0.1.3", "0.1.4", "0.1.5"], "ghapi.actions_group,title,0,func": ["0.1.3", "0.1.4", "0.1.5"], "ghapi.actions_endgroup,,0,func": ["0.1.3", "0.1.4", "0.1.5"], "ghapi.actions_mask,value,0,func": ["0.1.3", "0.1.4", "0.1.5"], "ghapi.core.upload_file,self;rel;fn,0,func": ["0.1.3", "0.1.4", "0.1.5", "0.1.7", "0.1.8", "0.1.9", "0.1.10", "0.1.11", "0.1.12", "0.1.13", "0.1.14", "0.1.15", "0.1.16", "0.1.17", "0.1.18", "0.1.19", "0.1.20", "0.1.21", "0.1.22", "0.1.23", "1.0.0", "1.0.1", "1.0.2", "1.0.3"], "ghapi.cli.upload_file,self;rel;fn,0,func": ["0.1.3", "0.1.4", "0.1.5", "0.1.7", "0.1.8", "0.1.9", "0.1.10", "0.1.11", "0.1.12", "0.1.13", "0.1.14", "0.1.15", "0.1.16", "0.1.17", "0.1.18", "0.1.19", "0.1.20", "0.1.21", "0.1.22", "0.1.23", "1.0.0", "1.0.1", "1.0.2", "1.0.3"], "ghapi.actions.create_workflow_files,fname;workflow;build_script;prebuild_script,1,func": ["0.1.5"], "ghapi.actions.fill_workflow_templates,name;event;run;context;script,0,func": ["0.1.5"], "ghapi.actions.env_contexts,contexts,0,func": ["0.1.5", "0.1.7", "0.1.8", "0.1.9", "0.1.10", "0.1.11", "0.1.12", "0.1.13", "0.1.14", "0.1.15", "0.1.16", "0.1.17", "0.1.18", "0.1.19", "0.1.20", "0.1.21", "0.1.22", "0.1.23", "1.0.0", "1.0.1", "1.0.2", "1.0.3"], "ghapi.actions.create_workflow,name;event;contexts,1,func": ["0.1.5"], "ghapi.actions.gh_create_workflow,name;event;contexts,1,func": ["0.1.5", "0.1.7", "0.1.8", "0.1.9", "0.1.10", "0.1.11", "0.1.12", "0.1.13", "0.1.14", "0.1.15", "0.1.16", "0.1.17", "0.1.18", "0.1.19", "0.1.20", "0.1.21", "0.1.22", "0.1.23", "1.0.0", "1.0.1", "1.0.2", "1.0.3"], "ghapi.create_workflow_files,fname;workflow;build_script;prebuild_script,1,func": ["0.1.5"], "ghapi.fill_workflow_templates,name;event;run;context;script,0,func": ["0.1.5"], "ghapi.env_contexts,contexts,0,func": ["0.1.5"], "ghapi.create_workflow,name;event;contexts,1,func": ["0.1.5"], "ghapi.gh_create_workflow,name;event;contexts,1,func": ["0.1.5"], "ghapi.auth.scope_str,,0,func": ["0.1.7", "0.1.8", "0.1.9", "0.1.10", "0.1.11", "0.1.12", "0.1.13", "0.1.14", "0.1.15", "0.1.16", "0.1.17", "0.1.18", "0.1.19", "0.1.20", "0.1.21", "0.1.22", "0.1.23", "1.0.0", "1.0.1", "1.0.2", "1.0.3"], "ghapi.auth.GhDeviceAuth,self;client_id,1": ["0.1.7", "0.1.8", "0.1.9", "0.1.10", "0.1.11", "0.1.12", "0.1.13", "0.1.14", "0.1.15", "0.1.16", "0.1.17", "0.1.18", "0.1.19", "0.1.20", "0.1.21", "0.1.22", "0.1.23", "1.0.0", "1.0.1", "1.0.2", "1.0.3"], "ghapi.auth.url_docs,self,0,func": ["0.1.7", "0.1.8", "0.1.9", "0.1.10", "0.1.11", "0.1.12", "0.1.13", "0.1.14", "0.1.15", "0.1.16", "0.1.17", "0.1.18", "0.1.19", "0.1.20", "0.1.21", "0.1.22", "0.1.23", "1.0.0", "1.0.1", "1.0.2", "1.0.3"], "ghapi.auth.open_browser,self,0,func": ["0.1.7", "0.1.8", "0.1.9", "0.1.10", "0.1.11", "0.1.12", "0.1.13", "0.1.14", "0.1.15", "0.1.16", "0.1.17", "0.1.18", "0.1.19", "0.1.20", "0.1.21", "0.1.22", "0.1.23", "1.0.0", "1.0.1", "1.0.2", "1.0.3"], "ghapi.auth.auth,self,0,func": ["0.1.7", "0.1.8", "0.1.9", "0.1.10", "0.1.11", "0.1.12", "0.1.13", "0.1.14", "0.1.15", "0.1.16", "0.1.17", "0.1.18", "0.1.19", "0.1.20", "0.1.21", "0.1.22", "0.1.23", "1.0.0", "1.0.1", "1.0.2", "1.0.3"], "ghapi.auth.wait,self;cb;n_polls,2,func": ["0.1.7", "0.1.8", "0.1.9", "0.1.10", "0.1.11", "0.1.12", "0.1.13", "0.1.14", "0.1.15", "0.1.16", "0.1.17", "0.1.18", "0.1.19", "0.1.20", "0.1.21", "0.1.22", "0.1.23", "1.0.0", "1.0.1", "1.0.2", "1.0.3"], "ghapi.auth.GhApi,self;owner;repo;token;debug;limit_cb,5": ["0.1.7", "0.1.8", "0.1.9", "0.1.10", "0.1.11", "0.1.12", "0.1.13", "0.1.14", "0.1.15", "0.1.16", "0.1.17", "0.1.18", "0.1.19"], "ghapi.auth.GhApi.full_docs,self,0,cls": ["0.1.7", "0.1.8", "0.1.9", "0.1.10", "0.1.11", "0.1.12", "0.1.13", "0.1.14", "0.1.15", "0.1.16", "0.1.17", "0.1.18", "0.1.19", "0.1.20", "0.1.21", "0.1.22", "0.1.23", "1.0.0", "1.0.1", "1.0.2", "1.0.3"], "ghapi.auth.date2gh,dt,0,func": ["0.1.7", "0.1.8", "0.1.9", "0.1.10", "0.1.11", "0.1.12", "0.1.13", "0.1.14", "0.1.15", "0.1.16", "0.1.17", "0.1.18", "0.1.19", "0.1.20", "0.1.21", "0.1.22", "0.1.23", "1.0.0", "1.0.1", "1.0.2", "1.0.3"], "ghapi.auth.gh2date,dtstr,0,func": ["0.1.7", "0.1.8", "0.1.9", "0.1.10", "0.1.11", "0.1.12", "0.1.13", "0.1.14", "0.1.15", "0.1.16", "0.1.17", "0.1.18", "0.1.19", "0.1.20", "0.1.21", "0.1.22", "0.1.23", "1.0.0", "1.0.1", "1.0.2", "1.0.3"], "ghapi.auth.print_summary,req,0,func": ["0.1.7", "0.1.8", "0.1.9", "0.1.10", "0.1.11", "0.1.12", "0.1.13", "0.1.14", "0.1.15", "0.1.16", "0.1.17", "0.1.18", "0.1.19", "0.1.20", "0.1.21", "0.1.22", "0.1.23", "1.0.0", "1.0.1", "1.0.2", "1.0.3"], "ghapi.auth.delete_release,self;release,0,func": ["0.1.7", "0.1.8", "0.1.9", "0.1.10", "0.1.11", "0.1.12", "0.1.13", "0.1.14", "0.1.15", "0.1.16", "0.1.17", "0.1.18", "0.1.19", "0.1.20", "0.1.21", "0.1.22", "0.1.23", "1.0.0", "1.0.1", "1.0.2", "1.0.3"], "ghapi.auth.upload_file,self;rel;fn,0,func": ["0.1.7", "0.1.8", "0.1.9", "0.1.10", "0.1.11", "0.1.12", "0.1.13", "0.1.14", "0.1.15", "0.1.16", "0.1.17", "0.1.18", "0.1.19", "0.1.20", "0.1.21", "0.1.22", "0.1.23", "1.0.0", "1.0.1", "1.0.2", "1.0.3"], "ghapi.auth.create_release,self;tag_name;branch;name;body;draft;prerelease;files,6,func": ["0.1.7", "0.1.8", "0.1.9", "0.1.10", "0.1.11", "0.1.12", "0.1.13", "0.1.14", "0.1.15", "0.1.16", "0.1.17", "0.1.18", "0.1.19", "0.1.20", "0.1.21", "0.1.22", "0.1.23", "1.0.0", "1.0.1", "1.0.2", "1.0.3"], "ghapi.auth.list_tags,self;prefix,1,func": ["0.1.7", "0.1.8", "0.1.9", "0.1.10", "0.1.11", "0.1.12", "0.1.13", "0.1.14", "0.1.15", "0.1.16", "0.1.17", "0.1.18", "0.1.19", "0.1.20", "0.1.21", "0.1.22", "0.1.23", "1.0.0", "1.0.1", "1.0.2", "1.0.3"], "ghapi.auth.list_branches,self;prefix,1,func": ["0.1.7", "0.1.8", "0.1.9", "0.1.10", "0.1.11", "0.1.12", "0.1.13", "0.1.14", "0.1.15", "0.1.16", "0.1.17", "0.1.18", "0.1.19", "0.1.20", "0.1.21", "0.1.22", "0.1.23", "1.0.0", "1.0.1", "1.0.2", "1.0.3"], "ghapi.auth.create_branch_empty,self;branch,0,func": ["0.1.7", "0.1.8", "0.1.9", "0.1.10", "0.1.11", "0.1.12", "0.1.13", "0.1.14", "0.1.15", "0.1.16", "0.1.17", "0.1.18", "0.1.19", "0.1.20", "0.1.21", "0.1.22", "0.1.23", "1.0.0", "1.0.1", "1.0.2", "1.0.3"], "ghapi.auth.delete_tag,self;tag,0,func": ["0.1.7", "0.1.8", "0.1.9", "0.1.10", "0.1.11", "0.1.12", "0.1.13", "0.1.14", "0.1.15", "0.1.16", "0.1.17", "0.1.18", "0.1.19", "0.1.20", "0.1.21", "0.1.22", "0.1.23", "1.0.0", "1.0.1", "1.0.2", "1.0.3"], "ghapi.auth.delete_branch,self;branch,0,func": ["0.1.7", "0.1.8", "0.1.9", "0.1.10", "0.1.11", "0.1.12", "0.1.13", "0.1.14", "0.1.15", "0.1.16", "0.1.17", "0.1.18", "0.1.19", "0.1.20", "0.1.21", "0.1.22", "0.1.23", "1.0.0", "1.0.1", "1.0.2", "1.0.3"], "ghapi.auth.get_branch,self;branch,1,func": ["0.1.7", "0.1.8", "0.1.9", "0.1.10", "0.1.11", "0.1.12", "0.1.13", "0.1.14", "0.1.15", "0.1.16", "0.1.17", "0.1.18", "0.1.19", "0.1.20", "0.1.21", "0.1.22", "0.1.23", "1.0.0", "1.0.1", "1.0.2", "1.0.3"], "ghapi.auth.list_files,self;branch,1,func": ["0.1.7", "0.1.8", "0.1.9", "0.1.10", "0.1.11", "0.1.12", "0.1.13", "0.1.14", "0.1.15", "0.1.16", "0.1.17", "0.1.18", "0.1.19", "0.1.20", "0.1.21", "0.1.22", "0.1.23", "1.0.0", "1.0.1", "1.0.2", "1.0.3"], "ghapi.auth.get_content,self;path,0,func": ["0.1.7", "0.1.8", "0.1.9", "0.1.10", "0.1.11", "0.1.12", "0.1.13", "0.1.14", "0.1.15", "0.1.16", "0.1.17", "0.1.18", "0.1.19", "0.1.20", "0.1.21", "0.1.22", "0.1.23", "1.0.0", "1.0.1", "1.0.2", "1.0.3"], "ghapi.auth.update_contents,self;path;message;content;sha;branch;committer;author,6,func": ["0.1.7", "0.1.8", "0.1.9", "0.1.10", "0.1.11", "0.1.12", "0.1.13", "0.1.14", "0.1.15", "0.1.16", "0.1.17", "0.1.18", "0.1.19", "0.1.20", "0.1.21", "0.1.22", "0.1.23"], "ghapi.auth.enable_pages,self;branch;path,2,func": ["0.1.7", "0.1.8", "0.1.9", "0.1.10", "0.1.11", "0.1.12", "0.1.13", "0.1.14", "0.1.15", "0.1.16", "0.1.17", "0.1.18", "0.1.19", "0.1.20", "0.1.21", "0.1.22", "0.1.23", "1.0.0", "1.0.1", "1.0.2", "1.0.3"], "ghapi.event.list_events,self;username;org;owner;repo;per_page;page,6,func": ["0.1.7"], "ghapi.event.list_events_parallel,self;username;org;owner;repo;per_page;n_pages,6,func": ["0.1.7"], "ghapi.event.fetch_events,types,1,func": ["0.1.7"], "ghapi.event.GhApi,self;owner;repo;token;debug;limit_cb,5": ["0.1.7", "0.1.8", "0.1.9", "0.1.10", "0.1.11", "0.1.12", "0.1.13", "0.1.14", "0.1.15", "0.1.16", "0.1.17", "0.1.18", "0.1.19"], "ghapi.event.GhApi.full_docs,self,0,cls": ["0.1.7", "0.1.8", "0.1.9", "0.1.10", "0.1.11", "0.1.12", "0.1.13", "0.1.14", "0.1.15", "0.1.16", "0.1.17", "0.1.18", "0.1.19", "0.1.20", "0.1.21", "0.1.22", "0.1.23", "1.0.0", "1.0.1", "1.0.2", "1.0.3"], "ghapi.event.date2gh,dt,0,func": ["0.1.7", "0.1.8", "0.1.9", "0.1.10", "0.1.11", "0.1.12", "0.1.13", "0.1.14", "0.1.15", "0.1.16", "0.1.17", "0.1.18", "0.1.19", "0.1.20", "0.1.21", "0.1.22", "0.1.23", "1.0.0", "1.0.1", "1.0.2", "1.0.3"], "ghapi.event.gh2date,dtstr,0,func": ["0.1.7", "0.1.8", "0.1.9", "0.1.10", "0.1.11", "0.1.12", "0.1.13", "0.1.14", "0.1.15", "0.1.16", "0.1.17", "0.1.18", "0.1.19", "0.1.20", "0.1.21", "0.1.22", "0.1.23", "1.0.0", "1.0.1", "1.0.2", "1.0.3"], "ghapi.event.print_summary,req,0,func": ["0.1.7", "0.1.8", "0.1.9", "0.1.10", "0.1.11", "0.1.12", "0.1.13", "0.1.14", "0.1.15", "0.1.16", "0.1.17", "0.1.18", "0.1.19", "0.1.20", "0.1.21", "0.1.22", "0.1.23", "1.0.0", "1.0.1", "1.0.2", "1.0.3"], "ghapi.event.delete_release,self;release,0,func": ["0.1.7", "0.1.8", "0.1.9", "0.1.10", "0.1.11", "0.1.12", "0.1.13", "0.1.14", "0.1.15", "0.1.16", "0.1.17", "0.1.18", "0.1.19", "0.1.20", "0.1.21", "0.1.22", "0.1.23", "1.0.0", "1.0.1", "1.0.2", "1.0.3"], "ghapi.event.upload_file,self;rel;fn,0,func": ["0.1.7", "0.1.8", "0.1.9", "0.1.10", "0.1.11", "0.1.12", "0.1.13", "0.1.14", "0.1.15", "0.1.16", "0.1.17", "0.1.18", "0.1.19", "0.1.20", "0.1.21", "0.1.22", "0.1.23", "1.0.0", "1.0.1", "1.0.2", "1.0.3"], "ghapi.event.create_release,self;tag_name;branch;name;body;draft;prerelease;files,6,func": ["0.1.7", "0.1.8", "0.1.9", "0.1.10", "0.1.11", "0.1.12", "0.1.13", "0.1.14", "0.1.15", "0.1.16", "0.1.17", "0.1.18", "0.1.19", "0.1.20", "0.1.21", "0.1.22", "0.1.23", "1.0.0", "1.0.1", "1.0.2", "1.0.3"], "ghapi.event.list_tags,self;prefix,1,func": ["0.1.7", "0.1.8", "0.1.9", "0.1.10", "0.1.11", "0.1.12", "0.1.13", "0.1.14", "0.1.15", "0.1.16", "0.1.17", "0.1.18", "0.1.19", "0.1.20", "0.1.21", "0.1.22", "0.1.23", "1.0.0", "1.0.1", "1.0.2", "1.0.3"], "ghapi.event.list_branches,self;prefix,1,func": ["0.1.7", "0.1.8", "0.1.9", "0.1.10", "0.1.11", "0.1.12", "0.1.13", "0.1.14", "0.1.15", "0.1.16", "0.1.17", "0.1.18", "0.1.19", "0.1.20", "0.1.21", "0.1.22", "0.1.23", "1.0.0", "1.0.1", "1.0.2", "1.0.3"], "ghapi.event.create_branch_empty,self;branch,0,func": ["0.1.7", "0.1.8", "0.1.9", "0.1.10", "0.1.11", "0.1.12", "0.1.13", "0.1.14", "0.1.15", "0.1.16", "0.1.17", "0.1.18", "0.1.19", "0.1.20", "0.1.21", "0.1.22", "0.1.23", "1.0.0", "1.0.1", "1.0.2", "1.0.3"], "ghapi.event.delete_tag,self;tag,0,func": ["0.1.7", "0.1.8", "0.1.9", "0.1.10", "0.1.11", "0.1.12", "0.1.13", "0.1.14", "0.1.15", "0.1.16", "0.1.17", "0.1.18", "0.1.19", "0.1.20", "0.1.21", "0.1.22", "0.1.23", "1.0.0", "1.0.1", "1.0.2", "1.0.3"], "ghapi.event.delete_branch,self;branch,0,func": ["0.1.7", "0.1.8", "0.1.9", "0.1.10", "0.1.11", "0.1.12", "0.1.13", "0.1.14", "0.1.15", "0.1.16", "0.1.17", "0.1.18", "0.1.19", "0.1.20", "0.1.21", "0.1.22", "0.1.23", "1.0.0", "1.0.1", "1.0.2", "1.0.3"], "ghapi.event.get_branch,self;branch,1,func": ["0.1.7", "0.1.8", "0.1.9", "0.1.10", "0.1.11", "0.1.12", "0.1.13", "0.1.14", "0.1.15", "0.1.16", "0.1.17", "0.1.18", "0.1.19", "0.1.20", "0.1.21", "0.1.22", "0.1.23", "1.0.0", "1.0.1", "1.0.2", "1.0.3"], "ghapi.event.list_files,self;branch,1,func": ["0.1.7", "0.1.8", "0.1.9", "0.1.10", "0.1.11", "0.1.12", "0.1.13", "0.1.14", "0.1.15", "0.1.16", "0.1.17", "0.1.18", "0.1.19", "0.1.20", "0.1.21", "0.1.22", "0.1.23", "1.0.0", "1.0.1", "1.0.2", "1.0.3"], "ghapi.event.get_content,self;path,0,func": ["0.1.7", "0.1.8", "0.1.9", "0.1.10", "0.1.11", "0.1.12", "0.1.13", "0.1.14", "0.1.15", "0.1.16", "0.1.17", "0.1.18", "0.1.19", "0.1.20", "0.1.21", "0.1.22", "0.1.23", "1.0.0", "1.0.1", "1.0.2", "1.0.3"], "ghapi.event.update_contents,self;path;message;content;sha;branch;committer;author,6,func": ["0.1.7", "0.1.8", "0.1.9", "0.1.10", "0.1.11", "0.1.12", "0.1.13", "0.1.14", "0.1.15", "0.1.16", "0.1.17", "0.1.18", "0.1.19", "0.1.20", "0.1.21", "0.1.22", "0.1.23"], "ghapi.event.enable_pages,self;branch;path,2,func": ["0.1.7", "0.1.8", "0.1.9", "0.1.10", "0.1.11", "0.1.12", "0.1.13", "0.1.14", "0.1.15", "0.1.16", "0.1.17", "0.1.18", "0.1.19", "0.1.20", "0.1.21", "0.1.22", "0.1.23", "1.0.0", "1.0.1", "1.0.2", "1.0.3"], "ghapi.event.paged,oper,0,func": ["0.1.7", "0.1.8", "0.1.9", "0.1.10", "0.1.11", "0.1.12", "0.1.13", "0.1.14", "0.1.15", "0.1.16", "0.1.17", "0.1.18", "0.1.19", "0.1.20", "0.1.21", "0.1.22", "0.1.23", "1.0.0", "1.0.1", "1.0.2", "1.0.3"], "ghapi.event.parse_link_hdr,header,0,func": ["0.1.7", "0.1.8", "0.1.9", "0.1.10", "0.1.11", "0.1.12", "0.1.13", "0.1.14", "0.1.15", "0.1.16", "0.1.17", "0.1.18", "0.1.19", "0.1.20", "0.1.21", "0.1.22", "0.1.23", "1.0.0", "1.0.1", "1.0.2", "1.0.3"], "ghapi.event.last_page,self,0,func": ["0.1.7", "0.1.8", "0.1.9", "0.1.10", "0.1.11", "0.1.12", "0.1.13", "0.1.14", "0.1.15", "0.1.16", "0.1.17", "0.1.18", "0.1.19", "0.1.20", "0.1.21", "0.1.22", "0.1.23", "1.0.0", "1.0.1", "1.0.2", "1.0.3"], "ghapi.event.pages,oper;n_pages,0,func": ["0.1.7", "0.1.8", "0.1.9", "0.1.10", "0.1.11", "0.1.12", "0.1.13", "0.1.14", "0.1.15", "0.1.16", "0.1.17", "0.1.18", "0.1.19", "0.1.20", "0.1.21", "0.1.22", "0.1.23", "1.0.0", "1.0.1", "1.0.2", "1.0.3"], "ghapi.actions.user_repo,,0,func": ["0.1.7", "0.1.8", "0.1.9", "0.1.10", "0.1.11", "0.1.12", "0.1.13", "0.1.14", "0.1.15", "0.1.16", "0.1.17", "0.1.18", "0.1.19", "0.1.20", "0.1.21", "0.1.22", "0.1.23", "1.0.0", "1.0.1", "1.0.2", "1.0.3"], "ghapi.actions.create_workflow_files,fname;workflow;build_script;prebuild,1,func": ["0.1.7", "0.1.8", "0.1.9", "0.1.10", "0.1.11", "0.1.12", "0.1.13", "0.1.14", "0.1.15", "0.1.16", "0.1.17", "0.1.18", "0.1.19", "0.1.20", "0.1.21", "0.1.22", "0.1.23", "1.0.0", "1.0.1", "1.0.2", "1.0.3"], "ghapi.actions.fill_workflow_templates,name;event;run;context;script;opersys;prebuild,2,func": ["0.1.7", "0.1.8", "0.1.9", "0.1.10", "0.1.11", "0.1.12", "0.1.13", "0.1.14", "0.1.15", "0.1.16", "0.1.17", "0.1.18", "0.1.19", "0.1.20", "0.1.21", "0.1.22", "0.1.23", "1.0.0", "1.0.1", "1.0.2", "1.0.3"], "ghapi.actions.create_workflow,name;event;contexts;opersys;prebuild,3,func": ["0.1.7", "0.1.8", "0.1.9", "0.1.10", "0.1.11", "0.1.12", "0.1.13", "0.1.14", "0.1.15", "0.1.16", "0.1.17", "0.1.18", "0.1.19", "0.1.20", "0.1.21", "0.1.22", "0.1.23", "1.0.0", "1.0.1", "1.0.2", "1.0.3"], "ghapi.actions.set_git_user,api,1,func": ["0.1.7", "0.1.8", "0.1.9", "0.1.10", "0.1.11", "0.1.12", "0.1.13", "0.1.14", "0.1.15", "0.1.16", "0.1.17", "0.1.18", "0.1.19", "0.1.20", "0.1.21", "0.1.22", "0.1.23", "1.0.0", "1.0.1", "1.0.2", "1.0.3"], "ghapi.actions.GhApi,self;owner;repo;token;debug;limit_cb,5": ["0.1.7", "0.1.8", "0.1.9", "0.1.10", "0.1.11", "0.1.12", "0.1.13", "0.1.14", "0.1.15", "0.1.16", "0.1.17", "0.1.18", "0.1.19"], "ghapi.actions.date2gh,dt,0,func": ["0.1.7", "0.1.8", "0.1.9", "0.1.10", "0.1.11", "0.1.12", "0.1.13", "0.1.14", "0.1.15", "0.1.16", "0.1.17", "0.1.18", "0.1.19", "0.1.20", "0.1.21", "0.1.22", "0.1.23", "1.0.0", "1.0.1", "1.0.2", "1.0.3"], "ghapi.actions.gh2date,dtstr,0,func": ["0.1.7", "0.1.8", "0.1.9", "0.1.10", "0.1.11", "0.1.12", "0.1.13", "0.1.14", "0.1.15", "0.1.16", "0.1.17", "0.1.18", "0.1.19", "0.1.20", "0.1.21", "0.1.22", "0.1.23", "1.0.0", "1.0.1", "1.0.2", "1.0.3"], "ghapi.page.paged,oper,0,func": ["0.1.7", "0.1.8", "0.1.9", "0.1.10", "0.1.11", "0.1.12", "0.1.13", "0.1.14", "0.1.15", "0.1.16", "0.1.17", "0.1.18", "0.1.19", "0.1.20", "0.1.21", "0.1.22", "0.1.23", "1.0.0", "1.0.1", "1.0.2", "1.0.3"], "ghapi.page.parse_link_hdr,header,0,func": ["0.1.7", "0.1.8", "0.1.9", "0.1.10", "0.1.11", "0.1.12", "0.1.13", "0.1.14", "0.1.15", "0.1.16", "0.1.17", "0.1.18", "0.1.19", "0.1.20", "0.1.21", "0.1.22", "0.1.23", "1.0.0", "1.0.1", "1.0.2", "1.0.3"], "ghapi.page.last_page,self,0,func": ["0.1.7", "0.1.8", "0.1.9", "0.1.10", "0.1.11", "0.1.12", "0.1.13", "0.1.14", "0.1.15", "0.1.16", "0.1.17", "0.1.18", "0.1.19", "0.1.20", "0.1.21", "0.1.22", "0.1.23", "1.0.0", "1.0.1", "1.0.2", "1.0.3"], "ghapi.page.pages,oper;n_pages,0,func": ["0.1.7", "0.1.8", "0.1.9", "0.1.10", "0.1.11", "0.1.12", "0.1.13", "0.1.14", "0.1.15", "0.1.16", "0.1.17", "0.1.18", "0.1.19", "0.1.20", "0.1.21", "0.1.22", "0.1.23", "1.0.0", "1.0.1", "1.0.2", "1.0.3"], "ghapi.page.GhApi,self;owner;repo;token;debug;limit_cb,5": ["0.1.7", "0.1.8", "0.1.9", "0.1.10", "0.1.11", "0.1.12", "0.1.13", "0.1.14", "0.1.15", "0.1.16", "0.1.17", "0.1.18", "0.1.19"], "ghapi.page.GhApi.full_docs,self,0,cls": ["0.1.7", "0.1.8", "0.1.9", "0.1.10", "0.1.11", "0.1.12", "0.1.13", "0.1.14", "0.1.15", "0.1.16", "0.1.17", "0.1.18", "0.1.19", "0.1.20", "0.1.21", "0.1.22", "0.1.23", "1.0.0", "1.0.1", "1.0.2", "1.0.3"], "ghapi.page.date2gh,dt,0,func": ["0.1.7", "0.1.8", "0.1.9", "0.1.10", "0.1.11", "0.1.12", "0.1.13", "0.1.14", "0.1.15", "0.1.16", "0.1.17", "0.1.18", "0.1.19", "0.1.20", "0.1.21", "0.1.22", "0.1.23", "1.0.0", "1.0.1", "1.0.2", "1.0.3"], "ghapi.page.gh2date,dtstr,0,func": ["0.1.7", "0.1.8", "0.1.9", "0.1.10", "0.1.11", "0.1.12", "0.1.13", "0.1.14", "0.1.15", "0.1.16", "0.1.17", "0.1.18", "0.1.19", "0.1.20", "0.1.21", "0.1.22", "0.1.23", "1.0.0", "1.0.1", "1.0.2", "1.0.3"], "ghapi.page.print_summary,req,0,func": ["0.1.7", "0.1.8", "0.1.9", "0.1.10", "0.1.11", "0.1.12", "0.1.13", "0.1.14", "0.1.15", "0.1.16", "0.1.17", "0.1.18", "0.1.19", "0.1.20", "0.1.21", "0.1.22", "0.1.23", "1.0.0", "1.0.1", "1.0.2", "1.0.3"], "ghapi.page.delete_release,self;release,0,func": ["0.1.7", "0.1.8", "0.1.9", "0.1.10", "0.1.11", "0.1.12", "0.1.13", "0.1.14", "0.1.15", "0.1.16", "0.1.17", "0.1.18", "0.1.19", "0.1.20", "0.1.21", "0.1.22", "0.1.23", "1.0.0", "1.0.1", "1.0.2", "1.0.3"], "ghapi.page.upload_file,self;rel;fn,0,func": ["0.1.7", "0.1.8", "0.1.9", "0.1.10", "0.1.11", "0.1.12", "0.1.13", "0.1.14", "0.1.15", "0.1.16", "0.1.17", "0.1.18", "0.1.19", "0.1.20", "0.1.21", "0.1.22", "0.1.23", "1.0.0", "1.0.1", "1.0.2", "1.0.3"], "ghapi.page.create_release,self;tag_name;branch;name;body;draft;prerelease;files,6,func": ["0.1.7", "0.1.8", "0.1.9", "0.1.10", "0.1.11", "0.1.12", "0.1.13", "0.1.14", "0.1.15", "0.1.16", "0.1.17", "0.1.18", "0.1.19", "0.1.20", "0.1.21", "0.1.22", "0.1.23", "1.0.0", "1.0.1", "1.0.2", "1.0.3"], "ghapi.page.list_tags,self;prefix,1,func": ["0.1.7", "0.1.8", "0.1.9", "0.1.10", "0.1.11", "0.1.12", "0.1.13", "0.1.14", "0.1.15", "0.1.16", "0.1.17", "0.1.18", "0.1.19", "0.1.20", "0.1.21", "0.1.22", "0.1.23", "1.0.0", "1.0.1", "1.0.2", "1.0.3"], "ghapi.page.list_branches,self;prefix,1,func": ["0.1.7", "0.1.8", "0.1.9", "0.1.10", "0.1.11", "0.1.12", "0.1.13", "0.1.14", "0.1.15", "0.1.16", "0.1.17", "0.1.18", "0.1.19", "0.1.20", "0.1.21", "0.1.22", "0.1.23", "1.0.0", "1.0.1", "1.0.2", "1.0.3"], "ghapi.page.create_branch_empty,self;branch,0,func": ["0.1.7", "0.1.8", "0.1.9", "0.1.10", "0.1.11", "0.1.12", "0.1.13", "0.1.14", "0.1.15", "0.1.16", "0.1.17", "0.1.18", "0.1.19", "0.1.20", "0.1.21", "0.1.22", "0.1.23", "1.0.0", "1.0.1", "1.0.2", "1.0.3"], "ghapi.page.delete_tag,self;tag,0,func": ["0.1.7", "0.1.8", "0.1.9", "0.1.10", "0.1.11", "0.1.12", "0.1.13", "0.1.14", "0.1.15", "0.1.16", "0.1.17", "0.1.18", "0.1.19", "0.1.20", "0.1.21", "0.1.22", "0.1.23", "1.0.0", "1.0.1", "1.0.2", "1.0.3"], "ghapi.page.delete_branch,self;branch,0,func": ["0.1.7", "0.1.8", "0.1.9", "0.1.10", "0.1.11", "0.1.12", "0.1.13", "0.1.14", "0.1.15", "0.1.16", "0.1.17", "0.1.18", "0.1.19", "0.1.20", "0.1.21", "0.1.22", "0.1.23", "1.0.0", "1.0.1", "1.0.2", "1.0.3"], "ghapi.page.get_branch,self;branch,1,func": ["0.1.7", "0.1.8", "0.1.9", "0.1.10", "0.1.11", "0.1.12", "0.1.13", "0.1.14", "0.1.15", "0.1.16", "0.1.17", "0.1.18", "0.1.19", "0.1.20", "0.1.21", "0.1.22", "0.1.23", "1.0.0", "1.0.1", "1.0.2", "1.0.3"], "ghapi.page.list_files,self;branch,1,func": ["0.1.7", "0.1.8", "0.1.9", "0.1.10", "0.1.11", "0.1.12", "0.1.13", "0.1.14", "0.1.15", "0.1.16", "0.1.17", "0.1.18", "0.1.19", "0.1.20", "0.1.21", "0.1.22", "0.1.23", "1.0.0", "1.0.1", "1.0.2", "1.0.3"], "ghapi.page.get_content,self;path,0,func": ["0.1.7", "0.1.8", "0.1.9", "0.1.10", "0.1.11", "0.1.12", "0.1.13", "0.1.14", "0.1.15", "0.1.16", "0.1.17", "0.1.18", "0.1.19", "0.1.20", "0.1.21", "0.1.22", "0.1.23", "1.0.0", "1.0.1", "1.0.2", "1.0.3"], "ghapi.page.update_contents,self;path;message;content;sha;branch;committer;author,6,func": ["0.1.7", "0.1.8", "0.1.9", "0.1.10", "0.1.11", "0.1.12", "0.1.13", "0.1.14", "0.1.15", "0.1.16", "0.1.17", "0.1.18", "0.1.19", "0.1.20", "0.1.21", "0.1.22", "0.1.23"], "ghapi.page.enable_pages,self;branch;path,2,func": ["0.1.7", "0.1.8", "0.1.9", "0.1.10", "0.1.11", "0.1.12", "0.1.13", "0.1.14", "0.1.15", "0.1.16", "0.1.17", "0.1.18", "0.1.19", "0.1.20", "0.1.21", "0.1.22", "0.1.23", "1.0.0", "1.0.1", "1.0.2", "1.0.3"], "ghapi.core.GhApi,self;owner;repo;token;debug;limit_cb,5": ["0.1.7", "0.1.8", "0.1.9", "0.1.10", "0.1.11", "0.1.12", "0.1.13", "0.1.14", "0.1.15", "0.1.16", "0.1.17", "0.1.18", "0.1.19"], "ghapi.core.date2gh,dt,0,func": ["0.1.7", "0.1.8", "0.1.9", "0.1.10", "0.1.11", "0.1.12", "0.1.13", "0.1.14", "0.1.15", "0.1.16", "0.1.17", "0.1.18", "0.1.19", "0.1.20", "0.1.21", "0.1.22", "0.1.23", "1.0.0", "1.0.1", "1.0.2", "1.0.3"], "ghapi.core.gh2date,dtstr,0,func": ["0.1.7", "0.1.8", "0.1.9", "0.1.10", "0.1.11", "0.1.12", "0.1.13", "0.1.14", "0.1.15", "0.1.16", "0.1.17", "0.1.18", "0.1.19", "0.1.20", "0.1.21", "0.1.22", "0.1.23", "1.0.0", "1.0.1", "1.0.2", "1.0.3"], "ghapi.all.GhApi,self;owner;repo;token;debug;limit_cb,5": ["0.1.7", "0.1.8", "0.1.9", "0.1.10", "0.1.11", "0.1.12", "0.1.13", "0.1.14", "0.1.15", "0.1.16", "0.1.17", "0.1.18", "0.1.19"], "ghapi.all.GhApi.full_docs,self,0,cls": ["0.1.7", "0.1.8", "0.1.9", "0.1.10", "0.1.11", "0.1.12", "0.1.13", "0.1.14", "0.1.15", "0.1.16", "0.1.17", "0.1.18", "0.1.19", "0.1.20", "0.1.21", "0.1.22", "0.1.23", "1.0.0", "1.0.1", "1.0.2", "1.0.3"], "ghapi.all.date2gh,dt,0,func": ["0.1.7", "0.1.8", "0.1.9", "0.1.10", "0.1.11", "0.1.12", "0.1.13", "0.1.14", "0.1.15", "0.1.16", "0.1.17", "0.1.18", "0.1.19", "0.1.20", "0.1.21", "0.1.22", "0.1.23", "1.0.0", "1.0.1", "1.0.2", "1.0.3"], "ghapi.all.gh2date,dtstr,0,func": ["0.1.7", "0.1.8", "0.1.9", "0.1.10", "0.1.11", "0.1.12", "0.1.13", "0.1.14", "0.1.15", "0.1.16", "0.1.17", "0.1.18", "0.1.19", "0.1.20", "0.1.21", "0.1.22", "0.1.23", "1.0.0", "1.0.1", "1.0.2", "1.0.3"], "ghapi.all.print_summary,req,0,func": ["0.1.7", "0.1.8", "0.1.9", "0.1.10", "0.1.11", "0.1.12", "0.1.13", "0.1.14", "0.1.15", "0.1.16", "0.1.17", "0.1.18", "0.1.19", "0.1.20", "0.1.21", "0.1.22", "0.1.23", "1.0.0", "1.0.1", "1.0.2", "1.0.3"], "ghapi.all.delete_release,self;release,0,func": ["0.1.7", "0.1.8", "0.1.9", "0.1.10", "0.1.11", "0.1.12", "0.1.13", "0.1.14", "0.1.15", "0.1.16", "0.1.17", "0.1.18", "0.1.19", "0.1.20", "0.1.21", "0.1.22", "0.1.23", "1.0.0", "1.0.1", "1.0.2", "1.0.3"], "ghapi.all.upload_file,self;rel;fn,0,func": ["0.1.7", "0.1.8", "0.1.9", "0.1.10", "0.1.11", "0.1.12", "0.1.13", "0.1.14", "0.1.15", "0.1.16", "0.1.17", "0.1.18", "0.1.19", "0.1.20", "0.1.21", "0.1.22", "0.1.23", "1.0.0", "1.0.1", "1.0.2", "1.0.3"], "ghapi.all.create_release,self;tag_name;branch;name;body;draft;prerelease;files,6,func": ["0.1.7", "0.1.8", "0.1.9", "0.1.10", "0.1.11", "0.1.12", "0.1.13", "0.1.14", "0.1.15", "0.1.16", "0.1.17", "0.1.18", "0.1.19", "0.1.20", "0.1.21", "0.1.22", "0.1.23", "1.0.0", "1.0.1", "1.0.2", "1.0.3"], "ghapi.all.list_tags,self;prefix,1,func": ["0.1.7", "0.1.8", "0.1.9", "0.1.10", "0.1.11", "0.1.12", "0.1.13", "0.1.14", "0.1.15", "0.1.16", "0.1.17", "0.1.18", "0.1.19", "0.1.20", "0.1.21", "0.1.22", "0.1.23", "1.0.0", "1.0.1", "1.0.2", "1.0.3"], "ghapi.all.list_branches,self;prefix,1,func": ["0.1.7", "0.1.8", "0.1.9", "0.1.10", "0.1.11", "0.1.12", "0.1.13", "0.1.14", "0.1.15", "0.1.16", "0.1.17", "0.1.18", "0.1.19", "0.1.20", "0.1.21", "0.1.22", "0.1.23", "1.0.0", "1.0.1", "1.0.2", "1.0.3"], "ghapi.all.create_branch_empty,self;branch,0,func": ["0.1.7", "0.1.8", "0.1.9", "0.1.10", "0.1.11", "0.1.12", "0.1.13", "0.1.14", "0.1.15", "0.1.16", "0.1.17", "0.1.18", "0.1.19", "0.1.20", "0.1.21", "0.1.22", "0.1.23", "1.0.0", "1.0.1", "1.0.2", "1.0.3"], "ghapi.all.delete_tag,self;tag,0,func": ["0.1.7", "0.1.8", "0.1.9", "0.1.10", "0.1.11", "0.1.12", "0.1.13", "0.1.14", "0.1.15", "0.1.16", "0.1.17", "0.1.18", "0.1.19", "0.1.20", "0.1.21", "0.1.22", "0.1.23", "1.0.0", "1.0.1", "1.0.2", "1.0.3"], "ghapi.all.delete_branch,self;branch,0,func": ["0.1.7", "0.1.8", "0.1.9", "0.1.10", "0.1.11", "0.1.12", "0.1.13", "0.1.14", "0.1.15", "0.1.16", "0.1.17", "0.1.18", "0.1.19", "0.1.20", "0.1.21", "0.1.22", "0.1.23", "1.0.0", "1.0.1", "1.0.2", "1.0.3"], "ghapi.all.get_branch,self;branch,1,func": ["0.1.7", "0.1.8", "0.1.9", "0.1.10", "0.1.11", "0.1.12", "0.1.13", "0.1.14", "0.1.15", "0.1.16", "0.1.17", "0.1.18", "0.1.19", "0.1.20", "0.1.21", "0.1.22", "0.1.23", "1.0.0", "1.0.1", "1.0.2", "1.0.3"], "ghapi.all.list_files,self;branch,1,func": ["0.1.7", "0.1.8", "0.1.9", "0.1.10", "0.1.11", "0.1.12", "0.1.13", "0.1.14", "0.1.15", "0.1.16", "0.1.17", "0.1.18", "0.1.19", "0.1.20", "0.1.21", "0.1.22", "0.1.23", "1.0.0", "1.0.1", "1.0.2", "1.0.3"], "ghapi.all.get_content,self;path,0,func": ["0.1.7", "0.1.8", "0.1.9", "0.1.10", "0.1.11", "0.1.12", "0.1.13", "0.1.14", "0.1.15", "0.1.16", "0.1.17", "0.1.18", "0.1.19", "0.1.20", "0.1.21", "0.1.22", "0.1.23", "1.0.0", "1.0.1", "1.0.2", "1.0.3"], "ghapi.all.update_contents,self;path;message;content;sha;branch;committer;author,6,func": ["0.1.7", "0.1.8", "0.1.9", "0.1.10", "0.1.11", "0.1.12", "0.1.13", "0.1.14", "0.1.15", "0.1.16", "0.1.17", "0.1.18", "0.1.19", "0.1.20", "0.1.21", "0.1.22", "0.1.23"], "ghapi.all.enable_pages,self;branch;path,2,func": ["0.1.7", "0.1.8", "0.1.9", "0.1.10", "0.1.11", "0.1.12", "0.1.13", "0.1.14", "0.1.15", "0.1.16", "0.1.17", "0.1.18", "0.1.19", "0.1.20", "0.1.21", "0.1.22", "0.1.23", "1.0.0", "1.0.1", "1.0.2", "1.0.3"], "ghapi.all.user_repo,,0,func": ["0.1.7", "0.1.8", "0.1.9", "0.1.10", "0.1.11", "0.1.12", "0.1.13", "0.1.14", "0.1.15", "0.1.16", "0.1.17", "0.1.18", "0.1.19", "0.1.20", "0.1.21", "0.1.22", "0.1.23", "1.0.0", "1.0.1", "1.0.2", "1.0.3"], "ghapi.all.create_workflow_files,fname;workflow;build_script;prebuild,1,func": ["0.1.7", "0.1.8", "0.1.9", "0.1.10", "0.1.11", "0.1.12", "0.1.13", "0.1.14", "0.1.15", "0.1.16", "0.1.17", "0.1.18", "0.1.19", "0.1.20", "0.1.21", "0.1.22", "0.1.23", "1.0.0", "1.0.1", "1.0.2", "1.0.3"], "ghapi.all.fill_workflow_templates,name;event;run;context;script;opersys;prebuild,2,func": ["0.1.7", "0.1.8", "0.1.9", "0.1.10", "0.1.11", "0.1.12", "0.1.13", "0.1.14", "0.1.15", "0.1.16", "0.1.17", "0.1.18", "0.1.19", "0.1.20", "0.1.21", "0.1.22", "0.1.23", "1.0.0", "1.0.1", "1.0.2", "1.0.3"], "ghapi.all.env_contexts,contexts,0,func": ["0.1.7", "0.1.8", "0.1.9", "0.1.10", "0.1.11", "0.1.12", "0.1.13", "0.1.14", "0.1.15", "0.1.16", "0.1.17", "0.1.18", "0.1.19", "0.1.20", "0.1.21", "0.1.22", "0.1.23", "1.0.0", "1.0.1", "1.0.2", "1.0.3"], "ghapi.all.create_workflow,name;event;contexts;opersys;prebuild,3,func": ["0.1.7", "0.1.8", "0.1.9", "0.1.10", "0.1.11", "0.1.12", "0.1.13", "0.1.14", "0.1.15", "0.1.16", "0.1.17", "0.1.18", "0.1.19", "0.1.20", "0.1.21", "0.1.22", "0.1.23", "1.0.0", "1.0.1", "1.0.2", "1.0.3"], "ghapi.all.gh_create_workflow,name;event;contexts,1,func": ["0.1.7", "0.1.8", "0.1.9", "0.1.10", "0.1.11", "0.1.12", "0.1.13", "0.1.14", "0.1.15", "0.1.16", "0.1.17", "0.1.18", "0.1.19", "0.1.20", "0.1.21", "0.1.22", "0.1.23", "1.0.0", "1.0.1", "1.0.2", "1.0.3"], "ghapi.all.example_payload,event,0,func": ["0.1.7", "0.1.8", "0.1.9", "0.1.10", "0.1.11", "0.1.12", "0.1.13", "0.1.14", "0.1.15", "0.1.16", "0.1.17", "0.1.18", "0.1.19", "0.1.20", "0.1.21", "0.1.22", "0.1.23", "1.0.0", "1.0.1", "1.0.2", "1.0.3"], "ghapi.all.github_token,,0,func": ["0.1.7", "0.1.8", "0.1.9", "0.1.10", "0.1.11", "0.1.12", "0.1.13", "0.1.14", "0.1.15", "0.1.16", "0.1.17", "0.1.18", "0.1.19", "0.1.20", "0.1.21", "0.1.22", "0.1.23", "1.0.0", "1.0.1", "1.0.2", "1.0.3"], "ghapi.all.actions_output,name;value,0,func": ["0.1.7", "0.1.8", "0.1.9", "0.1.10", "0.1.11", "0.1.12", "0.1.13", "0.1.14", "0.1.15", "0.1.16", "0.1.17", "0.1.18", "0.1.19", "0.1.20", "0.1.21", "0.1.22", "0.1.23", "1.0.0", "1.0.1", "1.0.2", "1.0.3"], "ghapi.all.actions_debug,message,0,func": ["0.1.7", "0.1.8", "0.1.9", "0.1.10", "0.1.11", "0.1.12", "0.1.13", "0.1.14", "0.1.15", "0.1.16", "0.1.17", "0.1.18", "0.1.19", "0.1.20", "0.1.21", "0.1.22", "0.1.23", "1.0.0", "1.0.1", "1.0.2", "1.0.3"], "ghapi.all.actions_warn,message;details,1,func": ["0.1.7", "0.1.8", "0.1.9", "0.1.10", "0.1.11", "0.1.12", "0.1.13", "0.1.14", "0.1.15", "0.1.16", "0.1.17", "0.1.18", "0.1.19", "0.1.20", "0.1.21", "0.1.22", "0.1.23", "1.0.0", "1.0.1", "1.0.2", "1.0.3"], "ghapi.all.actions_error,message;details,1,func": ["0.1.7", "0.1.8", "0.1.9", "0.1.10", "0.1.11", "0.1.12", "0.1.13", "0.1.14", "0.1.15", "0.1.16", "0.1.17", "0.1.18", "0.1.19", "0.1.20", "0.1.21", "0.1.22", "0.1.23", "1.0.0", "1.0.1", "1.0.2", "1.0.3"], "ghapi.all.actions_group,title,0,func": ["0.1.7", "0.1.8", "0.1.9", "0.1.10", "0.1.11", "0.1.12", "0.1.13", "0.1.14", "0.1.15", "0.1.16", "0.1.17", "0.1.18", "0.1.19", "0.1.20", "0.1.21", "0.1.22", "0.1.23", "1.0.0", "1.0.1", "1.0.2", "1.0.3"], "ghapi.all.actions_endgroup,,0,func": ["0.1.7", "0.1.8", "0.1.9", "0.1.10", "0.1.11", "0.1.12", "0.1.13", "0.1.14"], "ghapi.all.actions_mask,value,0,func": ["0.1.7", "0.1.8", "0.1.9", "0.1.10", "0.1.11", "0.1.12", "0.1.13", "0.1.14", "0.1.15", "0.1.16", "0.1.17", "0.1.18", "0.1.19", "0.1.20", "0.1.21", "0.1.22", "0.1.23", "1.0.0", "1.0.1", "1.0.2", "1.0.3"], "ghapi.all.set_git_user,api,1,func": ["0.1.7", "0.1.8", "0.1.9", "0.1.10", "0.1.11", "0.1.12", "0.1.13", "0.1.14", "0.1.15", "0.1.16", "0.1.17", "0.1.18", "0.1.19", "0.1.20", "0.1.21", "0.1.22", "0.1.23", "1.0.0", "1.0.1", "1.0.2", "1.0.3"], "ghapi.all.scope_str,,0,func": ["0.1.7", "0.1.8", "0.1.9", "0.1.10", "0.1.11", "0.1.12", "0.1.13", "0.1.14", "0.1.15", "0.1.16", "0.1.17", "0.1.18", "0.1.19", "0.1.20", "0.1.21", "0.1.22", "0.1.23", "1.0.0", "1.0.1", "1.0.2", "1.0.3"], "ghapi.all.GhDeviceAuth,self;client_id,1": ["0.1.7", "0.1.8", "0.1.9", "0.1.10", "0.1.11", "0.1.12", "0.1.13", "0.1.14", "0.1.15", "0.1.16", "0.1.17", "0.1.18", "0.1.19", "0.1.20", "0.1.21", "0.1.22", "0.1.23", "1.0.0", "1.0.1", "1.0.2", "1.0.3"], "ghapi.all.url_docs,self,0,func": ["0.1.7", "0.1.8", "0.1.9", "0.1.10", "0.1.11", "0.1.12", "0.1.13", "0.1.14", "0.1.15", "0.1.16", "0.1.17", "0.1.18", "0.1.19", "0.1.20", "0.1.21", "0.1.22", "0.1.23", "1.0.0", "1.0.1", "1.0.2", "1.0.3"], "ghapi.all.open_browser,self,0,func": ["0.1.7", "0.1.8", "0.1.9", "0.1.10", "0.1.11", "0.1.12", "0.1.13", "0.1.14", "0.1.15", "0.1.16", "0.1.17", "0.1.18", "0.1.19", "0.1.20", "0.1.21", "0.1.22", "0.1.23", "1.0.0", "1.0.1", "1.0.2", "1.0.3"], "ghapi.all.auth,self,0,func": ["0.1.7", "0.1.8", "0.1.9", "0.1.10", "0.1.11", "0.1.12", "0.1.13", "0.1.14", "0.1.15", "0.1.16", "0.1.17", "0.1.18", "0.1.19", "0.1.20", "0.1.21", "0.1.22", "0.1.23", "1.0.0", "1.0.1", "1.0.2", "1.0.3"], "ghapi.all.wait,self;cb;n_polls,2,func": ["0.1.7", "0.1.8", "0.1.9", "0.1.10", "0.1.11", "0.1.12", "0.1.13", "0.1.14", "0.1.15", "0.1.16", "0.1.17", "0.1.18", "0.1.19", "0.1.20", "0.1.21", "0.1.22", "0.1.23", "1.0.0", "1.0.1", "1.0.2", "1.0.3"], "ghapi.cli.GhApi,self;owner;repo;token;debug;limit_cb,5": ["0.1.7", "0.1.8", "0.1.9", "0.1.10", "0.1.11", "0.1.12", "0.1.13", "0.1.14", "0.1.15", "0.1.16", "0.1.17", "0.1.18", "0.1.19"], "ghapi.cli.date2gh,dt,0,func": ["0.1.7", "0.1.8", "0.1.9", "0.1.10", "0.1.11", "0.1.12", "0.1.13", "0.1.14", "0.1.15", "0.1.16", "0.1.17", "0.1.18", "0.1.19", "0.1.20", "0.1.21", "0.1.22", "0.1.23", "1.0.0", "1.0.1", "1.0.2", "1.0.3"], "ghapi.cli.gh2date,dtstr,0,func": ["0.1.7", "0.1.8", "0.1.9", "0.1.10", "0.1.11", "0.1.12", "0.1.13", "0.1.14", "0.1.15", "0.1.16", "0.1.17", "0.1.18", "0.1.19", "0.1.20", "0.1.21", "0.1.22", "0.1.23", "1.0.0", "1.0.1", "1.0.2", "1.0.3"], "ghapi.event.list_events,self;per_page;page,2,func": ["0.1.8", "0.1.9", "0.1.10", "0.1.11", "0.1.12", "0.1.13", "0.1.14", "0.1.15", "0.1.16", "0.1.17", "0.1.18", "0.1.19", "0.1.20", "0.1.21", "0.1.22", "0.1.23", "1.0.0", "1.0.1", "1.0.2", "1.0.3"], "ghapi.event.list_events_parallel,self;per_page;n_pages,2,func": ["0.1.8", "0.1.9", "0.1.10", "0.1.11", "0.1.12", "0.1.13", "0.1.14", "0.1.15", "0.1.16", "0.1.17", "0.1.18", "0.1.19", "0.1.20", "0.1.21", "0.1.22", "0.1.23", "1.0.0", "1.0.1", "1.0.2", "1.0.3"], "ghapi.event.fetch_events,self;n_pages;pause;per_page;types;incl_bot,5,func": ["0.1.8", "0.1.9", "0.1.10", "0.1.11", "0.1.12", "0.1.13", "0.1.14", "0.1.15", "0.1.16", "0.1.17", "0.1.18", "0.1.19", "0.1.20", "0.1.21", "0.1.22", "0.1.23", "1.0.0", "1.0.1", "1.0.2", "1.0.3"], "ghapi.all.paged,oper,0,func": ["0.1.8", "0.1.9", "0.1.10", "0.1.11", "0.1.12", "0.1.13", "0.1.14", "0.1.15", "0.1.16", "0.1.17", "0.1.18", "0.1.19", "0.1.20", "0.1.21", "0.1.22", "0.1.23", "1.0.0", "1.0.1", "1.0.2", "1.0.3"], "ghapi.all.parse_link_hdr,header,0,func": ["0.1.8", "0.1.9", "0.1.10", "0.1.11", "0.1.12", "0.1.13", "0.1.14", "0.1.15", "0.1.16", "0.1.17", "0.1.18", "0.1.19", "0.1.20", "0.1.21", "0.1.22", "0.1.23", "1.0.0", "1.0.1", "1.0.2", "1.0.3"], "ghapi.all.last_page,self,0,func": ["0.1.8", "0.1.9", "0.1.10", "0.1.11", "0.1.12", "0.1.13", "0.1.14", "0.1.15", "0.1.16", "0.1.17", "0.1.18", "0.1.19", "0.1.20", "0.1.21", "0.1.22", "0.1.23", "1.0.0", "1.0.1", "1.0.2", "1.0.3"], "ghapi.all.pages,oper;n_pages,0,func": ["0.1.8", "0.1.9", "0.1.10", "0.1.11", "0.1.12", "0.1.13", "0.1.14", "0.1.15", "0.1.16", "0.1.17", "0.1.18", "0.1.19", "0.1.20", "0.1.21", "0.1.22", "0.1.23", "1.0.0", "1.0.1", "1.0.2", "1.0.3"], "ghapi.all.list_events,self;per_page;page,2,func": ["0.1.8", "0.1.9", "0.1.10", "0.1.11", "0.1.12", "0.1.13", "0.1.14", "0.1.15", "0.1.16", "0.1.17", "0.1.18", "0.1.19", "0.1.20", "0.1.21", "0.1.22", "0.1.23", "1.0.0", "1.0.1", "1.0.2", "1.0.3"], "ghapi.all.list_events_parallel,self;per_page;n_pages,2,func": ["0.1.8", "0.1.9", "0.1.10", "0.1.11", "0.1.12", "0.1.13", "0.1.14", "0.1.15", "0.1.16", "0.1.17", "0.1.18", "0.1.19", "0.1.20", "0.1.21", "0.1.22", "0.1.23", "1.0.0", "1.0.1", "1.0.2", "1.0.3"], "ghapi.all.fetch_events,self;n_pages;pause;per_page;types;incl_bot,5,func": ["0.1.8", "0.1.9", "0.1.10", "0.1.11", "0.1.12", "0.1.13", "0.1.14", "0.1.15", "0.1.16", "0.1.17", "0.1.18", "0.1.19", "0.1.20", "0.1.21", "0.1.22", "0.1.23", "1.0.0", "1.0.1", "1.0.2", "1.0.3"], "ghapi.event.load_sample_events,,0,func": ["0.1.10", "0.1.11", "0.1.12", "0.1.13", "0.1.14", "0.1.15", "0.1.16", "0.1.17", "0.1.18", "0.1.19", "0.1.20", "0.1.21", "0.1.22", "0.1.23", "1.0.0", "1.0.1", "1.0.2", "1.0.3"], "ghapi.event.save_sample_events,n,1,func": ["0.1.10", "0.1.11", "0.1.12", "0.1.13", "0.1.14", "0.1.15", "0.1.16", "0.1.17", "0.1.18", "0.1.19", "0.1.20", "0.1.21", "0.1.22", "0.1.23", "1.0.0", "1.0.1", "1.0.2", "1.0.3"], "ghapi.all.load_sample_events,,0,func": ["0.1.10", "0.1.11", "0.1.12", "0.1.13", "0.1.14", "0.1.15", "0.1.16", "0.1.17", "0.1.18", "0.1.19", "0.1.20", "0.1.21", "0.1.22", "0.1.23", "1.0.0", "1.0.1", "1.0.2", "1.0.3"], "ghapi.all.save_sample_events,n,1,func": ["0.1.10", "0.1.11", "0.1.12", "0.1.13", "0.1.14", "0.1.15", "0.1.16", "0.1.17", "0.1.18", "0.1.19", "0.1.20", "0.1.21", "0.1.22", "0.1.23", "1.0.0", "1.0.1", "1.0.2", "1.0.3"], "ghapi.event.GhEvent,,": ["0.1.14", "0.1.15", "0.1.16", "0.1.17", "0.1.18", "0.1.19", "0.1.20", "0.1.21", "0.1.22", "0.1.23", "1.0.0", "1.0.1", "1.0.2", "1.0.3"], "ghapi.event.full_type,self,0,func": ["0.1.14", "0.1.15", "0.1.16", "0.1.17", "0.1.18", "0.1.19", "0.1.20", "0.1.21", "0.1.22", "0.1.23", "1.0.0", "1.0.1", "1.0.2", "1.0.3"], "ghapi.event.description,self,0,func": ["0.1.14", "0.1.15", "0.1.16", "0.1.17", "0.1.18", "0.1.19", "0.1.20", "0.1.21", "0.1.22", "0.1.23", "1.0.0", "1.0.1", "1.0.2", "1.0.3"], "ghapi.event.emoji,self,0,func": ["0.1.14", "0.1.15", "0.1.16", "0.1.17", "0.1.18", "0.1.19", "0.1.20", "0.1.21", "0.1.22", "0.1.23", "1.0.0", "1.0.1", "1.0.2", "1.0.3"], "ghapi.event.text,self,0,func": ["0.1.14", "0.1.15", "0.1.16", "0.1.17", "0.1.18", "0.1.19", "0.1.20", "0.1.21", "0.1.22", "0.1.23", "1.0.0", "1.0.1", "1.0.2", "1.0.3"], "ghapi.event.user_repo,,0,func": ["0.1.14", "0.1.15", "0.1.16", "0.1.17", "0.1.18", "0.1.19", "0.1.20", "0.1.21", "0.1.22", "0.1.23", "1.0.0", "1.0.1", "1.0.2", "1.0.3"], "ghapi.event.create_workflow_files,fname;workflow;build_script;prebuild,1,func": ["0.1.14", "0.1.15", "0.1.16", "0.1.17", "0.1.18", "0.1.19", "0.1.20", "0.1.21", "0.1.22", "0.1.23", "1.0.0", "1.0.1", "1.0.2", "1.0.3"], "ghapi.event.fill_workflow_templates,name;event;run;context;script;opersys;prebuild,2,func": ["0.1.14", "0.1.15", "0.1.16", "0.1.17", "0.1.18", "0.1.19", "0.1.20", "0.1.21", "0.1.22", "0.1.23", "1.0.0", "1.0.1", "1.0.2", "1.0.3"], "ghapi.event.env_contexts,contexts,0,func": ["0.1.14", "0.1.15", "0.1.16", "0.1.17", "0.1.18", "0.1.19", "0.1.20", "0.1.21", "0.1.22", "0.1.23", "1.0.0", "1.0.1", "1.0.2", "1.0.3"], "ghapi.event.create_workflow,name;event;contexts;opersys;prebuild,3,func": ["0.1.14", "0.1.15", "0.1.16", "0.1.17", "0.1.18", "0.1.19", "0.1.20", "0.1.21", "0.1.22", "0.1.23", "1.0.0", "1.0.1", "1.0.2", "1.0.3"], "ghapi.event.gh_create_workflow,name;event;contexts,1,func": ["0.1.14", "0.1.15", "0.1.16", "0.1.17", "0.1.18", "0.1.19", "0.1.20", "0.1.21", "0.1.22", "0.1.23", "1.0.0", "1.0.1", "1.0.2", "1.0.3"], "ghapi.event.example_payload,event,0,func": ["0.1.14", "0.1.15", "0.1.16", "0.1.17", "0.1.18", "0.1.19", "0.1.20", "0.1.21", "0.1.22", "0.1.23", "1.0.0", "1.0.1", "1.0.2", "1.0.3"], "ghapi.event.github_token,,0,func": ["0.1.14", "0.1.15", "0.1.16", "0.1.17", "0.1.18", "0.1.19", "0.1.20", "0.1.21", "0.1.22", "0.1.23", "1.0.0", "1.0.1", "1.0.2", "1.0.3"], "ghapi.event.actions_output,name;value,0,func": ["0.1.14", "0.1.15", "0.1.16", "0.1.17", "0.1.18", "0.1.19", "0.1.20", "0.1.21", "0.1.22", "0.1.23", "1.0.0", "1.0.1", "1.0.2", "1.0.3"], "ghapi.event.actions_debug,message,0,func": ["0.1.14", "0.1.15", "0.1.16", "0.1.17", "0.1.18", "0.1.19", "0.1.20", "0.1.21", "0.1.22", "0.1.23", "1.0.0", "1.0.1", "1.0.2", "1.0.3"], "ghapi.event.actions_warn,message;details,1,func": ["0.1.14", "0.1.15", "0.1.16", "0.1.17", "0.1.18", "0.1.19", "0.1.20", "0.1.21", "0.1.22", "0.1.23", "1.0.0", "1.0.1", "1.0.2", "1.0.3"], "ghapi.event.actions_error,message;details,1,func": ["0.1.14", "0.1.15", "0.1.16", "0.1.17", "0.1.18", "0.1.19", "0.1.20", "0.1.21", "0.1.22", "0.1.23", "1.0.0", "1.0.1", "1.0.2", "1.0.3"], "ghapi.event.actions_group,title,0,func": ["0.1.14", "0.1.15", "0.1.16", "0.1.17", "0.1.18", "0.1.19", "0.1.20", "0.1.21", "0.1.22", "0.1.23", "1.0.0", "1.0.1", "1.0.2", "1.0.3"], "ghapi.event.actions_endgroup,,0,func": ["0.1.14"], "ghapi.event.actions_mask,value,0,func": ["0.1.14", "0.1.15", "0.1.16", "0.1.17", "0.1.18", "0.1.19", "0.1.20", "0.1.21", "0.1.22", "0.1.23", "1.0.0", "1.0.1", "1.0.2", "1.0.3"], "ghapi.event.set_git_user,api,1,func": ["0.1.14", "0.1.15", "0.1.16", "0.1.17", "0.1.18", "0.1.19", "0.1.20", "0.1.21", "0.1.22", "0.1.23", "1.0.0", "1.0.1", "1.0.2", "1.0.3"], "ghapi.all.GhEvent,,": ["0.1.14", "0.1.15", "0.1.16", "0.1.17", "0.1.18", "0.1.19", "0.1.20", "0.1.21", "0.1.22", "0.1.23", "1.0.0", "1.0.1", "1.0.2", "1.0.3"], "ghapi.all.full_type,self,0,func": ["0.1.14", "0.1.15", "0.1.16", "0.1.17", "0.1.18", "0.1.19", "0.1.20", "0.1.21", "0.1.22", "0.1.23", "1.0.0", "1.0.1", "1.0.2", "1.0.3"], "ghapi.all.description,self,0,func": ["0.1.14", "0.1.15", "0.1.16", "0.1.17", "0.1.18", "0.1.19", "0.1.20", "0.1.21", "0.1.22", "0.1.23", "1.0.0", "1.0.1", "1.0.2", "1.0.3"], "ghapi.all.emoji,self,0,func": ["0.1.14", "0.1.15", "0.1.16", "0.1.17", "0.1.18", "0.1.19", "0.1.20", "0.1.21", "0.1.22", "0.1.23", "1.0.0", "1.0.1", "1.0.2", "1.0.3"], "ghapi.all.text,self,0,func": ["0.1.14", "0.1.15", "0.1.16", "0.1.17", "0.1.18", "0.1.19", "0.1.20", "0.1.21", "0.1.22", "0.1.23", "1.0.0", "1.0.1", "1.0.2", "1.0.3"], "ghapi.auth.github_auth_device,wb;n_polls,2,func": ["0.1.16", "0.1.17", "0.1.18", "0.1.19", "0.1.20", "0.1.21", "0.1.22", "0.1.23", "1.0.0", "1.0.1", "1.0.2", "1.0.3"], "ghapi.all.github_auth_device,wb;n_polls,2,func": ["0.1.16", "0.1.17", "0.1.18", "0.1.19", "0.1.20", "0.1.21", "0.1.22", "0.1.23", "1.0.0", "1.0.1", "1.0.2", "1.0.3"], "ghapi.auth.GhApi,self;owner;repo;token;jwt_token;debug;limit_cb;gh_host,7": ["0.1.20", "0.1.21", "0.1.22", "0.1.23", "1.0.0", "1.0.1", "1.0.2"], "ghapi.auth.create_gist,self;description;content;filename;public,2,func": ["0.1.20", "0.1.21", "0.1.22", "0.1.23", "1.0.0", "1.0.1", "1.0.2", "1.0.3"], "ghapi.event.GhApi,self;owner;repo;token;jwt_token;debug;limit_cb;gh_host,7": ["0.1.20", "0.1.21", "0.1.22", "0.1.23", "1.0.0", "1.0.1", "1.0.2"], "ghapi.event.create_gist,self;description;content;filename;public,2,func": ["0.1.20", "0.1.21", "0.1.22", "0.1.23", "1.0.0", "1.0.1", "1.0.2", "1.0.3"], "ghapi.actions.GhApi,self;owner;repo;token;jwt_token;debug;limit_cb;gh_host,7": ["0.1.20", "0.1.21", "0.1.22", "0.1.23", "1.0.0", "1.0.1", "1.0.2"], "ghapi.actions.create_gist,self;description;content;filename;public,2,func": ["0.1.20", "0.1.21", "0.1.22", "0.1.23", "1.0.0", "1.0.1", "1.0.2", "1.0.3"], "ghapi.page.GhApi,self;owner;repo;token;jwt_token;debug;limit_cb;gh_host,7": ["0.1.20", "0.1.21", "0.1.22", "0.1.23", "1.0.0", "1.0.1", "1.0.2"], "ghapi.page.create_gist,self;description;content;filename;public,2,func": ["0.1.20", "0.1.21", "0.1.22", "0.1.23", "1.0.0", "1.0.1", "1.0.2", "1.0.3"], "ghapi.core.GhApi,self;owner;repo;token;jwt_token;debug;limit_cb;gh_host,7": ["0.1.20", "0.1.21", "0.1.22", "0.1.23", "1.0.0", "1.0.1", "1.0.2"], "ghapi.core.create_gist,self;description;content;filename;public,2,func": ["0.1.20", "0.1.21", "0.1.22", "0.1.23", "1.0.0", "1.0.1", "1.0.2", "1.0.3"], "ghapi.all.GhApi,self;owner;repo;token;jwt_token;debug;limit_cb;gh_host,7": ["0.1.20", "0.1.21", "0.1.22", "0.1.23", "1.0.0", "1.0.1", "1.0.2"], "ghapi.all.create_gist,self;description;content;filename;public,2,func": ["0.1.20", "0.1.21", "0.1.22", "0.1.23", "1.0.0", "1.0.1", "1.0.2", "1.0.3"], "ghapi.cli.GhApi,self;owner;repo;token;jwt_token;debug;limit_cb;gh_host,7": ["0.1.20", "0.1.21", "0.1.22", "0.1.23", "1.0.0", "1.0.1", "1.0.2"], "ghapi.cli.create_gist,self;description;content;filename;public,2,func": ["0.1.20", "0.1.21", "0.1.22", "0.1.23", "1.0.0", "1.0.1", "1.0.2", "1.0.3"], "ghapi.auth.create_or_update_file,self;path;message;content;sha;branch;committer;author,6,func": ["1.0.0", "1.0.1", "1.0.2", "1.0.3"], "ghapi.auth.create_file,self;path;message;content;branch;committer;author,4,func": ["1.0.0", "1.0.1", "1.0.2", "1.0.3"], "ghapi.auth.delete_file,self;path;message;sha;branch;committer;author,4,func": ["1.0.0", "1.0.1", "1.0.2", "1.0.3"], "ghapi.auth.update_contents,self;path;message;content;sha;branch;committer;author,4,func": ["1.0.0", "1.0.1", "1.0.2", "1.0.3"], "ghapi.event.create_or_update_file,self;path;message;content;sha;branch;committer;author,6,func": ["1.0.0", "1.0.1", "1.0.2", "1.0.3"], "ghapi.event.create_file,self;path;message;content;branch;committer;author,4,func": ["1.0.0", "1.0.1", "1.0.2", "1.0.3"], "ghapi.event.delete_file,self;path;message;sha;branch;committer;author,4,func": ["1.0.0", "1.0.1", "1.0.2", "1.0.3"], "ghapi.event.update_contents,self;path;message;content;sha;branch;committer;author,4,func": ["1.0.0", "1.0.1", "1.0.2", "1.0.3"], "ghapi.actions.create_or_update_file,self;path;message;content;sha;branch;committer;author,6,func": ["1.0.0", "1.0.1", "1.0.2", "1.0.3"], "ghapi.actions.create_file,self;path;message;content;branch;committer;author,4,func": ["1.0.0", "1.0.1", "1.0.2", "1.0.3"], "ghapi.actions.delete_file,self;path;message;sha;branch;committer;author,4,func": ["1.0.0", "1.0.1", "1.0.2", "1.0.3"], "ghapi.actions.update_contents,self;path;message;content;sha;branch;committer;author,4,func": ["1.0.0", "1.0.1", "1.0.2", "1.0.3"], "ghapi.page.create_or_update_file,self;path;message;content;sha;branch;committer;author,6,func": ["1.0.0", "1.0.1", "1.0.2", "1.0.3"], "ghapi.page.create_file,self;path;message;content;branch;committer;author,4,func": ["1.0.0", "1.0.1", "1.0.2", "1.0.3"], "ghapi.page.delete_file,self;path;message;sha;branch;committer;author,4,func": ["1.0.0", "1.0.1", "1.0.2", "1.0.3"], "ghapi.page.update_contents,self;path;message;content;sha;branch;committer;author,4,func": ["1.0.0", "1.0.1", "1.0.2", "1.0.3"], "ghapi.core.create_or_update_file,self;path;message;content;sha;branch;committer;author,6,func": ["1.0.0", "1.0.1", "1.0.2", "1.0.3"], "ghapi.core.create_file,self;path;message;content;branch;committer;author,4,func": ["1.0.0", "1.0.1", "1.0.2", "1.0.3"], "ghapi.core.delete_file,self;path;message;sha;branch;committer;author,4,func": ["1.0.0", "1.0.1", "1.0.2", "1.0.3"], "ghapi.core.update_contents,self;path;message;content;sha;branch;committer;author,4,func": ["1.0.0", "1.0.1", "1.0.2", "1.0.3"], "ghapi.all.create_or_update_file,self;path;message;content;sha;branch;committer;author,6,func": ["1.0.0", "1.0.1", "1.0.2", "1.0.3"], "ghapi.all.create_file,self;path;message;content;branch;committer;author,4,func": ["1.0.0", "1.0.1", "1.0.2", "1.0.3"], "ghapi.all.delete_file,self;path;message;sha;branch;committer;author,4,func": ["1.0.0", "1.0.1", "1.0.2", "1.0.3"], "ghapi.all.update_contents,self;path;message;content;sha;branch;committer;author,4,func": ["1.0.0", "1.0.1", "1.0.2", "1.0.3"], "ghapi.cli.create_or_update_file,self;path;message;content;sha;branch;committer;author,6,func": ["1.0.0", "1.0.1", "1.0.2", "1.0.3"], "ghapi.cli.create_file,self;path;message;content;branch;committer;author,4,func": ["1.0.0", "1.0.1", "1.0.2", "1.0.3"], "ghapi.cli.delete_file,self;path;message;sha;branch;committer;author,4,func": ["1.0.0", "1.0.1", "1.0.2", "1.0.3"], "ghapi.cli.update_contents,self;path;message;content;sha;branch;committer;author,4,func": ["1.0.0", "1.0.1", "1.0.2", "1.0.3"], "ghapi.auth.GhApi,self;owner;repo;token;jwt_token;debug;limit_cb;gh_host;authenticate,8": ["1.0.3"], "ghapi.event.GhApi,self;owner;repo;token;jwt_token;debug;limit_cb;gh_host;authenticate,8": ["1.0.3"], "ghapi.actions.GhApi,self;owner;repo;token;jwt_token;debug;limit_cb;gh_host;authenticate,8": ["1.0.3"], "ghapi.page.GhApi,self;owner;repo;token;jwt_token;debug;limit_cb;gh_host;authenticate,8": ["1.0.3"], "ghapi.core.GhApi,self;owner;repo;token;jwt_token;debug;limit_cb;gh_host;authenticate,8": ["1.0.3"], "ghapi.all.GhApi,self;owner;repo;token;jwt_token;debug;limit_cb;gh_host;authenticate,8": ["1.0.3"], "ghapi.cli.GhApi,self;owner;repo;token;jwt_token;debug;limit_cb;gh_host;authenticate,8": ["1.0.3"]}, "version": ["0.1.0", "0.1.1", "0.1.2", "0.1.3", "0.1.4", "0.1.5", "0.1.7", "0.1.8", "0.1.9", "0.1.10", "0.1.11", "0.1.12", "0.1.13", "0.1.14", "0.1.15", "0.1.16", "0.1.17", "0.1.18", "0.1.19", "0.1.20", "0.1.21", "0.1.22", "0.1.23", "1.0.0", "1.0.1", "1.0.2", "1.0.3"]}