{"module": ["humanize/4.4.0/tmp/humanize"], "API": {"humanize.time.abs_timedelta,delta,0,func": ["1.0.0", "1.1.0", "2.0.0", "2.1.0", "2.2.0", "2.3.0", "2.4.0", "2.4.1", "2.5.0", "2.6.0", "3.0.0", "3.0.1", "3.1.0", "3.2.0", "3.3.0", "3.4.0", "3.4.1", "3.5.0", "3.6.0", "3.7.0", "3.7.1", "3.8.0", "3.9.0", "3.10.0", "3.11.0", "3.12.0", "3.13.0", "3.13.1", "3.14.0"], "humanize.time.date_and_delta,value,0,func": ["1.0.0", "1.1.0", "2.0.0", "2.1.0", "2.2.0", "2.3.0", "2.4.0", "2.4.1", "2.5.0", "2.6.0", "3.0.0", "3.0.1", "3.1.0", "3.2.0", "3.3.0", "3.4.0", "3.4.1", "3.5.0", "3.6.0", "3.7.0", "3.7.1", "3.8.0", "3.9.0", "3.10.0", "3.11.0", "3.12.0"], "humanize.time.naturaldelta,value;months,1,func": ["1.0.0"], "humanize.time.naturaltime,value;future;months,2,func": ["1.0.0"], "humanize.time.naturalday,value;format,1,func": ["1.0.0", "1.1.0", "2.0.0", "2.1.0", "2.2.0", "2.3.0", "2.4.0", "2.4.1", "2.5.0", "2.6.0", "3.0.0", "3.0.1", "3.1.0", "3.2.0", "3.3.0", "3.4.0", "3.4.1", "3.5.0", "3.6.0", "3.7.0", "3.7.1", "3.8.0", "3.9.0", "3.10.0", "3.11.0", "3.12.0", "3.13.0", "3.13.1", "3.14.0", "4.0.0", "4.1.0", "4.2.0", "4.2.1", "4.2.2", "4.2.3", "4.3.0", "4.4.0"], "humanize.time.naturaldate,value,0,func": ["1.0.0", "1.1.0", "2.0.0", "2.1.0", "2.2.0", "2.3.0", "2.4.0", "2.4.1", "2.5.0", "2.6.0", "3.0.0", "3.0.1", "3.1.0", "3.2.0", "3.3.0", "3.4.0", "3.4.1", "3.5.0", "3.6.0", "3.7.0", "3.7.1", "3.8.0", "3.9.0", "3.10.0", "3.11.0", "3.12.0", "3.13.0", "3.13.1", "3.14.0", "4.0.0", "4.1.0", "4.2.0", "4.2.1", "4.2.2", "4.2.3", "4.3.0", "4.4.0"], "humanize.time.gettext,message,0,func": ["1.0.0", "1.1.0", "2.0.0", "2.1.0", "2.2.0", "2.3.0", "2.4.0", "2.4.1", "2.5.0", "2.6.0", "3.0.0", "3.0.1", "3.1.0", "3.2.0", "3.3.0", "3.4.0", "3.4.1", "3.5.0", "3.6.0", "3.7.0", "3.7.1", "3.8.0", "3.9.0", "3.10.0", "3.11.0", "3.12.0"], "humanize.time.ngettext,message;plural;num,0,func": ["1.0.0", "1.1.0", "2.0.0", "2.1.0", "2.2.0", "2.3.0", "2.4.0", "2.4.1", "2.5.0", "2.6.0", "3.0.0", "3.0.1", "3.1.0", "3.2.0", "3.3.0", "3.4.0", "3.4.1", "3.5.0", "3.6.0", "3.7.0", "3.7.1", "3.8.0", "3.9.0", "3.10.0", "3.11.0", "3.12.0"], "humanize.number.ordinal,value,0,func": ["1.0.0", "1.1.0", "2.0.0", "2.1.0", "2.2.0", "2.3.0", "2.4.0", "2.4.1", "2.5.0", "2.6.0", "3.0.0", "3.0.1", "3.1.0", "3.2.0", "3.3.0", "3.4.0", "3.4.1", "3.5.0"], "humanize.number.intcomma,value,0,func": ["1.0.0", "1.1.0", "2.0.0"], "humanize.number.intword,value;format,1,func": ["1.0.0", "1.1.0", "2.0.0", "2.1.0", "2.2.0", "2.3.0", "2.4.0", "2.4.1", "2.5.0", "2.6.0", "3.0.0", "3.0.1", "3.1.0", "3.2.0", "3.3.0", "3.4.0", "3.4.1", "3.5.0", "3.6.0", "3.7.0", "3.7.1", "3.8.0", "3.9.0", "3.10.0", "3.11.0", "3.12.0", "3.13.0", "3.13.1", "3.14.0", "4.0.0", "4.1.0", "4.2.0", "4.2.1", "4.2.2", "4.2.3", "4.3.0", "4.4.0"], "humanize.number.apnumber,value,0,func": ["1.0.0", "1.1.0", "2.0.0", "2.1.0", "2.2.0", "2.3.0", "2.4.0", "2.4.1", "2.5.0", "2.6.0", "3.0.0", "3.0.1", "3.1.0", "3.2.0", "3.3.0", "3.4.0", "3.4.1", "3.5.0", "3.6.0", "3.7.0", "3.7.1", "3.8.0", "3.9.0", "3.10.0", "3.11.0", "3.12.0", "3.13.0", "3.13.1", "3.14.0", "4.0.0", "4.1.0", "4.2.0", "4.2.1", "4.2.2", "4.2.3", "4.3.0", "4.4.0"], "humanize.number.fractional,value,0,func": ["1.0.0", "1.1.0", "2.0.0", "2.1.0", "2.2.0", "2.3.0", "2.4.0", "2.4.1", "2.5.0", "2.6.0", "3.0.0", "3.0.1", "3.1.0", "3.2.0", "3.3.0", "3.4.0", "3.4.1", "3.5.0", "3.6.0", "3.7.0", "3.7.1", "3.8.0", "3.9.0", "3.10.0", "3.11.0", "3.12.0", "3.13.0", "3.13.1", "3.14.0", "4.0.0", "4.1.0", "4.2.0", "4.2.1", "4.2.2", "4.2.3", "4.3.0", "4.4.0"], "humanize.number.gettext,message,0,func": ["1.0.0", "1.1.0", "2.0.0", "2.1.0", "2.2.0", "2.3.0", "2.4.0", "2.4.1", "2.5.0", "2.6.0", "3.0.0", "3.0.1", "3.1.0", "3.2.0", "3.3.0", "3.4.0", "3.4.1", "3.5.0", "3.6.0", "3.7.0", "3.7.1", "3.8.0", "3.9.0", "3.10.0", "3.11.0", "3.12.0"], "humanize.number.gettext_noop,message,0,func": ["1.0.0", "1.1.0", "2.0.0", "2.1.0", "2.2.0", "2.3.0", "2.4.0", "2.4.1", "2.5.0", "2.6.0", "3.0.0", "3.0.1", "3.1.0", "3.2.0", "3.3.0", "3.4.0", "3.4.1", "3.5.0"], "humanize.number.pgettext,msgctxt;message,0,func": ["1.0.0", "1.1.0", "2.0.0", "2.1.0", "2.2.0", "2.3.0", "2.4.0", "2.4.1", "2.5.0", "2.6.0", "3.0.0", "3.0.1", "3.1.0", "3.2.0", "3.3.0", "3.4.0", "3.4.1", "3.5.0", "3.6.0", "3.7.0", "3.7.1", "3.8.0", "3.9.0", "3.10.0", "3.11.0", "3.12.0"], "humanize.filesize.naturalsize,value;binary;gnu;format,3,func": ["1.0.0", "1.1.0", "2.0.0", "2.1.0", "2.2.0", "2.3.0", "2.4.0", "2.4.1", "2.5.0", "2.6.0", "3.0.0", "3.0.1", "3.1.0", "3.2.0", "3.3.0", "3.4.0", "3.4.1", "3.5.0", "3.6.0", "3.7.0", "3.7.1", "3.8.0", "3.9.0", "3.10.0", "3.11.0", "3.12.0", "3.13.0", "3.13.1", "3.14.0", "4.0.0", "4.1.0", "4.2.0", "4.2.1", "4.2.2", "4.2.3", "4.3.0", "4.4.0"], "humanize.naturalsize,value;binary;gnu;format,3,func": ["1.0.0", "1.1.0", "2.0.0", "2.1.0", "2.2.0", "2.3.0", "2.4.0", "2.4.1", "2.5.0", "2.6.0", "3.0.0", "3.0.1", "3.1.0", "3.2.0", "3.3.0", "3.4.0", "3.4.1", "3.5.0", "3.6.0", "3.7.0", "3.7.1", "3.8.0", "3.9.0", "3.10.0", "3.11.0", "3.12.0", "3.13.0", "3.13.1", "3.14.0", "4.0.0", "4.1.0", "4.2.0", "4.2.1", "4.2.2", "4.2.3", "4.3.0", "4.4.0"], "humanize.activate,locale;path,1,func": ["1.0.0", "1.1.0", "2.0.0", "2.1.0", "2.2.0", "2.3.0", "2.4.0", "2.4.1", "2.5.0", "2.6.0", "3.0.0", "3.0.1", "3.1.0", "3.2.0", "3.3.0", "3.4.0", "3.4.1", "3.5.0", "3.6.0", "3.7.0", "3.7.1", "3.8.0", "3.9.0", "3.10.0", "3.11.0", "3.12.0", "3.13.0", "3.13.1", "3.14.0", "4.0.0", "4.1.0", "4.2.0", "4.2.1", "4.2.2", "4.2.3", "4.3.0", "4.4.0"], "humanize.deactivate,,0,func": ["1.0.0", "1.1.0", "2.0.0", "2.1.0", "2.2.0", "2.3.0", "2.4.0", "2.4.1", "2.5.0", "2.6.0", "3.0.0", "3.0.1", "3.1.0", "3.2.0", "3.3.0", "3.4.0", "3.4.1", "3.5.0", "3.6.0", "3.7.0", "3.7.1", "3.8.0", "3.9.0", "3.10.0", "3.11.0", "3.12.0", "3.13.0", "3.13.1", "3.14.0", "4.0.0", "4.1.0", "4.2.0", "4.2.1", "4.2.2", "4.2.3", "4.3.0", "4.4.0"], "humanize.apnumber,value,0,func": ["1.0.0", "1.1.0", "2.0.0", "2.1.0", "2.2.0", "2.3.0", "2.4.0", "2.4.1", "2.5.0", "2.6.0", "3.0.0", "3.0.1", "3.1.0", "3.2.0", "3.3.0", "3.4.0", "3.4.1", "3.5.0", "3.6.0", "3.7.0", "3.7.1", "3.8.0", "3.9.0", "3.10.0", "3.11.0", "3.12.0", "3.13.0", "3.13.1", "3.14.0", "4.0.0", "4.1.0", "4.2.0", "4.2.1", "4.2.2", "4.2.3", "4.3.0", "4.4.0"], "humanize.fractional,value,0,func": ["1.0.0", "1.1.0", "2.0.0", "2.1.0", "2.2.0", "2.3.0", "2.4.0", "2.4.1", "2.5.0", "2.6.0", "3.0.0", "3.0.1", "3.1.0", "3.2.0", "3.3.0", "3.4.0", "3.4.1", "3.5.0", "3.6.0", "3.7.0", "3.7.1", "3.8.0", "3.9.0", "3.10.0", "3.11.0", "3.12.0", "3.13.0", "3.13.1", "3.14.0", "4.0.0", "4.1.0", "4.2.0", "4.2.1", "4.2.2", "4.2.3", "4.3.0", "4.4.0"], "humanize.intcomma,value,0,func": ["1.0.0", "1.1.0", "2.0.0"], "humanize.intword,value;format,1,func": ["1.0.0", "1.1.0", "2.0.0", "2.1.0", "2.2.0", "2.3.0", "2.4.0", "2.4.1", "2.5.0", "2.6.0", "3.0.0", "3.0.1", "3.1.0", "3.2.0", "3.3.0", "3.4.0", "3.4.1", "3.5.0", "3.6.0", "3.7.0", "3.7.1", "3.8.0", "3.9.0", "3.10.0", "3.11.0", "3.12.0", "3.13.0", "3.13.1", "3.14.0", "4.0.0", "4.1.0", "4.2.0", "4.2.1", "4.2.2", "4.2.3", "4.3.0", "4.4.0"], "humanize.ordinal,value,0,func": ["1.0.0", "1.1.0", "2.0.0", "2.1.0", "2.2.0", "2.3.0", "2.4.0", "2.4.1", "2.5.0", "2.6.0", "3.0.0", "3.0.1", "3.1.0", "3.2.0", "3.3.0", "3.4.0", "3.4.1", "3.5.0"], "humanize.naturaldate,value,0,func": ["1.0.0", "1.1.0", "2.0.0", "2.1.0", "2.2.0", "2.3.0", "2.4.0", "2.4.1", "2.5.0", "2.6.0", "3.0.0", "3.0.1", "3.1.0", "3.2.0", "3.3.0", "3.4.0", "3.4.1", "3.5.0", "3.6.0", "3.7.0", "3.7.1", "3.8.0", "3.9.0", "3.10.0", "3.11.0", "3.12.0", "3.13.0", "3.13.1", "3.14.0", "4.0.0", "4.1.0", "4.2.0", "4.2.1", "4.2.2", "4.2.3", "4.3.0", "4.4.0"], "humanize.naturalday,value;format,1,func": ["1.0.0", "1.1.0", "2.0.0", "2.1.0", "2.2.0", "2.3.0", "2.4.0", "2.4.1", "2.5.0", "2.6.0", "3.0.0", "3.0.1", "3.1.0", "3.2.0", "3.3.0", "3.4.0", "3.4.1", "3.5.0", "3.6.0", "3.7.0", "3.7.1", "3.8.0", "3.9.0", "3.10.0", "3.11.0", "3.12.0", "3.13.0", "3.13.1", "3.14.0", "4.0.0", "4.1.0", "4.2.0", "4.2.1", "4.2.2", "4.2.3", "4.3.0", "4.4.0"], "humanize.naturaldelta,value;months,1,func": ["1.0.0"], "humanize.naturaltime,value;future;months,2,func": ["1.0.0"], "humanize.i18n.get_translation,,0,func": ["1.0.0", "1.1.0", "2.0.0", "2.1.0", "2.2.0", "2.3.0", "2.4.0", "2.4.1", "2.5.0", "2.6.0", "3.0.0", "3.0.1", "3.1.0", "3.2.0", "3.3.0", "3.4.0", "3.4.1", "3.5.0", "3.6.0", "3.7.0", "3.7.1", "3.8.0", "3.9.0", "3.10.0", "3.11.0", "3.12.0", "3.13.0", "3.13.1", "3.14.0", "4.0.0", "4.1.0", "4.2.0", "4.2.1", "4.2.2", "4.2.3", "4.3.0", "4.4.0"], "humanize.i18n.activate,locale;path,1,func": ["1.0.0", "1.1.0", "2.0.0", "2.1.0", "2.2.0", "2.3.0", "2.4.0", "2.4.1", "2.5.0", "2.6.0", "3.0.0", "3.0.1", "3.1.0", "3.2.0", "3.3.0", "3.4.0", "3.4.1", "3.5.0", "3.6.0", "3.7.0", "3.7.1", "3.8.0", "3.9.0", "3.10.0", "3.11.0", "3.12.0", "3.13.0", "3.13.1", "3.14.0", "4.0.0", "4.1.0", "4.2.0", "4.2.1", "4.2.2", "4.2.3", "4.3.0", "4.4.0"], "humanize.i18n.deactivate,,0,func": ["1.0.0", "1.1.0", "2.0.0", "2.1.0", "2.2.0", "2.3.0", "2.4.0", "2.4.1", "2.5.0", "2.6.0", "3.0.0", "3.0.1", "3.1.0", "3.2.0", "3.3.0", "3.4.0", "3.4.1", "3.5.0", "3.6.0", "3.7.0", "3.7.1", "3.8.0", "3.9.0", "3.10.0", "3.11.0", "3.12.0", "3.13.0", "3.13.1", "3.14.0", "4.0.0", "4.1.0", "4.2.0", "4.2.1", "4.2.2", "4.2.3", "4.3.0", "4.4.0"], "humanize.i18n.gettext,message,0,func": ["1.0.0", "1.1.0", "2.0.0", "2.1.0", "2.2.0", "2.3.0", "2.4.0", "2.4.1", "2.5.0", "2.6.0", "3.0.0", "3.0.1", "3.1.0", "3.2.0", "3.3.0", "3.4.0", "3.4.1", "3.5.0", "3.6.0", "3.7.0", "3.7.1", "3.8.0", "3.9.0", "3.10.0", "3.11.0", "3.12.0", "3.13.0", "3.13.1", "3.14.0"], "humanize.i18n.pgettext,msgctxt;message,0,func": ["1.0.0", "1.1.0", "2.0.0", "2.1.0", "2.2.0", "2.3.0", "2.4.0", "2.4.1", "2.5.0", "2.6.0", "3.0.0", "3.0.1", "3.1.0", "3.2.0", "3.3.0", "3.4.0", "3.4.1", "3.5.0", "3.6.0", "3.7.0", "3.7.1", "3.8.0", "3.9.0", "3.10.0", "3.11.0", "3.12.0", "3.13.0", "3.13.1", "3.14.0"], "humanize.i18n.ngettext,message;plural;num,0,func": ["1.0.0", "1.1.0", "2.0.0", "2.1.0", "2.2.0", "2.3.0", "2.4.0", "2.4.1", "2.5.0", "2.6.0", "3.0.0", "3.0.1", "3.1.0", "3.2.0", "3.3.0", "3.4.0", "3.4.1", "3.5.0", "3.6.0", "3.7.0", "3.7.1", "3.8.0", "3.9.0", "3.10.0", "3.11.0", "3.12.0"], "humanize.i18n.gettext_noop,message,0,func": ["1.0.0", "1.1.0", "2.0.0", "2.1.0", "2.2.0", "2.3.0", "2.4.0", "2.4.1", "2.5.0", "2.6.0", "3.0.0", "3.0.1", "3.1.0", "3.2.0", "3.3.0", "3.4.0", "3.4.1", "3.5.0", "3.6.0", "3.7.0", "3.7.1", "3.8.0", "3.9.0", "3.10.0", "3.11.0", "3.12.0", "3.13.0", "3.13.1", "3.14.0"], "humanize.time.Unit,,": ["1.1.0", "2.0.0", "2.1.0", "2.2.0", "2.3.0", "2.4.0", "2.4.1", "2.5.0", "2.6.0", "3.0.0", "3.0.1", "3.1.0", "3.2.0", "3.3.0", "3.4.0", "3.4.1", "3.5.0", "3.6.0", "3.7.0", "3.7.1", "3.8.0", "3.9.0", "3.10.0", "3.11.0", "3.12.0", "3.13.0", "3.13.1", "3.14.0", "4.0.0", "4.1.0", "4.2.0", "4.2.1", "4.2.2", "4.2.3", "4.3.0", "4.4.0"], "humanize.time.naturaldelta,value;months;minimum_unit,2,func": ["1.1.0", "2.0.0", "2.1.0", "2.2.0", "2.3.0", "2.4.0", "2.4.1", "2.5.0", "2.6.0", "3.0.0", "3.0.1", "4.0.0", "4.1.0", "4.2.0", "4.2.1", "4.2.2", "4.2.3", "4.3.0", "4.4.0"], "humanize.time.naturaltime,value;future;months;minimum_unit,3,func": ["1.1.0", "2.0.0", "2.1.0", "2.2.0", "2.3.0", "2.4.0", "2.4.1", "2.5.0", "2.6.0", "3.0.0", "3.0.1"], "humanize.number.scientific,value;precision,1,func": ["1.1.0", "2.0.0", "2.1.0", "2.2.0", "2.3.0", "2.4.0", "2.4.1", "2.5.0", "2.6.0", "3.0.0", "3.0.1", "3.1.0", "3.2.0", "3.3.0", "3.4.0", "3.4.1", "3.5.0", "3.6.0", "3.7.0", "3.7.1", "3.8.0", "3.9.0", "3.10.0", "3.11.0", "3.12.0", "3.13.0", "3.13.1", "3.14.0", "4.0.0", "4.1.0", "4.2.0", "4.2.1", "4.2.2", "4.2.3", "4.3.0", "4.4.0"], "humanize.scientific,value;precision,1,func": ["1.1.0", "2.0.0", "2.1.0", "2.2.0", "2.3.0", "2.4.0", "2.4.1", "2.5.0", "2.6.0", "3.0.0", "3.0.1", "3.1.0", "3.2.0", "3.3.0", "3.4.0", "3.4.1", "3.5.0", "3.6.0", "3.7.0", "3.7.1", "3.8.0", "3.9.0", "3.10.0", "3.11.0", "3.12.0", "3.13.0", "3.13.1", "3.14.0", "4.0.0", "4.1.0", "4.2.0", "4.2.1", "4.2.2", "4.2.3", "4.3.0", "4.4.0"], "humanize.naturaldelta,value;months;minimum_unit,2,func": ["1.1.0", "2.0.0", "2.1.0", "2.2.0", "2.3.0", "2.4.0", "2.4.1", "2.5.0", "2.6.0", "3.0.0", "3.0.1", "4.0.0", "4.1.0", "4.2.0", "4.2.1", "4.2.2", "4.2.3", "4.3.0", "4.4.0"], "humanize.naturaltime,value;future;months;minimum_unit,3,func": ["1.1.0", "2.0.0", "2.1.0", "2.2.0", "2.3.0", "2.4.0", "2.4.1", "2.5.0", "2.6.0", "3.0.0", "3.0.1"], "humanize.number.intcomma,value;ndigits,1,func": ["2.1.0", "2.2.0", "2.3.0", "2.4.0", "2.4.1", "2.5.0", "2.6.0", "3.0.0", "3.0.1", "3.1.0", "3.2.0", "3.3.0", "3.4.0", "3.4.1", "3.5.0", "3.6.0", "3.7.0", "3.7.1", "3.8.0", "3.9.0", "3.10.0", "3.11.0", "3.12.0", "3.13.0", "3.13.1", "3.14.0", "4.0.0", "4.1.0", "4.2.0", "4.2.1", "4.2.2", "4.2.3", "4.3.0", "4.4.0"], "humanize.intcomma,value;ndigits,1,func": ["2.1.0", "2.2.0", "2.3.0", "2.4.0", "2.4.1", "2.5.0", "2.6.0", "3.0.0", "3.0.1", "3.1.0", "3.2.0", "3.3.0", "3.4.0", "3.4.1", "3.5.0", "3.6.0", "3.7.0", "3.7.1", "3.8.0", "3.9.0", "3.10.0", "3.11.0", "3.12.0", "3.13.0", "3.13.1", "3.14.0", "4.0.0", "4.1.0", "4.2.0", "4.2.1", "4.2.2", "4.2.3", "4.3.0", "4.4.0"], "humanize.time.precisedelta,value;minimum_unit;suppress;format,3,func": ["2.6.0", "3.0.0", "3.0.1", "3.1.0", "3.2.0", "3.3.0", "3.4.0", "3.4.1", "3.5.0", "3.6.0", "3.7.0", "3.7.1", "3.8.0", "3.9.0", "3.10.0", "3.11.0", "3.12.0", "3.13.0", "3.13.1", "3.14.0", "4.0.0", "4.1.0", "4.2.0", "4.2.1", "4.2.2", "4.2.3", "4.3.0", "4.4.0"], "humanize.precisedelta,value;minimum_unit;suppress;format,3,func": ["2.6.0", "3.0.0", "3.0.1", "3.1.0", "3.2.0", "3.3.0", "3.4.0", "3.4.1", "3.5.0", "3.6.0", "3.7.0", "3.7.1", "3.8.0", "3.9.0", "3.10.0", "3.11.0", "3.12.0", "3.13.0", "3.13.1", "3.14.0", "4.0.0", "4.1.0", "4.2.0", "4.2.1", "4.2.2", "4.2.3", "4.3.0", "4.4.0"], "humanize.time.naturaldelta,value;months;minimum_unit;when,3,func": ["3.1.0", "3.2.0", "3.3.0", "3.4.0", "3.4.1", "3.5.0", "3.6.0", "3.7.0", "3.7.1", "3.8.0", "3.9.0", "3.10.0", "3.11.0", "3.12.0", "3.13.0", "3.13.1", "3.14.0"], "humanize.time.naturaltime,value;future;months;minimum_unit;when,4,func": ["3.1.0", "3.2.0", "3.3.0", "3.4.0", "3.4.1", "3.5.0", "3.6.0", "3.7.0", "3.7.1", "3.8.0", "3.9.0", "3.10.0", "3.11.0", "3.12.0", "3.13.0", "3.13.1", "3.14.0", "4.0.0", "4.1.0", "4.2.0", "4.2.1", "4.2.2", "4.2.3", "4.3.0", "4.4.0"], "humanize.naturaldelta,value;months;minimum_unit;when,3,func": ["3.1.0", "3.2.0", "3.3.0", "3.4.0", "3.4.1", "3.5.0", "3.6.0", "3.7.0", "3.7.1", "3.8.0", "3.9.0", "3.10.0", "3.11.0", "3.12.0", "3.13.0", "3.13.1", "3.14.0"], "humanize.naturaltime,value;future;months;minimum_unit;when,4,func": ["3.1.0", "3.2.0", "3.3.0", "3.4.0", "3.4.1", "3.5.0", "3.6.0", "3.7.0", "3.7.1", "3.8.0", "3.9.0", "3.10.0", "3.11.0", "3.12.0", "3.13.0", "3.13.1", "3.14.0", "4.0.0", "4.1.0", "4.2.0", "4.2.1", "4.2.2", "4.2.3", "4.3.0", "4.4.0"], "humanize.number.thousands_separator,,0,func": ["3.2.0", "3.3.0", "3.4.0", "3.4.1", "3.5.0", "3.6.0", "3.7.0", "3.7.1", "3.8.0", "3.9.0", "3.10.0", "3.11.0", "3.12.0", "3.13.0", "3.13.1", "3.14.0", "4.0.0", "4.1.0", "4.2.0", "4.2.1", "4.2.2", "4.2.3", "4.3.0", "4.4.0"], "humanize.thousands_separator,,0,func": ["3.2.0", "3.3.0", "3.4.0", "3.4.1", "3.5.0", "3.6.0", "3.7.0", "3.7.1", "3.8.0", "3.9.0", "3.10.0", "3.11.0", "3.12.0", "3.13.0", "3.13.1", "3.14.0", "4.0.0", "4.1.0", "4.2.0", "4.2.1", "4.2.2", "4.2.3", "4.3.0", "4.4.0"], "humanize.i18n.thousands_separator,,0,func": ["3.2.0", "3.3.0", "3.4.0", "3.4.1", "3.5.0", "3.6.0", "3.7.0", "3.7.1", "3.8.0", "3.9.0", "3.10.0", "3.11.0", "3.12.0", "3.13.0", "3.13.1", "3.14.0", "4.0.0", "4.1.0", "4.2.0", "4.2.1", "4.2.2", "4.2.3", "4.3.0", "4.4.0"], "humanize.number.clamp,value;format;floor;ceil;floor_token;ceil_token,5,func": ["3.3.0", "3.4.0", "3.4.1", "3.5.0", "3.6.0", "3.7.0", "3.7.1", "3.8.0", "3.9.0", "3.10.0", "3.11.0", "3.12.0", "3.13.0", "3.13.1", "3.14.0", "4.0.0", "4.1.0", "4.2.0", "4.2.1", "4.2.2", "4.2.3", "4.3.0", "4.4.0"], "humanize.clamp,value;format;floor;ceil;floor_token;ceil_token,5,func": ["3.3.0", "3.4.0", "3.4.1", "3.5.0", "3.6.0", "3.7.0", "3.7.1", "3.8.0", "3.9.0", "3.10.0", "3.11.0", "3.12.0", "3.13.0", "3.13.1", "3.14.0", "4.0.0", "4.1.0", "4.2.0", "4.2.1", "4.2.2", "4.2.3", "4.3.0", "4.4.0"], "humanize.number.ordinal,value;gender,1,func": ["3.6.0", "3.7.0", "3.7.1", "3.8.0", "3.9.0", "3.10.0", "3.11.0", "3.12.0", "3.13.0", "3.13.1", "3.14.0", "4.0.0", "4.1.0", "4.2.0", "4.2.1", "4.2.2", "4.2.3", "4.3.0", "4.4.0"], "humanize.number.ngettext,message;plural;num,0,func": ["3.6.0", "3.7.0", "3.7.1", "3.8.0", "3.9.0", "3.10.0", "3.11.0", "3.12.0"], "humanize.number.ngettext_noop,singular;plural,0,func": ["3.6.0", "3.7.0", "3.7.1", "3.8.0", "3.9.0", "3.10.0", "3.11.0", "3.12.0"], "humanize.ordinal,value;gender,1,func": ["3.6.0", "3.7.0", "3.7.1", "3.8.0", "3.9.0", "3.10.0", "3.11.0", "3.12.0", "3.13.0", "3.13.1", "3.14.0", "4.0.0", "4.1.0", "4.2.0", "4.2.1", "4.2.2", "4.2.3", "4.3.0", "4.4.0"], "humanize.i18n.ngettext_noop,singular;plural,0,func": ["3.6.0", "3.7.0", "3.7.1", "3.8.0", "3.9.0", "3.10.0", "3.11.0", "3.12.0", "3.13.0", "3.13.1", "3.14.0"], "humanize.time.date_and_delta,delta,0,func": ["3.13.0", "3.13.1", "3.14.0"], "humanize.i18n.ngettext,msgctxt;message,0,func": ["3.13.0", "3.13.1", "3.14.0"], "humanize.time.intcomma,value;ndigits,1,func": ["3.14.0", "4.0.0", "4.1.0", "4.2.0", "4.2.1", "4.2.2", "4.2.3", "4.3.0", "4.4.0"], "humanize.number.metric,value;unit;precision,2,func": ["4.2.0", "4.2.1", "4.2.2", "4.2.3", "4.3.0", "4.4.0"], "humanize.metric,value;unit;precision,2,func": ["4.2.0", "4.2.1", "4.2.2", "4.2.3", "4.3.0", "4.4.0"], "humanize.number.decimal_separator,,0,func": ["4.4.0"], "humanize.decimal_separator,,0,func": ["4.4.0"], "humanize.i18n.decimal_separator,,0,func": ["4.4.0"]}, "version": ["0.1", "0.2", "0.3", "0.4", "0.5", "0.5.1", "1.0.0", "1.1.0", "2.0.0", "2.1.0", "2.2.0", "2.3.0", "2.4.0", "2.4.1", "2.5.0", "2.6.0", "3.0.0", "3.0.1", "3.1.0", "3.2.0", "3.3.0", "3.4.0", "3.4.1", "3.5.0", "3.6.0", "3.7.0", "3.7.1", "3.8.0", "3.9.0", "3.10.0", "3.11.0", "3.12.0", "3.13.0", "3.13.1", "3.14.0", "4.0.0", "4.1.0", "4.2.0", "4.2.1", "4.2.2", "4.2.3", "4.3.0", "4.4.0"]}