{"module": ["joblib/0.11a3/tmp/joblib"], "API": {"joblib.disk.disk_used,path,0,func": ["0.8.0", "0.8.1", "0.8.2", "0.8.3", "0.8.3-r1", "0.8.4", "0.9.0b2", "0.9.0b3", "0.9.0b4", "0.9.1", "0.9.2", "0.9.3", "0.9.4", "0.10.0", "0.10.2", "0.10.3", "0.11a3"], "joblib.disk.memstr_to_kbytes,text,0,func": ["0.8.0", "0.8.1", "0.8.2", "0.8.3", "0.8.3-r1", "0.8.4", "0.9.0b2", "0.9.0b3", "0.9.0b4", "0.9.1", "0.9.2", "0.9.3", "0.9.4"], "joblib.disk.mkdirp,d,0,func": ["0.8.0", "0.8.1", "0.8.2", "0.8.3", "0.8.3-r1", "0.8.4", "0.9.0b2", "0.9.0b3", "0.9.0b4", "0.9.1", "0.9.2", "0.9.3", "0.9.4", "0.10.0", "0.10.2", "0.10.3", "0.11a3"], "joblib.disk.rm_subdirs,path;onerror,1,func": ["0.8.0", "0.8.1", "0.8.2", "0.8.3", "0.8.3-r1", "0.8.4", "0.9.0b2", "0.9.0b3", "0.9.0b4", "0.9.1", "0.9.2", "0.9.3", "0.9.4", "0.10.0", "0.10.2", "0.10.3", "0.11a3"], "joblib.format_stack.safe_repr,value,0,func": ["0.8.0", "0.8.1", "0.8.2", "0.8.3", "0.8.3-r1", "0.8.4", "0.9.0b2", "0.9.0b3", "0.9.0b4", "0.9.1", "0.9.2", "0.9.3", "0.9.4", "0.10.0", "0.10.2", "0.10.3", "0.11a3"], "joblib.format_stack.eq_repr,value;repr,1,func": ["0.8.0", "0.8.1", "0.8.2", "0.8.3", "0.8.3-r1", "0.8.4", "0.9.0b2", "0.9.0b3", "0.9.0b4", "0.9.1", "0.9.2", "0.9.3", "0.9.4", "0.10.0", "0.10.2", "0.10.3", "0.11a3"], "joblib.format_stack.uniq_stable,elems,0,func": ["0.8.0", "0.8.1", "0.8.2", "0.8.3", "0.8.3-r1", "0.8.4", "0.9.0b2", "0.9.0b3", "0.9.0b4", "0.9.1", "0.9.2", "0.9.3", "0.9.4", "0.10.0", "0.10.2", "0.10.3", "0.11a3"], "joblib.format_stack.fix_frame_records_filenames,records,0,func": ["0.8.0", "0.8.1", "0.8.2", "0.8.3", "0.8.3-r1", "0.8.4", "0.9.0b2", "0.9.0b3", "0.9.0b4", "0.9.1", "0.9.2", "0.9.3", "0.9.4", "0.10.0", "0.10.2", "0.10.3", "0.11a3"], "joblib.format_stack.format_records,records,0,func": ["0.8.0", "0.8.1", "0.8.2", "0.8.3", "0.8.3-r1", "0.8.4", "0.9.0b2", "0.9.0b3", "0.9.0b4", "0.9.1", "0.9.2", "0.9.3", "0.9.4", "0.10.0", "0.10.2", "0.10.3", "0.11a3"], "joblib.format_stack.format_exc,etype;evalue;etb;context;tb_offset,2,func": ["0.8.0", "0.8.1", "0.8.2", "0.8.3", "0.8.3-r1", "0.8.4", "0.9.0b2", "0.9.0b3", "0.9.0b4", "0.9.1", "0.9.2", "0.9.3", "0.9.4", "0.10.0", "0.10.2", "0.10.3", "0.11a3"], "joblib.format_stack.format_outer_frames,context;stack_start;stack_end;ignore_ipython,4,func": ["0.8.0", "0.8.1", "0.8.2", "0.8.3", "0.8.3-r1", "0.8.4", "0.9.0b2", "0.9.0b3", "0.9.0b4", "0.9.1", "0.9.2", "0.9.3", "0.9.4", "0.10.0", "0.10.2", "0.10.3", "0.11a3"], "joblib.memory.extract_first_line,func_code,0,func": ["0.8.0", "0.8.1", "0.8.2", "0.8.3", "0.8.3-r1", "0.8.4", "0.9.0b2", "0.9.0b3", "0.9.0b4", "0.9.1", "0.9.2", "0.9.3", "0.9.4", "0.10.0", "0.10.2", "0.10.3", "0.11a3"], "joblib.memory.JobLibCollisionWarning,,": ["0.8.0", "0.8.1", "0.8.2", "0.8.3", "0.8.3-r1", "0.8.4", "0.9.0b2", "0.9.0b3", "0.9.0b4", "0.9.1", "0.9.2", "0.9.3", "0.9.4", "0.10.0", "0.10.2", "0.10.3", "0.11a3"], "joblib.memory.MemorizedResult,self;cachedir;func;argument_hash;mmap_mode;verbose;timestamp;metadata,4": ["0.8.0", "0.8.1", "0.8.2", "0.8.3", "0.8.3-r1", "0.8.4", "0.9.0b2", "0.9.0b3", "0.9.0b4", "0.9.1", "0.9.2", "0.9.3", "0.9.4", "0.10.0", "0.10.2", "0.10.3", "0.11a3"], "joblib.memory.MemorizedResult.get,self,0,cls": ["0.8.0", "0.8.1", "0.8.2", "0.8.3", "0.8.3-r1", "0.8.4", "0.9.0b2", "0.9.0b3", "0.9.0b4", "0.9.1", "0.9.2", "0.9.3", "0.9.4", "0.10.0", "0.10.2", "0.10.3", "0.11a3"], "joblib.memory.MemorizedResult.clear,self,0,cls": ["0.8.0", "0.8.1", "0.8.2", "0.8.3", "0.8.3-r1", "0.8.4", "0.9.0b2", "0.9.0b3", "0.9.0b4", "0.9.1", "0.9.2", "0.9.3", "0.9.4", "0.10.0", "0.10.2", "0.10.3", "0.11a3"], "joblib.memory.NotMemorizedResult,self;value,0": ["0.8.0", "0.8.1", "0.8.2", "0.8.3", "0.8.3-r1", "0.8.4", "0.9.0b2", "0.9.0b3", "0.9.0b4", "0.9.1", "0.9.2", "0.9.3", "0.9.4", "0.10.0", "0.10.2", "0.10.3", "0.11a3"], "joblib.memory.NotMemorizedResult.get,self,0,cls": ["0.8.0", "0.8.1", "0.8.2", "0.8.3", "0.8.3-r1", "0.8.4", "0.9.0b2", "0.9.0b3", "0.9.0b4", "0.9.1", "0.9.2", "0.9.3", "0.9.4", "0.10.0", "0.10.2", "0.10.3", "0.11a3"], "joblib.memory.NotMemorizedResult.clear,self,0,cls": ["0.8.0", "0.8.1", "0.8.2", "0.8.3", "0.8.3-r1", "0.8.4", "0.9.0b2", "0.9.0b3", "0.9.0b4", "0.9.1", "0.9.2", "0.9.3", "0.9.4", "0.10.0", "0.10.2", "0.10.3", "0.11a3"], "joblib.memory.NotMemorizedFunc,self;func,0": ["0.8.0", "0.8.1", "0.8.2", "0.8.3", "0.8.3-r1", "0.8.4", "0.9.0b2", "0.9.0b3", "0.9.0b4", "0.9.1", "0.9.2", "0.9.3", "0.9.4", "0.10.0", "0.10.2", "0.10.3", "0.11a3"], "joblib.memory.NotMemorizedFunc.call_and_shelve,self,0,cls": ["0.8.0", "0.8.1", "0.8.2", "0.8.3", "0.8.3-r1", "0.8.4", "0.9.0b2", "0.9.0b3", "0.9.0b4", "0.9.1", "0.9.2", "0.9.3", "0.9.4", "0.10.0", "0.10.2", "0.10.3", "0.11a3"], "joblib.memory.NotMemorizedFunc.clear,self;warn,1,cls": ["0.8.0", "0.8.1", "0.8.2", "0.8.3", "0.8.3-r1", "0.8.4", "0.9.0b2", "0.9.0b3", "0.9.0b4", "0.9.1", "0.9.2", "0.9.3", "0.9.4", "0.10.0", "0.10.2", "0.10.3", "0.11a3"], "joblib.memory.MemorizedFunc,self;func;cachedir;ignore;mmap_mode;compress;verbose;timestamp,5": ["0.8.0", "0.8.1", "0.8.2", "0.8.3", "0.8.3-r1", "0.8.4", "0.9.0b2", "0.9.0b3", "0.9.0b4", "0.9.1", "0.9.2", "0.9.3", "0.9.4", "0.10.0", "0.10.2", "0.10.3", "0.11a3"], "joblib.memory.MemorizedFunc.call_and_shelve,self,0,cls": ["0.8.0", "0.8.1", "0.8.2", "0.8.3", "0.8.3-r1", "0.8.4", "0.9.0b2", "0.9.0b3", "0.9.0b4", "0.9.1", "0.9.2", "0.9.3", "0.9.4", "0.10.0", "0.10.2", "0.10.3", "0.11a3"], "joblib.memory.MemorizedFunc.format_signature,self,0,cls": ["0.8.0", "0.8.1", "0.8.2", "0.8.3", "0.8.3-r1", "0.8.4", "0.9.0b2", "0.9.0b3", "0.9.0b4", "0.9.1", "0.9.2", "0.9.3", "0.9.4", "0.10.0", "0.10.2", "0.10.3"], "joblib.memory.MemorizedFunc.format_call,self,0,cls": ["0.8.0", "0.8.1", "0.8.2", "0.8.3", "0.8.3-r1", "0.8.4", "0.9.0b2", "0.9.0b3", "0.9.0b4", "0.9.1", "0.9.2", "0.9.3", "0.9.4", "0.10.0", "0.10.2", "0.10.3"], "joblib.memory.MemorizedFunc.clear,self;warn,1,cls": ["0.8.0", "0.8.1", "0.8.2", "0.8.3", "0.8.3-r1", "0.8.4", "0.9.0b2", "0.9.0b3", "0.9.0b4", "0.9.1", "0.9.2", "0.9.3", "0.9.4", "0.10.0", "0.10.2", "0.10.3", "0.11a3"], "joblib.memory.MemorizedFunc.call,self,0,cls": ["0.8.0", "0.8.1", "0.8.2", "0.8.3", "0.8.3-r1", "0.8.4", "0.9.0b2", "0.9.0b3", "0.9.0b4", "0.9.1", "0.9.2", "0.9.3", "0.9.4", "0.10.0", "0.10.2", "0.10.3", "0.11a3"], "joblib.memory.MemorizedFunc.load_output,self;output_dir,0,cls": ["0.8.0", "0.8.1", "0.8.2", "0.8.3", "0.8.3-r1", "0.8.4", "0.9.0b2", "0.9.0b3", "0.9.0b4", "0.9.1", "0.9.2", "0.9.3", "0.9.4", "0.10.0", "0.10.2", "0.10.3"], "joblib.memory.Memory,self;cachedir;mmap_mode;compress;verbose,3": ["0.8.0", "0.8.1", "0.8.2", "0.8.3", "0.8.3-r1", "0.8.4", "0.9.0b2", "0.9.0b3", "0.9.0b4", "0.9.1", "0.9.2", "0.9.3", "0.9.4", "0.10.0", "0.10.2", "0.10.3"], "joblib.memory.Memory.cache,self;func;ignore;verbose;mmap_mode,4,cls": ["0.8.0", "0.8.1", "0.8.2", "0.8.3", "0.8.3-r1", "0.8.4", "0.9.0b2", "0.9.0b3", "0.9.0b4", "0.9.1", "0.9.2", "0.9.3", "0.9.4", "0.10.0", "0.10.2", "0.10.3", "0.11a3"], "joblib.memory.Memory.clear,self;warn,1,cls": ["0.8.0", "0.8.1", "0.8.2", "0.8.3", "0.8.3-r1", "0.8.4", "0.9.0b2", "0.9.0b3", "0.9.0b4", "0.9.1", "0.9.2", "0.9.3", "0.9.4", "0.10.0", "0.10.2", "0.10.3", "0.11a3"], "joblib.memory.Memory.eval,self;func,0,cls": ["0.8.0", "0.8.1", "0.8.2", "0.8.3", "0.8.3-r1", "0.8.4", "0.9.0b2", "0.9.0b3", "0.9.0b4", "0.9.1", "0.9.2", "0.9.3", "0.9.4", "0.10.0", "0.10.2", "0.10.3", "0.11a3"], "joblib.memory.get_func_code,func,0,func": ["0.8.0", "0.8.1", "0.8.2", "0.8.3", "0.8.3-r1", "0.8.4", "0.9.0b2", "0.9.0b3", "0.9.0b4", "0.9.1", "0.9.2", "0.9.3", "0.9.4", "0.10.0", "0.10.2", "0.10.3", "0.11a3"], "joblib.memory.get_func_name,func;resolv_alias;win_characters,2,func": ["0.8.0", "0.8.1", "0.8.2", "0.8.3", "0.8.3-r1", "0.8.4", "0.9.0b2", "0.9.0b3", "0.9.0b4", "0.9.1", "0.9.2", "0.9.3", "0.9.4", "0.10.0", "0.10.2", "0.10.3", "0.11a3"], "joblib.memory.filter_args,func;ignore_lst;args;kwargs,2,func": ["0.8.0", "0.8.1", "0.8.2", "0.8.3", "0.8.3-r1", "0.8.4", "0.9.0b2", "0.9.0b3", "0.9.0b4", "0.9.1", "0.9.2", "0.9.3", "0.9.4", "0.10.0", "0.10.2", "0.10.3", "0.11a3"], "joblib.memory.format_signature,func,0,func": ["0.8.0", "0.8.1", "0.8.2", "0.8.3", "0.8.3-r1", "0.8.4", "0.9.0b2", "0.9.0b3", "0.9.0b4", "0.9.1", "0.9.2", "0.9.3", "0.9.4", "0.10.0", "0.10.2", "0.10.3", "0.11a3"], "joblib.memory.format_call,func;args;kwargs;object_name,1,func": ["0.8.0", "0.8.1", "0.8.2", "0.8.3", "0.8.3-r1", "0.8.4", "0.9.0b2", "0.9.0b3", "0.9.0b4", "0.9.1", "0.9.2", "0.9.3", "0.9.4", "0.10.0", "0.10.2", "0.10.3", "0.11a3"], "joblib.memory.Logger,self;depth,1": ["0.8.0", "0.8.1", "0.8.2", "0.8.3", "0.8.3-r1", "0.8.4", "0.9.0b2", "0.9.0b3", "0.9.0b4", "0.9.1", "0.9.2", "0.9.3", "0.9.4", "0.10.0", "0.10.2", "0.10.3", "0.11a3"], "joblib.memory.Logger.warn,self;msg,0,cls": ["0.8.0", "0.8.1", "0.8.2", "0.8.3", "0.8.3-r1", "0.8.4", "0.9.0b2", "0.9.0b3", "0.9.0b4", "0.9.1", "0.9.2", "0.9.3", "0.9.4", "0.10.0", "0.10.2", "0.10.3", "0.11a3"], "joblib.memory.Logger.debug,self;msg,0,cls": ["0.8.0", "0.8.1", "0.8.2", "0.8.3", "0.8.3-r1", "0.8.4", "0.9.0b2", "0.9.0b3", "0.9.0b4", "0.9.1", "0.9.2", "0.9.3", "0.9.4", "0.10.0", "0.10.2", "0.10.3", "0.11a3"], "joblib.memory.Logger.format,self;obj;indent,1,cls": ["0.8.0", "0.8.1", "0.8.2", "0.8.3", "0.8.3-r1", "0.8.4", "0.9.0b2", "0.9.0b3", "0.9.0b4", "0.9.1", "0.9.2", "0.9.3", "0.9.4", "0.10.0", "0.10.2", "0.10.3", "0.11a3"], "joblib.memory.format_time,t,0,func": ["0.8.0", "0.8.1", "0.8.2", "0.8.3", "0.8.3-r1", "0.8.4", "0.9.0b2", "0.9.0b3", "0.9.0b4", "0.9.1", "0.9.2", "0.9.3", "0.9.4", "0.10.0", "0.10.2", "0.10.3", "0.11a3"], "joblib.memory.pformat,obj;indent;depth,2,func": ["0.8.0", "0.8.1", "0.8.2", "0.8.3", "0.8.3-r1", "0.8.4", "0.9.0b2", "0.9.0b3", "0.9.0b4", "0.9.1", "0.9.2", "0.9.3", "0.9.4", "0.10.0", "0.10.2", "0.10.3", "0.11a3"], "joblib.memory.mkdirp,d,0,func": ["0.8.0", "0.8.1", "0.8.2", "0.8.3", "0.8.3-r1", "0.8.4", "0.9.0b2", "0.9.0b3", "0.9.0b4", "0.9.1", "0.9.2", "0.9.3", "0.9.4", "0.10.0", "0.10.2", "0.10.3", "0.11a3"], "joblib.memory.rm_subdirs,path;onerror,1,func": ["0.8.0", "0.8.1", "0.8.2", "0.8.3", "0.8.3-r1", "0.8.4", "0.9.0b2", "0.9.0b3", "0.9.0b4", "0.9.1", "0.9.2", "0.9.3", "0.9.4", "0.10.0", "0.10.2", "0.10.3", "0.11a3"], "joblib.func_inspect.get_func_code,func,0,func": ["0.8.0", "0.8.1", "0.8.2", "0.8.3", "0.8.3-r1", "0.8.4", "0.9.0b2", "0.9.0b3", "0.9.0b4", "0.9.1", "0.9.2", "0.9.3", "0.9.4", "0.10.0", "0.10.2", "0.10.3", "0.11a3"], "joblib.func_inspect.get_func_name,func;resolv_alias;win_characters,2,func": ["0.8.0", "0.8.1", "0.8.2", "0.8.3", "0.8.3-r1", "0.8.4", "0.9.0b2", "0.9.0b3", "0.9.0b4", "0.9.1", "0.9.2", "0.9.3", "0.9.4", "0.10.0", "0.10.2", "0.10.3", "0.11a3"], "joblib.func_inspect.filter_args,func;ignore_lst;args;kwargs,2,func": ["0.8.0", "0.8.1", "0.8.2", "0.8.3", "0.8.3-r1", "0.8.4", "0.9.0b2", "0.9.0b3", "0.9.0b4", "0.9.1", "0.9.2", "0.9.3", "0.9.4", "0.10.0", "0.10.2", "0.10.3", "0.11a3"], "joblib.func_inspect.format_signature,func,0,func": ["0.8.0", "0.8.1", "0.8.2", "0.8.3", "0.8.3-r1", "0.8.4", "0.9.0b2", "0.9.0b3", "0.9.0b4", "0.9.1", "0.9.2", "0.9.3", "0.9.4", "0.10.0", "0.10.2", "0.10.3", "0.11a3"], "joblib.func_inspect.format_call,func;args;kwargs;object_name,1,func": ["0.8.0", "0.8.1", "0.8.2", "0.8.3", "0.8.3-r1", "0.8.4", "0.9.0b2", "0.9.0b3", "0.9.0b4", "0.9.1", "0.9.2", "0.9.3", "0.9.4", "0.10.0", "0.10.2", "0.10.3", "0.11a3"], "joblib.func_inspect.pformat,obj;indent;depth,2,func": ["0.8.0", "0.8.1", "0.8.2", "0.8.3", "0.8.3-r1", "0.8.4", "0.9.0b2", "0.9.0b3", "0.9.0b4", "0.9.1", "0.9.2", "0.9.3", "0.9.4", "0.10.0", "0.10.2", "0.10.3", "0.11a3"], "joblib.PrintTime,self;logfile;logdir,2": ["0.8.0", "0.8.1", "0.8.2", "0.8.3", "0.8.3-r1", "0.8.4", "0.9.0b2", "0.9.0b3", "0.9.0b4", "0.9.1", "0.9.2", "0.9.3", "0.9.4", "0.10.0", "0.10.2", "0.10.3", "0.11a3"], "joblib.Logger,self;depth,1": ["0.8.0", "0.8.1", "0.8.2", "0.8.3", "0.8.3-r1", "0.8.4", "0.9.0b2", "0.9.0b3", "0.9.0b4", "0.9.1", "0.9.2", "0.9.3", "0.9.4", "0.10.0", "0.10.2", "0.10.3", "0.11a3"], "joblib.Logger.warn,self;msg,0,cls": ["0.8.0", "0.8.1", "0.8.2", "0.8.3", "0.8.3-r1", "0.8.4", "0.9.0b2", "0.9.0b3", "0.9.0b4", "0.9.1", "0.9.2", "0.9.3", "0.9.4", "0.10.0", "0.10.2", "0.10.3", "0.11a3"], "joblib.Logger.debug,self;msg,0,cls": ["0.8.0", "0.8.1", "0.8.2", "0.8.3", "0.8.3-r1", "0.8.4", "0.9.0b2", "0.9.0b3", "0.9.0b4", "0.9.1", "0.9.2", "0.9.3", "0.9.4", "0.10.0", "0.10.2", "0.10.3", "0.11a3"], "joblib.Logger.format,self;obj;indent,1,cls": ["0.8.0", "0.8.1", "0.8.2", "0.8.3", "0.8.3-r1", "0.8.4", "0.9.0b2", "0.9.0b3", "0.9.0b4", "0.9.1", "0.9.2", "0.9.3", "0.9.4", "0.10.0", "0.10.2", "0.10.3", "0.11a3"], "joblib.hash,obj;hash_name;coerce_mmap,2,func": ["0.8.0", "0.8.1", "0.8.2", "0.8.3", "0.8.3-r1", "0.8.4", "0.9.0b2", "0.9.0b3", "0.9.0b4", "0.9.1", "0.9.2", "0.9.3", "0.9.4", "0.10.0", "0.10.2", "0.10.3", "0.11a3"], "joblib.dump,value;filename;compress;cache_size,2,func": ["0.8.0", "0.8.1", "0.8.2", "0.8.3", "0.8.3-r1", "0.8.4", "0.9.0b2", "0.9.0b3", "0.9.0b4"], "joblib.load,filename;mmap_mode,1,func": ["0.8.0", "0.8.1", "0.8.2", "0.8.3", "0.8.3-r1", "0.8.4", "0.9.0b2", "0.9.0b3", "0.9.0b4", "0.9.1", "0.9.2", "0.9.3", "0.9.4", "0.10.0", "0.10.2", "0.10.3", "0.11a3"], "joblib.Parallel,self;n_jobs;backend;verbose;pre_dispatch;temp_folder;max_nbytes;mmap_mode,7": ["0.8.0", "0.8.1", "0.8.2", "0.8.3", "0.8.3-r1", "0.8.4"], "joblib.Parallel.dispatch,self;func;args;kwargs,0,cls": ["0.8.0", "0.8.1", "0.8.2", "0.8.3", "0.8.3-r1", "0.8.4"], "joblib.Parallel.dispatch_next,self,0,cls": ["0.8.0", "0.8.1", "0.8.2", "0.8.3", "0.8.3-r1", "0.8.4", "0.9.0b2", "0.9.0b3", "0.9.0b4", "0.9.1", "0.9.2", "0.9.3", "0.9.4", "0.10.0", "0.10.2", "0.10.3", "0.11a3"], "joblib.Parallel.print_progress,self;index,0,cls": ["0.8.0", "0.8.1", "0.8.2", "0.8.3", "0.8.3-r1", "0.8.4"], "joblib.Parallel.retrieve,self,0,cls": ["0.8.0", "0.8.1", "0.8.2", "0.8.3", "0.8.3-r1", "0.8.4", "0.9.0b2", "0.9.0b3", "0.9.0b4", "0.9.1", "0.9.2", "0.9.3", "0.9.4", "0.10.0", "0.10.2", "0.10.3", "0.11a3"], "joblib.delayed,function,0,func": ["0.8.0", "0.8.1", "0.8.2"], "joblib.cpu_count,,0,func": ["0.8.0", "0.8.1", "0.8.2", "0.8.3", "0.8.3-r1", "0.8.4", "0.9.0b2", "0.9.0b3", "0.9.0b4", "0.9.1", "0.9.2", "0.9.3", "0.9.4", "0.10.0", "0.10.2", "0.10.3", "0.11a3"], "joblib.logger.format_time,t,0,func": ["0.8.0", "0.8.1", "0.8.2", "0.8.3", "0.8.3-r1", "0.8.4", "0.9.0b2", "0.9.0b3", "0.9.0b4", "0.9.1", "0.9.2", "0.9.3", "0.9.4", "0.10.0", "0.10.2", "0.10.3", "0.11a3"], "joblib.logger.short_format_time,t,0,func": ["0.8.0", "0.8.1", "0.8.2", "0.8.3", "0.8.3-r1", "0.8.4", "0.9.0b2", "0.9.0b3", "0.9.0b4", "0.9.1", "0.9.2", "0.9.3", "0.9.4", "0.10.0", "0.10.2", "0.10.3", "0.11a3"], "joblib.logger.pformat,obj;indent;depth,2,func": ["0.8.0", "0.8.1", "0.8.2", "0.8.3", "0.8.3-r1", "0.8.4", "0.9.0b2", "0.9.0b3", "0.9.0b4", "0.9.1", "0.9.2", "0.9.3", "0.9.4", "0.10.0", "0.10.2", "0.10.3", "0.11a3"], "joblib.logger.Logger,self;depth,1": ["0.8.0", "0.8.1", "0.8.2", "0.8.3", "0.8.3-r1", "0.8.4", "0.9.0b2", "0.9.0b3", "0.9.0b4", "0.9.1", "0.9.2", "0.9.3", "0.9.4", "0.10.0", "0.10.2", "0.10.3", "0.11a3"], "joblib.logger.Logger.warn,self;msg,0,cls": ["0.8.0", "0.8.1", "0.8.2", "0.8.3", "0.8.3-r1", "0.8.4", "0.9.0b2", "0.9.0b3", "0.9.0b4", "0.9.1", "0.9.2", "0.9.3", "0.9.4", "0.10.0", "0.10.2", "0.10.3", "0.11a3"], "joblib.logger.Logger.debug,self;msg,0,cls": ["0.8.0", "0.8.1", "0.8.2", "0.8.3", "0.8.3-r1", "0.8.4", "0.9.0b2", "0.9.0b3", "0.9.0b4", "0.9.1", "0.9.2", "0.9.3", "0.9.4", "0.10.0", "0.10.2", "0.10.3", "0.11a3"], "joblib.logger.Logger.format,self;obj;indent,1,cls": ["0.8.0", "0.8.1", "0.8.2", "0.8.3", "0.8.3-r1", "0.8.4", "0.9.0b2", "0.9.0b3", "0.9.0b4", "0.9.1", "0.9.2", "0.9.3", "0.9.4", "0.10.0", "0.10.2", "0.10.3", "0.11a3"], "joblib.logger.PrintTime,self;logfile;logdir,2": ["0.8.0", "0.8.1", "0.8.2", "0.8.3", "0.8.3-r1", "0.8.4", "0.9.0b2", "0.9.0b3", "0.9.0b4", "0.9.1", "0.9.2", "0.9.3", "0.9.4", "0.10.0", "0.10.2", "0.10.3", "0.11a3"], "joblib.logger.mkdirp,d,0,func": ["0.8.0", "0.8.1", "0.8.2", "0.8.3", "0.8.3-r1", "0.8.4", "0.9.0b2", "0.9.0b3", "0.9.0b4", "0.9.1", "0.9.2", "0.9.3", "0.9.4", "0.10.0", "0.10.2", "0.10.3", "0.11a3"], "joblib.numpy_pickle.asbytes,s,0,func": ["0.8.0", "0.8.1", "0.8.2", "0.8.3", "0.8.3-r1", "0.8.4", "0.9.0b2", "0.9.0b3", "0.9.0b4", "0.9.1", "0.9.2", "0.9.3", "0.9.4"], "joblib.numpy_pickle.read_zfile,file_handle,0,func": ["0.8.0", "0.8.1", "0.8.2", "0.8.3", "0.8.3-r1", "0.8.4", "0.9.0b2", "0.9.0b3", "0.9.0b4", "0.9.1", "0.9.2", "0.9.3", "0.9.4"], "joblib.numpy_pickle.write_zfile,file_handle;data;compress,1,func": ["0.8.0", "0.8.1", "0.8.2", "0.8.3", "0.8.3-r1", "0.8.4", "0.9.0b2", "0.9.0b3", "0.9.0b4", "0.9.1", "0.9.2", "0.9.3", "0.9.4"], "joblib.numpy_pickle.NDArrayWrapper,self;filename;subclass,0": ["0.8.0", "0.8.1", "0.8.2", "0.8.3", "0.8.3-r1", "0.8.4"], "joblib.numpy_pickle.NDArrayWrapper.read,self;unpickler,0,cls": ["0.8.0", "0.8.1", "0.8.2", "0.8.3", "0.8.3-r1", "0.8.4", "0.9.0b2", "0.9.0b3", "0.9.0b4", "0.9.1", "0.9.2", "0.9.3", "0.9.4", "0.10.0", "0.10.2", "0.10.3", "0.11a3"], "joblib.numpy_pickle.ZNDArrayWrapper,self;filename;init_args;state,0": ["0.8.0", "0.8.1", "0.8.2", "0.8.3", "0.8.3-r1", "0.8.4", "0.9.0b2", "0.9.0b3", "0.9.0b4", "0.9.1", "0.9.2", "0.9.3", "0.9.4", "0.10.0", "0.10.2", "0.10.3", "0.11a3"], "joblib.numpy_pickle.ZNDArrayWrapper.read,self;unpickler,0,cls": ["0.8.0", "0.8.1", "0.8.2", "0.8.3", "0.8.3-r1", "0.8.4", "0.9.0b2", "0.9.0b3", "0.9.0b4", "0.9.1", "0.9.2", "0.9.3", "0.9.4", "0.10.0", "0.10.2", "0.10.3", "0.11a3"], "joblib.numpy_pickle.NumpyPickler,self;filename;compress;cache_size,2": ["0.8.0", "0.8.1", "0.8.2", "0.8.3", "0.8.3-r1", "0.8.4", "0.9.0b2", "0.9.0b3", "0.9.0b4"], "joblib.numpy_pickle.NumpyPickler.save,self;obj,0,cls": ["0.8.0", "0.8.1", "0.8.2", "0.8.3", "0.8.3-r1", "0.8.4", "0.9.0b2", "0.9.0b3", "0.9.0b4", "0.9.1", "0.9.2", "0.9.3", "0.9.4", "0.10.0", "0.10.2", "0.10.3", "0.11a3"], "joblib.numpy_pickle.NumpyPickler.close,self,0,cls": ["0.8.0", "0.8.1", "0.8.2", "0.8.3", "0.8.3-r1", "0.8.4", "0.9.0b2", "0.9.0b3", "0.9.0b4", "0.9.1", "0.9.2", "0.9.3", "0.9.4"], "joblib.numpy_pickle.NumpyUnpickler,self;filename;file_handle;mmap_mode,1": ["0.8.0", "0.8.1", "0.8.2", "0.8.3", "0.8.3-r1", "0.8.4", "0.9.0b2", "0.9.0b3", "0.9.0b4", "0.9.1", "0.9.2", "0.9.3", "0.9.4", "0.10.0", "0.10.2", "0.10.3", "0.11a3"], "joblib.numpy_pickle.NumpyUnpickler.load_build,self,0,cls": ["0.8.0", "0.8.1", "0.8.2", "0.8.3", "0.8.3-r1", "0.8.4", "0.9.0b2", "0.9.0b3", "0.9.0b4", "0.9.1", "0.9.2", "0.9.3", "0.9.4", "0.10.0", "0.10.2", "0.10.3", "0.11a3"], "joblib.numpy_pickle.ZipNumpyUnpickler,self;filename;file_handle,0": ["0.8.0", "0.8.1", "0.8.2", "0.8.3", "0.8.3-r1", "0.8.4", "0.9.0b2", "0.9.0b3", "0.9.0b4", "0.9.1", "0.9.2", "0.9.3", "0.9.4"], "joblib.numpy_pickle.dump,value;filename;compress;cache_size,2,func": ["0.8.0", "0.8.1", "0.8.2", "0.8.3", "0.8.3-r1", "0.8.4", "0.9.0b2", "0.9.0b3", "0.9.0b4"], "joblib.numpy_pickle.load,filename;mmap_mode,1,func": ["0.8.0", "0.8.1", "0.8.2", "0.8.3", "0.8.3-r1", "0.8.4", "0.9.0b2", "0.9.0b3", "0.9.0b4", "0.9.1", "0.9.2", "0.9.3", "0.9.4", "0.10.0", "0.10.2", "0.10.3", "0.11a3"], "joblib.my_exceptions.JoblibException,self,0": ["0.8.0", "0.8.1", "0.8.2", "0.8.3", "0.8.3-r1", "0.8.4", "0.9.0b2", "0.9.0b3", "0.9.0b4", "0.9.1", "0.9.2", "0.9.3", "0.9.4", "0.10.0", "0.10.2", "0.10.3", "0.11a3"], "joblib.my_exceptions.TransportableException,self;message;etype,0": ["0.8.0", "0.8.1", "0.8.2", "0.8.3", "0.8.3-r1", "0.8.4", "0.9.0b2", "0.9.0b3", "0.9.0b4", "0.9.1", "0.9.2", "0.9.3", "0.9.4", "0.10.0", "0.10.2", "0.10.3", "0.11a3"], "joblib.parallel.cpu_count,,0,func": ["0.8.0", "0.8.1", "0.8.2", "0.8.3", "0.8.3-r1", "0.8.4", "0.9.0b2", "0.9.0b3", "0.9.0b4", "0.9.1", "0.9.2", "0.9.3", "0.9.4", "0.10.0", "0.10.2", "0.10.3", "0.11a3"], "joblib.parallel.WorkerInterrupt,,": ["0.8.0", "0.8.1", "0.8.2", "0.8.3", "0.8.3-r1", "0.8.4", "0.9.0b2", "0.9.0b3", "0.9.0b4", "0.9.1", "0.9.2", "0.9.3", "0.9.4"], "joblib.parallel.SafeFunction,self;func,0": ["0.8.0", "0.8.1", "0.8.2", "0.8.3", "0.8.3-r1", "0.8.4", "0.9.0b2", "0.9.0b3", "0.9.0b4", "0.9.1", "0.9.2", "0.9.3", "0.9.4"], "joblib.parallel.delayed,function,0,func": ["0.8.0", "0.8.1", "0.8.2"], "joblib.parallel.ImmediateApply,self;func;args;kwargs,0": ["0.8.0", "0.8.1", "0.8.2", "0.8.3", "0.8.3-r1", "0.8.4"], "joblib.parallel.ImmediateApply.get,self,0,cls": ["0.8.0", "0.8.1", "0.8.2", "0.8.3", "0.8.3-r1", "0.8.4"], "joblib.parallel.CallBack,self;index;parallel,0": ["0.8.0", "0.8.1", "0.8.2", "0.8.3", "0.8.3-r1", "0.8.4"], "joblib.parallel.LockedIterator,self;it,0": ["0.8.0", "0.8.1", "0.8.2", "0.8.3", "0.8.3-r1", "0.8.4"], "joblib.parallel.LockedIterator.next,self,0,cls": ["0.8.0", "0.8.1", "0.8.2", "0.8.3", "0.8.3-r1", "0.8.4"], "joblib.parallel.Parallel,self;n_jobs;backend;verbose;pre_dispatch;temp_folder;max_nbytes;mmap_mode,7": ["0.8.0", "0.8.1", "0.8.2", "0.8.3", "0.8.3-r1", "0.8.4"], "joblib.parallel.Parallel.dispatch,self;func;args;kwargs,0,cls": ["0.8.0", "0.8.1", "0.8.2", "0.8.3", "0.8.3-r1", "0.8.4"], "joblib.parallel.Parallel.dispatch_next,self,0,cls": ["0.8.0", "0.8.1", "0.8.2", "0.8.3", "0.8.3-r1", "0.8.4", "0.9.0b2", "0.9.0b3", "0.9.0b4", "0.9.1", "0.9.2", "0.9.3", "0.9.4", "0.10.0", "0.10.2", "0.10.3", "0.11a3"], "joblib.parallel.Parallel.print_progress,self;index,0,cls": ["0.8.0", "0.8.1", "0.8.2", "0.8.3", "0.8.3-r1", "0.8.4"], "joblib.parallel.Parallel.retrieve,self,0,cls": ["0.8.0", "0.8.1", "0.8.2", "0.8.3", "0.8.3-r1", "0.8.4", "0.9.0b2", "0.9.0b3", "0.9.0b4", "0.9.1", "0.9.2", "0.9.3", "0.9.4", "0.10.0", "0.10.2", "0.10.3", "0.11a3"], "joblib.parallel.format_exc,etype;evalue;etb;context;tb_offset,2,func": ["0.8.0", "0.8.1", "0.8.2", "0.8.3", "0.8.3-r1", "0.8.4", "0.9.0b2", "0.9.0b3", "0.9.0b4", "0.9.1", "0.9.2", "0.9.3", "0.9.4"], "joblib.parallel.format_outer_frames,context;stack_start;stack_end;ignore_ipython,4,func": ["0.8.0", "0.8.1", "0.8.2", "0.8.3", "0.8.3-r1", "0.8.4", "0.9.0b2", "0.9.0b3", "0.9.0b4", "0.9.1", "0.9.2", "0.9.3", "0.9.4", "0.10.0", "0.10.2", "0.10.3", "0.11a3"], "joblib.parallel.Logger,self;depth,1": ["0.8.0", "0.8.1", "0.8.2", "0.8.3", "0.8.3-r1", "0.8.4", "0.9.0b2", "0.9.0b3", "0.9.0b4", "0.9.1", "0.9.2", "0.9.3", "0.9.4", "0.10.0", "0.10.2", "0.10.3", "0.11a3"], "joblib.parallel.Logger.warn,self;msg,0,cls": ["0.8.0", "0.8.1", "0.8.2", "0.8.3", "0.8.3-r1", "0.8.4", "0.9.0b2", "0.9.0b3", "0.9.0b4", "0.9.1", "0.9.2", "0.9.3", "0.9.4", "0.10.0", "0.10.2", "0.10.3", "0.11a3"], "joblib.parallel.Logger.debug,self;msg,0,cls": ["0.8.0", "0.8.1", "0.8.2", "0.8.3", "0.8.3-r1", "0.8.4", "0.9.0b2", "0.9.0b3", "0.9.0b4", "0.9.1", "0.9.2", "0.9.3", "0.9.4", "0.10.0", "0.10.2", "0.10.3", "0.11a3"], "joblib.parallel.Logger.format,self;obj;indent,1,cls": ["0.8.0", "0.8.1", "0.8.2", "0.8.3", "0.8.3-r1", "0.8.4", "0.9.0b2", "0.9.0b3", "0.9.0b4", "0.9.1", "0.9.2", "0.9.3", "0.9.4", "0.10.0", "0.10.2", "0.10.3", "0.11a3"], "joblib.parallel.short_format_time,t,0,func": ["0.8.0", "0.8.1", "0.8.2", "0.8.3", "0.8.3-r1", "0.8.4", "0.9.0b2", "0.9.0b3", "0.9.0b4", "0.9.1", "0.9.2", "0.9.3", "0.9.4", "0.10.0", "0.10.2", "0.10.3", "0.11a3"], "joblib.parallel.TransportableException,self;message;etype,0": ["0.8.0", "0.8.1", "0.8.2", "0.8.3", "0.8.3-r1", "0.8.4", "0.9.0b2", "0.9.0b3", "0.9.0b4", "0.9.1", "0.9.2", "0.9.3", "0.9.4", "0.10.0", "0.10.2", "0.10.3", "0.11a3"], "joblib.parallel.memstr_to_kbytes,text,0,func": ["0.8.0", "0.8.1", "0.8.2", "0.8.3", "0.8.3-r1", "0.8.4", "0.9.0b2", "0.9.0b3", "0.9.0b4", "0.9.1", "0.9.2", "0.9.3", "0.9.4"], "joblib.parallel.MemmapingPool,self;processes;temp_folder;max_nbytes;mmap_mode;forward_reducers;backward_reducers;verbose;context_id;prewarm,9": ["0.8.0", "0.8.1", "0.8.2", "0.8.3", "0.8.3-r1", "0.8.4", "0.9.0b2", "0.9.0b3", "0.9.0b4", "0.9.1", "0.9.2", "0.9.3", "0.9.4"], "joblib.parallel.MemmapingPool.terminate,self,0,cls": ["0.8.0", "0.8.1", "0.8.2", "0.8.3", "0.8.3-r1", "0.8.4", "0.9.0b2", "0.9.0b3", "0.9.0b4", "0.9.1", "0.9.2", "0.9.3", "0.9.4"], "joblib.testing.warnings_to_stdout,,0,func": ["0.8.0", "0.8.1", "0.8.2", "0.8.3", "0.8.3-r1", "0.8.4", "0.9.0b2", "0.9.0b3", "0.9.0b4", "0.9.1", "0.9.2", "0.9.3", "0.9.4", "0.10.0", "0.10.2", "0.10.3", "0.11a3"], "joblib.pool.has_shareable_memory,a,0,func": ["0.8.0", "0.8.1", "0.8.2", "0.8.3", "0.8.3-r1", "0.8.4", "0.9.0b2", "0.9.0b3", "0.9.0b4", "0.9.1", "0.9.2", "0.9.3", "0.9.4", "0.10.0", "0.10.2", "0.10.3", "0.11a3"], "joblib.pool.reduce_memmap,a,0,func": ["0.8.0", "0.8.1", "0.8.2", "0.8.3", "0.8.3-r1", "0.8.4", "0.9.0b2", "0.9.0b3", "0.9.0b4", "0.9.1", "0.9.2", "0.9.3", "0.9.4", "0.10.0", "0.10.2", "0.10.3", "0.11a3"], "joblib.pool.ArrayMemmapReducer,self;max_nbytes;temp_folder;mmap_mode;verbose;context_id;prewarm,3": ["0.8.0", "0.8.1", "0.8.2", "0.8.3", "0.8.3-r1", "0.8.4", "0.9.0b2", "0.9.0b3", "0.9.0b4", "0.9.1", "0.9.2", "0.9.3", "0.9.4", "0.10.0", "0.10.2", "0.10.3", "0.11a3"], "joblib.pool.CustomizablePickler,self;writer;reducers;protocol,2": ["0.8.0", "0.8.1", "0.8.2", "0.8.3", "0.8.3-r1", "0.8.4", "0.9.0b2", "0.9.0b3", "0.9.0b4", "0.9.1", "0.9.2", "0.9.3", "0.9.4", "0.10.0", "0.10.2", "0.10.3", "0.11a3"], "joblib.pool.CustomizablePickler.register,self;type;reduce_func,0,cls": ["0.8.0", "0.8.1", "0.8.2", "0.8.3", "0.8.3-r1", "0.8.4", "0.9.0b2", "0.9.0b3", "0.9.0b4", "0.9.1", "0.9.2", "0.9.3", "0.9.4", "0.10.0", "0.10.2", "0.10.3", "0.11a3"], "joblib.pool.CustomizablePicklingQueue,self;context;reducers,1": ["0.8.0", "0.8.1", "0.8.2", "0.8.3", "0.8.3-r1", "0.8.4", "0.9.0b2", "0.9.0b3", "0.9.0b4", "0.9.1", "0.9.2", "0.9.3", "0.9.4", "0.10.0", "0.10.2", "0.10.3", "0.11a3"], "joblib.pool.CustomizablePicklingQueue.empty,self,0,cls": ["0.8.0", "0.8.1", "0.8.2", "0.8.3", "0.8.3-r1", "0.8.4", "0.9.0b2", "0.9.0b3", "0.9.0b4", "0.9.1", "0.9.2", "0.9.3", "0.9.4", "0.10.0", "0.10.2", "0.10.3", "0.11a3"], "joblib.pool.PicklingPool,self;processes;forward_reducers;backward_reducers,3": ["0.8.0", "0.8.1", "0.8.2", "0.8.3", "0.8.3-r1", "0.8.4", "0.9.0b2", "0.9.0b3", "0.9.0b4", "0.9.1", "0.9.2", "0.9.3", "0.9.4", "0.10.0", "0.10.2", "0.10.3", "0.11a3"], "joblib.pool.delete_folder,folder_path,0,func": ["0.8.0", "0.8.1", "0.8.2", "0.8.3", "0.8.3-r1", "0.8.4", "0.9.0b2", "0.9.0b3", "0.9.0b4", "0.9.1", "0.9.2", "0.9.3", "0.9.4", "0.10.0", "0.10.2", "0.10.3", "0.11a3"], "joblib.pool.MemmapingPool,self;processes;temp_folder;max_nbytes;mmap_mode;forward_reducers;backward_reducers;verbose;context_id;prewarm,9": ["0.8.0", "0.8.1", "0.8.2", "0.8.3", "0.8.3-r1", "0.8.4", "0.9.0b2", "0.9.0b3", "0.9.0b4", "0.9.1", "0.9.2", "0.9.3", "0.9.4", "0.10.0", "0.10.2", "0.10.3", "0.11a3"], "joblib.pool.MemmapingPool.terminate,self,0,cls": ["0.8.0", "0.8.1", "0.8.2", "0.8.3", "0.8.3-r1", "0.8.4", "0.9.0b2", "0.9.0b3", "0.9.0b4", "0.9.1", "0.9.2", "0.9.3", "0.9.4", "0.10.0", "0.10.2", "0.10.3", "0.11a3"], "joblib.pool.load,filename;mmap_mode,1,func": ["0.8.0", "0.8.1", "0.8.2", "0.8.3", "0.8.3-r1", "0.8.4", "0.9.0b2", "0.9.0b3", "0.9.0b4", "0.9.1", "0.9.2", "0.9.3", "0.9.4", "0.10.0", "0.10.2", "0.10.3", "0.11a3"], "joblib.pool.dump,value;filename;compress;cache_size,2,func": ["0.8.0", "0.8.1", "0.8.2", "0.8.3", "0.8.3-r1", "0.8.4", "0.9.0b2", "0.9.0b3", "0.9.0b4"], "joblib.pool.hash,obj;hash_name;coerce_mmap,2,func": ["0.8.0", "0.8.1", "0.8.2", "0.8.3", "0.8.3-r1", "0.8.4", "0.9.0b2", "0.9.0b3", "0.9.0b4", "0.9.1", "0.9.2", "0.9.3", "0.9.4", "0.10.0", "0.10.2", "0.10.3", "0.11a3"], "joblib.hashing.Hasher,self;hash_name,1": ["0.8.0", "0.8.1", "0.8.2", "0.8.3", "0.8.3-r1", "0.8.4", "0.9.0b2", "0.9.0b3", "0.9.0b4", "0.9.1", "0.9.2", "0.9.3", "0.9.4", "0.10.0", "0.10.2", "0.10.3", "0.11a3"], "joblib.hashing.Hasher.hash,self;obj;return_digest,1,cls": ["0.8.0", "0.8.1", "0.8.2", "0.8.3", "0.8.3-r1", "0.8.4", "0.9.0b2", "0.9.0b3", "0.9.0b4", "0.9.1", "0.9.2", "0.9.3", "0.9.4", "0.10.0", "0.10.2", "0.10.3", "0.11a3"], "joblib.hashing.Hasher.save,self;obj,0,cls": ["0.8.0", "0.8.1", "0.8.2", "0.8.3", "0.8.3-r1", "0.8.4", "0.9.0b2", "0.9.0b3", "0.9.0b4", "0.9.1", "0.9.2", "0.9.3", "0.9.4", "0.10.0", "0.10.2", "0.10.3", "0.11a3"], "joblib.hashing.Hasher.save_global,self;obj;name;pack,2,cls": ["0.8.0", "0.8.1", "0.8.2", "0.8.3", "0.8.3-r1", "0.8.4", "0.9.0b2", "0.9.0b3", "0.9.0b4", "0.9.1", "0.9.2", "0.9.3", "0.9.4", "0.10.0", "0.10.2", "0.10.3", "0.11a3"], "joblib.hashing.Hasher.save_set,self;set_items,0,cls": ["0.8.0", "0.8.1", "0.8.2", "0.8.3", "0.8.3-r1", "0.8.4", "0.9.0b2", "0.9.0b3", "0.9.0b4", "0.9.1", "0.9.2", "0.9.3", "0.9.4", "0.10.0", "0.10.2", "0.10.3", "0.11a3"], "joblib.hashing.NumpyHasher,self;hash_name;coerce_mmap,2": ["0.8.0", "0.8.1", "0.8.2", "0.8.3", "0.8.3-r1", "0.8.4", "0.9.0b2", "0.9.0b3", "0.9.0b4", "0.9.1", "0.9.2", "0.9.3", "0.9.4", "0.10.0", "0.10.2", "0.10.3", "0.11a3"], "joblib.hashing.NumpyHasher.save,self;obj,0,cls": ["0.8.0", "0.8.1", "0.8.2", "0.8.3", "0.8.3-r1", "0.8.4", "0.9.0b2", "0.9.0b3", "0.9.0b4", "0.9.1", "0.9.2", "0.9.3", "0.9.4", "0.10.0", "0.10.2", "0.10.3", "0.11a3"], "joblib.hashing.hash,obj;hash_name;coerce_mmap,2,func": ["0.8.0", "0.8.1", "0.8.2", "0.8.3", "0.8.3-r1", "0.8.4", "0.9.0b2", "0.9.0b3", "0.9.0b4", "0.9.1", "0.9.2", "0.9.3", "0.9.4", "0.10.0", "0.10.2", "0.10.3", "0.11a3"], "joblib.delayed,function;check_pickle,1,func": ["0.8.3", "0.8.3-r1", "0.8.4", "0.9.0b2", "0.9.0b3", "0.9.0b4", "0.9.1", "0.9.2", "0.9.3", "0.9.4", "0.10.0", "0.10.2", "0.10.3", "0.11a3"], "joblib.parallel.delayed,function;check_pickle,1,func": ["0.8.3", "0.8.3-r1", "0.8.4", "0.9.0b2", "0.9.0b3", "0.9.0b4", "0.9.1", "0.9.2", "0.9.3", "0.9.4", "0.10.0", "0.10.2", "0.10.3", "0.11a3"], "joblib.hashing1.Hasher,self;hash_name,1": ["0.8.3"], "joblib.hashing1.Hasher.hash,self;obj;return_digest,1,cls": ["0.8.3"], "joblib.hashing1.Hasher.save,self;obj,0,cls": ["0.8.3"], "joblib.hashing1.Hasher.save_global,self;obj;name;pack,2,cls": ["0.8.3"], "joblib.hashing1.Hasher.save_set,self;set_items,0,cls": ["0.8.3"], "joblib.hashing1.NumpyHasher,self;hash_name;coerce_mmap,2": ["0.8.3"], "joblib.hashing1.NumpyHasher.save,self;obj,0,cls": ["0.8.3"], "joblib.hashing1.hash,obj;hash_name;coerce_mmap,2,func": ["0.8.3"], "joblib._memory_helpers.open_py_source,filename,0,func": ["0.9.0b2", "0.9.0b3", "0.9.0b4", "0.9.1", "0.9.2", "0.9.3", "0.9.4", "0.10.0", "0.10.2", "0.10.3", "0.11a3"], "joblib.memory.open_py_source,filename,0,func": ["0.9.0b2", "0.9.0b3", "0.9.0b4", "0.9.1", "0.9.2", "0.9.3", "0.9.4", "0.10.0", "0.10.2", "0.10.3", "0.11a3"], "joblib.func_inspect.open_py_source,filename,0,func": ["0.9.0b2", "0.9.0b3", "0.9.0b4", "0.9.1", "0.9.2", "0.9.3", "0.9.4", "0.10.0", "0.10.2", "0.10.3", "0.11a3"], "joblib.Parallel,self;n_jobs;backend;verbose;pre_dispatch;batch_size;temp_folder;max_nbytes;mmap_mode,8": ["0.9.0b2", "0.9.0b3", "0.9.0b4", "0.9.1", "0.9.2", "0.9.3", "0.9.4"], "joblib.Parallel.dispatch_one_batch,self;iterator,0,cls": ["0.9.0b2", "0.9.0b3", "0.9.0b4", "0.9.1", "0.9.2", "0.9.3", "0.9.4", "0.10.0", "0.10.2", "0.10.3", "0.11a3"], "joblib.Parallel.print_progress,self,0,cls": ["0.9.0b2", "0.9.0b3", "0.9.0b4", "0.9.1", "0.9.2", "0.9.3", "0.9.4", "0.10.0", "0.10.2", "0.10.3", "0.11a3"], "joblib.numpy_pickle.hex_str,an_int,0,func": ["0.9.0b2", "0.9.0b3", "0.9.0b4", "0.9.1", "0.9.2", "0.9.3", "0.9.4"], "joblib.numpy_pickle.NDArrayWrapper,self;filename;subclass;allow_mmap,1": ["0.9.0b2", "0.9.0b3", "0.9.0b4", "0.9.1", "0.9.2", "0.9.3", "0.9.4", "0.10.0", "0.10.2", "0.10.3", "0.11a3"], "joblib.numpy_pickle.NumpyPickler.save_bytes,self;obj,0,cls": ["0.9.0b2", "0.9.0b3", "0.9.0b4"], "joblib.numpy_pickle.NumpyUnpickler.load_string,self,0,cls": ["0.9.0b2", "0.9.0b3", "0.9.0b4"], "joblib.numpy_pickle.NumpyUnpickler.load_binstring,self,0,cls": ["0.9.0b2", "0.9.0b3", "0.9.0b4"], "joblib.numpy_pickle.NumpyUnpickler.load_short_binstring,self,0,cls": ["0.9.0b2", "0.9.0b3", "0.9.0b4"], "joblib.parallel.BatchedCalls,self;iterator_slice,0": ["0.9.0b2", "0.9.0b3", "0.9.0b4", "0.9.1", "0.9.2", "0.9.3", "0.9.4", "0.10.0", "0.10.2", "0.10.3", "0.11a3"], "joblib.parallel.ImmediateComputeBatch,self;batch,0": ["0.9.0b2", "0.9.0b3", "0.9.0b4", "0.9.1", "0.9.2", "0.9.3", "0.9.4"], "joblib.parallel.ImmediateComputeBatch.get,self,0,cls": ["0.9.0b2", "0.9.0b3", "0.9.0b4", "0.9.1", "0.9.2", "0.9.3", "0.9.4"], "joblib.parallel.BatchCompletionCallBack,self;dispatch_timestamp;batch_size;parallel,0": ["0.9.0b2", "0.9.0b3", "0.9.0b4", "0.9.1", "0.9.2", "0.9.3", "0.9.4", "0.10.0", "0.10.2", "0.10.3", "0.11a3"], "joblib.parallel.Parallel,self;n_jobs;backend;verbose;pre_dispatch;batch_size;temp_folder;max_nbytes;mmap_mode,8": ["0.9.0b2", "0.9.0b3", "0.9.0b4", "0.9.1", "0.9.2", "0.9.3", "0.9.4"], "joblib.parallel.Parallel.dispatch_one_batch,self;iterator,0,cls": ["0.9.0b2", "0.9.0b3", "0.9.0b4", "0.9.1", "0.9.2", "0.9.3", "0.9.4", "0.10.0", "0.10.2", "0.10.3", "0.11a3"], "joblib.parallel.Parallel.print_progress,self,0,cls": ["0.9.0b2", "0.9.0b3", "0.9.0b4", "0.9.1", "0.9.2", "0.9.3", "0.9.4", "0.10.0", "0.10.2", "0.10.3", "0.11a3"], "joblib.dump,value;filename;compress;cache_size;protocol,3,func": ["0.9.1", "0.9.2", "0.9.3", "0.9.4"], "joblib.numpy_pickle.NumpyPickler,self;filename;compress;cache_size;protocol,3": ["0.9.1", "0.9.2", "0.9.3", "0.9.4"], "joblib.numpy_pickle.dump,value;filename;compress;cache_size;protocol,3,func": ["0.9.1", "0.9.2", "0.9.3", "0.9.4"], "joblib.pool.dump,value;filename;compress;cache_size;protocol,3,func": ["0.9.1", "0.9.2", "0.9.3", "0.9.4"], "joblib.hashing.Hasher.memoize,self;obj,0,cls": ["0.9.1", "0.9.2", "0.9.3", "0.9.4", "0.10.0", "0.10.2", "0.10.3", "0.11a3"], "joblib.func_inspect.getfullargspec,func,0,func": ["0.9.4", "0.10.0", "0.10.2", "0.10.3", "0.11a3"], "joblib.testing.assert_raises_regex,expected_exception;expected_regexp;callable_obj,1,func": ["0.9.4", "0.10.0", "0.10.2", "0.10.3"], "joblib.testing.check_subprocess_call,cmd;timeout;stdout_regex,2,func": ["0.9.4", "0.10.0", "0.10.2"], "joblib.disk.memstr_to_bytes,text,0,func": ["0.10.0", "0.10.2", "0.10.3", "0.11a3"], "joblib.dump,value;filename;compress;protocol;cache_size,3,func": ["0.10.0", "0.10.2", "0.10.3", "0.11a3"], "joblib.Parallel,self;n_jobs;backend;verbose;timeout;pre_dispatch;batch_size;temp_folder;max_nbytes;mmap_mode,9": ["0.10.0", "0.10.2", "0.10.3", "0.11a3"], "joblib.register_parallel_backend,name;factory;make_default,1,func": ["0.10.0", "0.10.2", "0.10.3", "0.11a3"], "joblib.parallel_backend,backend;n_jobs,1,func": ["0.10.0", "0.10.2", "0.10.3", "0.11a3"], "joblib.effective_n_jobs,n_jobs,1,func": ["0.10.0", "0.10.2", "0.10.3", "0.11a3"], "joblib.numpy_pickle_compat.hex_str,an_int,0,func": ["0.10.0", "0.10.2", "0.10.3", "0.11a3"], "joblib.numpy_pickle_compat.asbytes,s,0,func": ["0.10.0", "0.10.2", "0.10.3", "0.11a3"], "joblib.numpy_pickle_compat.read_zfile,file_handle,0,func": ["0.10.0", "0.10.2", "0.10.3", "0.11a3"], "joblib.numpy_pickle_compat.write_zfile,file_handle;data;compress,1,func": ["0.10.0", "0.10.2", "0.10.3", "0.11a3"], "joblib.numpy_pickle_compat.NDArrayWrapper,self;filename;subclass;allow_mmap,1": ["0.10.0", "0.10.2", "0.10.3", "0.11a3"], "joblib.numpy_pickle_compat.NDArrayWrapper.read,self;unpickler,0,cls": ["0.10.0", "0.10.2", "0.10.3", "0.11a3"], "joblib.numpy_pickle_compat.ZNDArrayWrapper,self;filename;init_args;state,0": ["0.10.0", "0.10.2", "0.10.3", "0.11a3"], "joblib.numpy_pickle_compat.ZNDArrayWrapper.read,self;unpickler,0,cls": ["0.10.0", "0.10.2", "0.10.3", "0.11a3"], "joblib.numpy_pickle_compat.ZipNumpyUnpickler,self;filename;file_handle;mmap_mode,1": ["0.10.0", "0.10.2", "0.10.3", "0.11a3"], "joblib.numpy_pickle_compat.ZipNumpyUnpickler.load_build,self,0,cls": ["0.10.0", "0.10.2", "0.10.3", "0.11a3"], "joblib.numpy_pickle_compat.load_compatibility,filename,0,func": ["0.10.0", "0.10.2", "0.10.3", "0.11a3"], "joblib.numpy_pickle_utils.BinaryZlibFile,self;filename;mode;compresslevel,2": ["0.10.0", "0.10.2", "0.10.3", "0.11a3"], "joblib.numpy_pickle_utils.BinaryZlibFile.close,self,0,cls": ["0.10.0", "0.10.2", "0.10.3", "0.11a3"], "joblib.numpy_pickle_utils.BinaryZlibFile.closed,self,0,cls": ["0.10.0", "0.10.2", "0.10.3", "0.11a3"], "joblib.numpy_pickle_utils.BinaryZlibFile.fileno,self,0,cls": ["0.10.0", "0.10.2", "0.10.3", "0.11a3"], "joblib.numpy_pickle_utils.BinaryZlibFile.seekable,self,0,cls": ["0.10.0", "0.10.2", "0.10.3", "0.11a3"], "joblib.numpy_pickle_utils.BinaryZlibFile.readable,self,0,cls": ["0.10.0", "0.10.2", "0.10.3", "0.11a3"], "joblib.numpy_pickle_utils.BinaryZlibFile.writable,self,0,cls": ["0.10.0", "0.10.2", "0.10.3", "0.11a3"], "joblib.numpy_pickle_utils.BinaryZlibFile.read,self;size,1,cls": ["0.10.0", "0.10.2", "0.10.3", "0.11a3"], "joblib.numpy_pickle_utils.BinaryZlibFile.readinto,self;b,0,cls": ["0.10.0", "0.10.2", "0.10.3", "0.11a3"], "joblib.numpy_pickle_utils.BinaryZlibFile.write,self;data,0,cls": ["0.10.0", "0.10.2", "0.10.3", "0.11a3"], "joblib.numpy_pickle_utils.BinaryZlibFile.seek,self;offset;whence,1,cls": ["0.10.0", "0.10.2", "0.10.3", "0.11a3"], "joblib.numpy_pickle_utils.BinaryZlibFile.tell,self,0,cls": ["0.10.0", "0.10.2", "0.10.3", "0.11a3"], "joblib.numpy_pickle_utils.BinaryGzipFile,,": ["0.10.0", "0.10.2", "0.10.3", "0.11a3"], "joblib.numpy_pickle.NumpyArrayWrapper,self;subclass;shape;order;dtype;allow_mmap,1": ["0.10.0", "0.10.2", "0.10.3", "0.11a3"], "joblib.numpy_pickle.NumpyArrayWrapper.write_array,self;array;pickler,0,cls": ["0.10.0", "0.10.2", "0.10.3", "0.11a3"], "joblib.numpy_pickle.NumpyArrayWrapper.read_array,self;unpickler,0,cls": ["0.10.0", "0.10.2", "0.10.3", "0.11a3"], "joblib.numpy_pickle.NumpyArrayWrapper.read_mmap,self;unpickler,0,cls": ["0.10.0", "0.10.2", "0.10.3", "0.11a3"], "joblib.numpy_pickle.NumpyArrayWrapper.read,self;unpickler,0,cls": ["0.10.0", "0.10.2", "0.10.3", "0.11a3"], "joblib.numpy_pickle.NumpyPickler,self;fp;protocol,1": ["0.10.0", "0.10.2", "0.10.3", "0.11a3"], "joblib.numpy_pickle.dump,value;filename;compress;protocol;cache_size,3,func": ["0.10.0", "0.10.2", "0.10.3", "0.11a3"], "joblib.numpy_pickle.BinaryZlibFile,self;filename;mode;compresslevel,2": ["0.10.0", "0.10.2", "0.10.3", "0.11a3"], "joblib.numpy_pickle.BinaryZlibFile.close,self,0,cls": ["0.10.0", "0.10.2", "0.10.3", "0.11a3"], "joblib.numpy_pickle.BinaryZlibFile.closed,self,0,cls": ["0.10.0", "0.10.2", "0.10.3", "0.11a3"], "joblib.numpy_pickle.BinaryZlibFile.fileno,self,0,cls": ["0.10.0", "0.10.2", "0.10.3", "0.11a3"], "joblib.numpy_pickle.BinaryZlibFile.seekable,self,0,cls": ["0.10.0", "0.10.2", "0.10.3", "0.11a3"], "joblib.numpy_pickle.BinaryZlibFile.readable,self,0,cls": ["0.10.0", "0.10.2", "0.10.3", "0.11a3"], "joblib.numpy_pickle.BinaryZlibFile.writable,self,0,cls": ["0.10.0", "0.10.2", "0.10.3", "0.11a3"], "joblib.numpy_pickle.BinaryZlibFile.read,self;size,1,cls": ["0.10.0", "0.10.2", "0.10.3", "0.11a3"], "joblib.numpy_pickle.BinaryZlibFile.readinto,self;b,0,cls": ["0.10.0", "0.10.2", "0.10.3", "0.11a3"], "joblib.numpy_pickle.BinaryZlibFile.write,self;data,0,cls": ["0.10.0", "0.10.2", "0.10.3", "0.11a3"], "joblib.numpy_pickle.BinaryZlibFile.seek,self;offset;whence,1,cls": ["0.10.0", "0.10.2", "0.10.3", "0.11a3"], "joblib.numpy_pickle.BinaryZlibFile.tell,self,0,cls": ["0.10.0", "0.10.2", "0.10.3", "0.11a3"], "joblib.numpy_pickle.load_compatibility,filename,0,func": ["0.10.0", "0.10.2", "0.10.3", "0.11a3"], "joblib._compat.with_metaclass,meta,0,func": ["0.10.0", "0.10.2", "0.10.3", "0.11a3"], "joblib.my_exceptions.WorkerInterrupt,,": ["0.10.0", "0.10.2", "0.10.3", "0.11a3"], "joblib.parallel.get_active_backend,,0,func": ["0.10.0", "0.10.2", "0.10.3", "0.11a3"], "joblib.parallel.parallel_backend,backend;n_jobs,1,func": ["0.10.0", "0.10.2", "0.10.3", "0.11a3"], "joblib.parallel.register_parallel_backend,name;factory;make_default,1,func": ["0.10.0", "0.10.2", "0.10.3", "0.11a3"], "joblib.parallel.effective_n_jobs,n_jobs,1,func": ["0.10.0", "0.10.2", "0.10.3", "0.11a3"], "joblib.parallel.Parallel,self;n_jobs;backend;verbose;timeout;pre_dispatch;batch_size;temp_folder;max_nbytes;mmap_mode,9": ["0.10.0", "0.10.2", "0.10.3", "0.11a3"], "joblib.parallel.memstr_to_bytes,text,0,func": ["0.10.0", "0.10.2", "0.10.3", "0.11a3"], "joblib.parallel.FallbackToBackend,self;backend,0": ["0.10.0", "0.10.2", "0.10.3", "0.11a3"], "joblib.parallel.MultiprocessingBackend,,": ["0.10.0", "0.10.2", "0.10.3", "0.11a3"], "joblib.parallel.MultiprocessingBackend.effective_n_jobs,self;n_jobs,0,cls": ["0.10.0", "0.10.2", "0.10.3", "0.11a3"], "joblib.parallel.MultiprocessingBackend.configure,self;n_jobs;parallel,2,cls": ["0.10.0", "0.10.2", "0.10.3", "0.11a3"], "joblib.parallel.MultiprocessingBackend.terminate,self,0,cls": ["0.10.0", "0.10.2", "0.10.3", "0.11a3"], "joblib.parallel.ThreadingBackend,,": ["0.10.0", "0.10.2", "0.10.3", "0.11a3"], "joblib.parallel.ThreadingBackend.configure,self;n_jobs;parallel,2,cls": ["0.10.0", "0.10.2", "0.10.3", "0.11a3"], "joblib.parallel.SequentialBackend,,": ["0.10.0", "0.10.2", "0.10.3", "0.11a3"], "joblib.parallel.SequentialBackend.effective_n_jobs,self;n_jobs,0,cls": ["0.10.0", "0.10.2", "0.10.3", "0.11a3"], "joblib.parallel.SequentialBackend.apply_async,self;func;callback,1,cls": ["0.10.0", "0.10.2", "0.10.3", "0.11a3"], "joblib.parallel.getfullargspec,func,0,func": ["0.10.0", "0.10.2", "0.10.3"], "joblib.pool.dump,value;filename;compress;protocol;cache_size,3,func": ["0.10.0", "0.10.2", "0.10.3", "0.11a3"], "joblib._parallel_backends.ParallelBackendBase,,": ["0.10.0", "0.10.2", "0.10.3", "0.11a3"], "joblib._parallel_backends.ParallelBackendBase.effective_n_jobs,self;n_jobs,0,cls": ["0.10.0", "0.10.2", "0.10.3", "0.11a3"], "joblib._parallel_backends.ParallelBackendBase.apply_async,self;func;callback,1,cls": ["0.10.0", "0.10.2", "0.10.3", "0.11a3"], "joblib._parallel_backends.ParallelBackendBase.configure,self;n_jobs;parallel,2,cls": ["0.10.0", "0.10.2", "0.10.3", "0.11a3"], "joblib._parallel_backends.ParallelBackendBase.terminate,self,0,cls": ["0.10.0", "0.10.2", "0.10.3", "0.11a3"], "joblib._parallel_backends.ParallelBackendBase.compute_batch_size,self,0,cls": ["0.10.0", "0.10.2", "0.10.3", "0.11a3"], "joblib._parallel_backends.ParallelBackendBase.batch_completed,self;batch_size;duration,0,cls": ["0.10.0", "0.10.2", "0.10.3", "0.11a3"], "joblib._parallel_backends.ParallelBackendBase.get_exceptions,self,0,cls": ["0.10.0", "0.10.2", "0.10.3", "0.11a3"], "joblib._parallel_backends.ParallelBackendBase.abort_everything,self;ensure_ready,1,cls": ["0.10.0", "0.10.2", "0.10.3", "0.11a3"], "joblib._parallel_backends.SequentialBackend,,": ["0.10.0", "0.10.2", "0.10.3", "0.11a3"], "joblib._parallel_backends.SequentialBackend.effective_n_jobs,self;n_jobs,0,cls": ["0.10.0", "0.10.2", "0.10.3", "0.11a3"], "joblib._parallel_backends.SequentialBackend.apply_async,self;func;callback,1,cls": ["0.10.0", "0.10.2", "0.10.3", "0.11a3"], "joblib._parallel_backends.PoolManagerMixin,,": ["0.10.0", "0.10.2", "0.10.3", "0.11a3"], "joblib._parallel_backends.PoolManagerMixin.effective_n_jobs,self;n_jobs,0,cls": ["0.10.0", "0.10.2", "0.10.3", "0.11a3"], "joblib._parallel_backends.PoolManagerMixin.terminate,self,0,cls": ["0.10.0", "0.10.2", "0.10.3", "0.11a3"], "joblib._parallel_backends.PoolManagerMixin.apply_async,self;func;callback,1,cls": ["0.10.0", "0.10.2", "0.10.3", "0.11a3"], "joblib._parallel_backends.PoolManagerMixin.abort_everything,self;ensure_ready,1,cls": ["0.10.0", "0.10.2", "0.10.3", "0.11a3"], "joblib._parallel_backends.AutoBatchingMixin,,": ["0.10.0", "0.10.2", "0.10.3", "0.11a3"], "joblib._parallel_backends.AutoBatchingMixin.compute_batch_size,self,0,cls": ["0.10.0", "0.10.2", "0.10.3", "0.11a3"], "joblib._parallel_backends.AutoBatchingMixin.batch_completed,self;batch_size;duration,0,cls": ["0.10.0", "0.10.2", "0.10.3", "0.11a3"], "joblib._parallel_backends.ThreadingBackend,,": ["0.10.0", "0.10.2", "0.10.3", "0.11a3"], "joblib._parallel_backends.ThreadingBackend.configure,self;n_jobs;parallel,2,cls": ["0.10.0", "0.10.2", "0.10.3", "0.11a3"], "joblib._parallel_backends.MultiprocessingBackend,,": ["0.10.0", "0.10.2", "0.10.3", "0.11a3"], "joblib._parallel_backends.MultiprocessingBackend.effective_n_jobs,self;n_jobs,0,cls": ["0.10.0", "0.10.2", "0.10.3", "0.11a3"], "joblib._parallel_backends.MultiprocessingBackend.configure,self;n_jobs;parallel,2,cls": ["0.10.0", "0.10.2", "0.10.3", "0.11a3"], "joblib._parallel_backends.MultiprocessingBackend.terminate,self,0,cls": ["0.10.0", "0.10.2", "0.10.3", "0.11a3"], "joblib._parallel_backends.ImmediateResult,self;batch,0": ["0.10.0", "0.10.2", "0.10.3", "0.11a3"], "joblib._parallel_backends.ImmediateResult.get,self,0,cls": ["0.10.0", "0.10.2", "0.10.3", "0.11a3"], "joblib._parallel_backends.SafeFunction,self;func,0": ["0.10.0", "0.10.2", "0.10.3", "0.11a3"], "joblib._parallel_backends.FallbackToBackend,self;backend,0": ["0.10.0", "0.10.2", "0.10.3", "0.11a3"], "joblib.parallel.AutoBatchingMixin,,": ["0.10.2", "0.10.3", "0.11a3"], "joblib.parallel.AutoBatchingMixin.compute_batch_size,self,0,cls": ["0.10.2", "0.10.3", "0.11a3"], "joblib.parallel.AutoBatchingMixin.batch_completed,self;batch_size;duration,0,cls": ["0.10.2", "0.10.3", "0.11a3"], "joblib.parallel.ParallelBackendBase,,": ["0.10.2", "0.10.3", "0.11a3"], "joblib.parallel.ParallelBackendBase.effective_n_jobs,self;n_jobs,0,cls": ["0.10.2", "0.10.3", "0.11a3"], "joblib.parallel.ParallelBackendBase.apply_async,self;func;callback,1,cls": ["0.10.2", "0.10.3", "0.11a3"], "joblib.parallel.ParallelBackendBase.configure,self;n_jobs;parallel,2,cls": ["0.10.2", "0.10.3", "0.11a3"], "joblib.parallel.ParallelBackendBase.terminate,self,0,cls": ["0.10.2", "0.10.3", "0.11a3"], "joblib.parallel.ParallelBackendBase.compute_batch_size,self,0,cls": ["0.10.2", "0.10.3", "0.11a3"], "joblib.parallel.ParallelBackendBase.batch_completed,self;batch_size;duration,0,cls": ["0.10.2", "0.10.3", "0.11a3"], "joblib.parallel.ParallelBackendBase.get_exceptions,self,0,cls": ["0.10.2", "0.10.3", "0.11a3"], "joblib.parallel.ParallelBackendBase.abort_everything,self;ensure_ready,1,cls": ["0.10.2", "0.10.3", "0.11a3"], "joblib.testing.check_subprocess_call,cmd;timeout;stdout_regex;stderr_regex,3,func": ["0.10.3", "0.11a3"], "joblib.memory.concurrency_safe_write,to_write;filename;write_func,0,func": ["0.11a3"], "joblib.memory.Memory,self;cachedir;mmap_mode;compress;verbose;bytes_limit,4": ["0.11a3"], "joblib.memory.Memory.reduce_size,self,0,cls": ["0.11a3"], "joblib.memory.memstr_to_bytes,text,0,func": ["0.11a3"], "joblib.memory.concurrency_safe_rename,src;dst,0,func": ["0.11a3"], "joblib.backports.make_memmap,filename;dtype;mode;offset;shape;order,5,func": ["0.11a3"], "joblib.backports.replace,src;dst,0,func": ["0.11a3"], "joblib.backports.concurrency_safe_rename,src;dst,0,func": ["0.11a3"], "joblib.numpy_pickle.make_memmap,filename;dtype;mode;offset;shape;order,5,func": ["0.11a3"], "joblib.pool.make_memmap,filename;dtype;mode;offset;shape;order,5,func": ["0.11a3"]}, "version": ["0.3.2d.dev", "0.3.2d", "0.3.2e.dev", "0.3.2f.dev", "0.3.2f", "0.3.2g.dev", "0.7.0d", "0.1a.dev", "0.1a", "0.2a.dev", "0.3a.dev", "0.3.1a.dev", "0.3.2.dev", "0.3.2a.dev", "0.3.2b.dev", "0.3.2c.dev", "0.3.3a.dev", "0.3.3b.dev", "0.3.3c.dev", "0.3.4.dev", "0.3.5.dev", "0.3.6.dev", "0.3.7.dev", "0.4.0.dev", "0.4.1.dev", "0.4.2.dev", "0.4.3.dev", "0.4.4.dev", "0.4.5.dev", "0.4.6.dev", "0.5.0.dev", "0.5.0a.dev", "0.5.1.dev", "0.5.2.dev", "0.5.3.dev", "0.5.4.dev", "0.5.5.dev", "0.5.6.dev", "0.5.7.dev", "0.5.7a.dev", "0.5.7a", "0.5.7b.dev", "0.5.7", "0.6.0a", "0.6.0b", "0.6.0b2", "0.6.0b3", "0.6.0", "0.6.1", "0.6.2", "0.6.3", "0.6.4", "0.6.5", "0.7.0a", "0.7.0b", "0.7.0c", "0.7.1", "0.8.0a", "0.8.0a2", "0.8.0a3", "0.8.0", "0.8.1", "0.8.2", "0.8.3", "0.8.3-r1", "0.8.4", "0.9.0b2", "0.9.0b3", "0.9.0b4", "0.9.1", "0.9.2", "0.9.3", "0.9.4", "0.10.0", "0.10.2", "0.10.3", "0.11a3", "0.11", "0.12.0", "0.12.1", "0.12.2", "0.12.3", "0.12.4", "0.12.5", "0.13.0", "0.13.1", "0.13.2", "0.14.0", "0.14.1", "0.15.0", "0.15.1", "0.16.0", "0.17.0", "1.0.0", "1.0.1", "1.1.0a0", "1.1.0", "1.1.1", "1.2.0"]}