{"module": ["k2s/0.1.7b4/tmp/k2s"], "API": {"k2s.bootstrap.from_url,url,0,func": ["0.1", "0.1.1", "0.1.2", "0.1.3", "0.1.4", "0.1.5", "0.1.6", "0.1.7b1", "0.1.7b2", "0.1.7b3", "0.1.7b4"], "k2s.bootstrap.from_file,file,0,func": ["0.1", "0.1.1"], "k2s.bootstrap.extract_imports,nb,0,func": ["0.1", "0.1.1"], "k2s.env.install,name;requirements;inline;verbose,2,func": ["0.1", "0.1.1", "0.1.2", "0.1.3"], "k2s.bootstrap_env,path_to_notebook;inline;verbose,2,func": ["0.1", "0.1.1", "0.1.2", "0.1.3"], "k2s.cli.CLI,self,0": ["0.1", "0.1.1", "0.1.2", "0.1.3", "0.1.4", "0.1.5", "0.1.6", "0.1.7b1", "0.1.7b2", "0.1.7b3", "0.1.7b4"], "k2s.cli.CLI.get,self,0,cls": ["0.1", "0.1.1", "0.1.2", "0.1.3", "0.1.4", "0.1.5", "0.1.6", "0.1.7b1", "0.1.7b2", "0.1.7b3", "0.1.7b4"], "k2s.parse.extract_from_plain_text,text,0,func": ["0.1", "0.1.1", "0.1.2", "0.1.3", "0.1.4", "0.1.5", "0.1.6", "0.1.7b1", "0.1.7b2", "0.1.7b3", "0.1.7b4"], "k2s.parse.packages_used,tree,0,func": ["0.1", "0.1.1", "0.1.2", "0.1.3", "0.1.4", "0.1.5", "0.1.6", "0.1.7b1", "0.1.7b2", "0.1.7b3", "0.1.7b4"], "k2s.parse.extract_imports,nb,0,func": ["0.1", "0.1.1"], "k2s.parse.bootstrap_env,path_to_notebook;inline;verbose,2,func": ["0.1", "0.1.1", "0.1.2", "0.1.3"], "k2s.parse.install,name;requirements;inline;verbose,2,func": ["0.1", "0.1.1", "0.1.2", "0.1.3"], "k2s.bootstrap.path_to_bin,env_name;bin,0,func": ["0.1.2", "0.1.3", "0.1.4", "0.1.5", "0.1.6", "0.1.7b1", "0.1.7b2", "0.1.7b3", "0.1.7b4"], "k2s.bootstrap.from_file,file;url,1,func": ["0.1.2", "0.1.3", "0.1.4", "0.1.5", "0.1.6", "0.1.7b1", "0.1.7b2", "0.1.7b3", "0.1.7b4"], "k2s.bootstrap.extract_imports_from_notebook,nb,0,func": ["0.1.2", "0.1.3", "0.1.4", "0.1.5", "0.1.6", "0.1.7b1", "0.1.7b2", "0.1.7b3", "0.1.7b4"], "k2s.bootstrap.download_files,source;url,0,func": ["0.1.2", "0.1.3", "0.1.4", "0.1.5", "0.1.6", "0.1.7b1", "0.1.7b2", "0.1.7b3", "0.1.7b4"], "k2s.bootstrap.extract_code,nb,0,func": ["0.1.2", "0.1.3", "0.1.4", "0.1.5", "0.1.6", "0.1.7b1", "0.1.7b2", "0.1.7b3", "0.1.7b4"], "k2s.parse.download_files,source;url,0,func": ["0.1.2", "0.1.3", "0.1.4", "0.1.5", "0.1.6", "0.1.7b1", "0.1.7b2", "0.1.7b3", "0.1.7b4"], "k2s.parse.local_files,source,0,func": ["0.1.2", "0.1.3", "0.1.4", "0.1.5", "0.1.6", "0.1.7b1", "0.1.7b2", "0.1.7b3", "0.1.7b4"], "k2s.parse.extract_code,nb,0,func": ["0.1.2", "0.1.3", "0.1.4", "0.1.5", "0.1.6", "0.1.7b1", "0.1.7b2", "0.1.7b3", "0.1.7b4"], "k2s.parse.to_text,nb,0,func": ["0.1.2", "0.1.3", "0.1.4", "0.1.5", "0.1.6", "0.1.7b1", "0.1.7b2", "0.1.7b3", "0.1.7b4"], "k2s.parse.extract_imports_from_path_to_notebook,path,0,func": ["0.1.2", "0.1.3", "0.1.4", "0.1.5", "0.1.6", "0.1.7b1", "0.1.7b2", "0.1.7b3", "0.1.7b4"], "k2s.parse.extract_imports_from_path_to_script,path,0,func": ["0.1.2", "0.1.3", "0.1.4", "0.1.5", "0.1.6", "0.1.7b1", "0.1.7b2", "0.1.7b3", "0.1.7b4"], "k2s.parse.extract_imports_from_notebook,nb,0,func": ["0.1.2", "0.1.3", "0.1.4", "0.1.5", "0.1.6", "0.1.7b1", "0.1.7b2", "0.1.7b3", "0.1.7b4"], "k2s.bootstrap.CLIError,,": ["0.1.3"], "k2s.cli.CLIError,,": ["0.1.3", "0.1.4", "0.1.5", "0.1.6", "0.1.7b1", "0.1.7b2", "0.1.7b3", "0.1.7b4"], "k2s.exceptions.CLIError,,": ["0.1.3", "0.1.4", "0.1.5", "0.1.6", "0.1.7b1", "0.1.7b2", "0.1.7b3", "0.1.7b4"], "k2s.env.install,name;requirements;requirements_pip;verbose,4,func": ["0.1.4", "0.1.5", "0.1.6", "0.1.7b1", "0.1.7b2", "0.1.7b3", "0.1.7b4"], "k2s.env.CondaManager,self;install_conda,1": ["0.1.4", "0.1.5", "0.1.6", "0.1.7b1", "0.1.7b2", "0.1.7b3", "0.1.7b4"], "k2s.env.CondaManager.pre_setup,self,0,cls": ["0.1.4", "0.1.5", "0.1.6", "0.1.7b1", "0.1.7b2", "0.1.7b3", "0.1.7b4"], "k2s.env.CondaManager.post_conda_install,self,0,cls": ["0.1.4", "0.1.5", "0.1.6", "0.1.7b1", "0.1.7b2", "0.1.7b3", "0.1.7b4"], "k2s.env.CondaManager.install_conda_in_prefix,self;prefix,0,cls": ["0.1.4", "0.1.5", "0.1.6", "0.1.7b1", "0.1.7b2", "0.1.7b3", "0.1.7b4"], "k2s.env.CondaManager.install_mamba_in_prefix,self;prefix,0,cls": ["0.1.4", "0.1.5", "0.1.6", "0.1.7b1", "0.1.7b2", "0.1.7b3", "0.1.7b4"], "k2s.env.CondaManager.create_env,self;name;requirements;requirements_pip,0,cls": ["0.1.4", "0.1.5", "0.1.6", "0.1.7b1", "0.1.7b2", "0.1.7b3", "0.1.7b4"], "k2s.env.CondaManager.get_config_directory,self,0,cls": ["0.1.4", "0.1.5", "0.1.6", "0.1.7b1", "0.1.7b2", "0.1.7b3", "0.1.7b4"], "k2s.env.CondaManager.get_base_prefix,self,0,cls": ["0.1.4", "0.1.5", "0.1.6", "0.1.7b1", "0.1.7b2", "0.1.7b3", "0.1.7b4"], "k2s.env.CondaManager.get_base_conda_bin,self,0,cls": ["0.1.4", "0.1.5", "0.1.6", "0.1.7b1", "0.1.7b2", "0.1.7b3", "0.1.7b4"], "k2s.env.CondaManager.get_base_mamba_bin,self,0,cls": ["0.1.4", "0.1.5", "0.1.6", "0.1.7b1", "0.1.7b2", "0.1.7b3", "0.1.7b4"], "k2s.env.CondaManager.get_active_prefix,self,0,cls": ["0.1.4", "0.1.5", "0.1.6", "0.1.7b1", "0.1.7b2", "0.1.7b3", "0.1.7b4"], "k2s.env.CondaManager.prune,,0,cls": ["0.1.4", "0.1.5", "0.1.6", "0.1.7b1", "0.1.7b2", "0.1.7b3", "0.1.7b4"], "k2s.index.ChannelData,self,0": ["0.1.4", "0.1.5", "0.1.6", "0.1.7b1", "0.1.7b2", "0.1.7b3", "0.1.7b4"], "k2s.index.ChannelData.load_channel_data,self,0,cls": ["0.1.4", "0.1.5", "0.1.6", "0.1.7b1", "0.1.7b2", "0.1.7b3", "0.1.7b4"], "k2s.index.ChannelData.pkg_exists,self;names,0,cls": ["0.1.4", "0.1.5", "0.1.6", "0.1.7b1", "0.1.7b2", "0.1.7b3", "0.1.7b4"], "k2s.conda.CondaManager,self;install_conda,1": ["0.1.4", "0.1.5", "0.1.6", "0.1.7b1", "0.1.7b2", "0.1.7b3", "0.1.7b4"], "k2s.conda.CondaManager.pre_setup,self,0,cls": ["0.1.4", "0.1.5", "0.1.6", "0.1.7b1", "0.1.7b2", "0.1.7b3", "0.1.7b4"], "k2s.conda.CondaManager.post_conda_install,self,0,cls": ["0.1.4", "0.1.5", "0.1.6", "0.1.7b1", "0.1.7b2", "0.1.7b3", "0.1.7b4"], "k2s.conda.CondaManager.install_conda_in_prefix,self;prefix,0,cls": ["0.1.4", "0.1.5", "0.1.6", "0.1.7b1", "0.1.7b2", "0.1.7b3", "0.1.7b4"], "k2s.conda.CondaManager.install_mamba_in_prefix,self;prefix,0,cls": ["0.1.4", "0.1.5", "0.1.6", "0.1.7b1", "0.1.7b2", "0.1.7b3", "0.1.7b4"], "k2s.conda.CondaManager.create_env,self;name;requirements;requirements_pip,0,cls": ["0.1.4", "0.1.5", "0.1.6", "0.1.7b1", "0.1.7b2", "0.1.7b3", "0.1.7b4"], "k2s.conda.CondaManager.get_config_directory,self,0,cls": ["0.1.4", "0.1.5", "0.1.6", "0.1.7b1", "0.1.7b2", "0.1.7b3", "0.1.7b4"], "k2s.conda.CondaManager.get_base_prefix,self,0,cls": ["0.1.4", "0.1.5", "0.1.6", "0.1.7b1", "0.1.7b2", "0.1.7b3", "0.1.7b4"], "k2s.conda.CondaManager.get_base_conda_bin,self,0,cls": ["0.1.4", "0.1.5", "0.1.6", "0.1.7b1", "0.1.7b2", "0.1.7b3", "0.1.7b4"], "k2s.conda.CondaManager.get_base_mamba_bin,self,0,cls": ["0.1.4", "0.1.5", "0.1.6", "0.1.7b1", "0.1.7b2", "0.1.7b3", "0.1.7b4"], "k2s.conda.CondaManager.get_active_prefix,self,0,cls": ["0.1.4", "0.1.5", "0.1.6", "0.1.7b1", "0.1.7b2", "0.1.7b3", "0.1.7b4"], "k2s.conda.CondaManager.prune,,0,cls": ["0.1.4", "0.1.5", "0.1.6", "0.1.7b1", "0.1.7b2", "0.1.7b3", "0.1.7b4"], "k2s.conda.ColabCondaManager,self;install_conda,1": ["0.1.4", "0.1.5", "0.1.6", "0.1.7b1", "0.1.7b2", "0.1.7b3", "0.1.7b4"], "k2s.conda.ColabCondaManager.pre_setup,self,0,cls": ["0.1.4", "0.1.5", "0.1.6", "0.1.7b1", "0.1.7b2", "0.1.7b3", "0.1.7b4"], "k2s.conda.ColabCondaManager.post_conda_install,self,0,cls": ["0.1.4", "0.1.5", "0.1.6", "0.1.7b1", "0.1.7b2", "0.1.7b3", "0.1.7b4"], "k2s.conda.ColabCondaManager.get_base_prefix,self,0,cls": ["0.1.4", "0.1.5", "0.1.6", "0.1.7b1", "0.1.7b2", "0.1.7b3", "0.1.7b4"], "k2s.conda.ColabCondaManager.get_active_prefix,self,0,cls": ["0.1.4", "0.1.5", "0.1.6", "0.1.7b1", "0.1.7b2", "0.1.7b3", "0.1.7b4"], "k2s.conda.KaggleCondaManager,,": ["0.1.4", "0.1.5", "0.1.6", "0.1.7b1", "0.1.7b2", "0.1.7b3", "0.1.7b4"], "k2s.conda.KaggleCondaManager.pre_setup,self,0,cls": ["0.1.4", "0.1.5", "0.1.6", "0.1.7b1", "0.1.7b2", "0.1.7b3", "0.1.7b4"], "k2s.conda.KaggleCondaManager.get_base_prefix,self,0,cls": ["0.1.4", "0.1.5", "0.1.6", "0.1.7b1", "0.1.7b2", "0.1.7b3", "0.1.7b4"], "k2s.conda.KaggleCondaManager.get_active_prefix,self,0,cls": ["0.1.4", "0.1.5", "0.1.6", "0.1.7b1", "0.1.7b2", "0.1.7b3", "0.1.7b4"], "k2s.conda.install,requirements,0,func": ["0.1.4", "0.1.5", "0.1.6", "0.1.7b1", "0.1.7b2", "0.1.7b3", "0.1.7b4"], "k2s.conda.ChannelData,self,0": ["0.1.4", "0.1.5", "0.1.6", "0.1.7b1", "0.1.7b2", "0.1.7b3", "0.1.7b4"], "k2s.conda.ChannelData.load_channel_data,self,0,cls": ["0.1.4", "0.1.5", "0.1.6", "0.1.7b1", "0.1.7b2", "0.1.7b3", "0.1.7b4"], "k2s.conda.ChannelData.pkg_exists,self;names,0,cls": ["0.1.4", "0.1.5", "0.1.6", "0.1.7b1", "0.1.7b2", "0.1.7b3", "0.1.7b4"], "k2s.conda.KernelRestartRequired,self,0": ["0.1.4", "0.1.5", "0.1.6", "0.1.7b1", "0.1.7b2", "0.1.7b3", "0.1.7b4"], "k2s.subprocess.CLIError,,": ["0.1.4", "0.1.5", "0.1.6", "0.1.7b1", "0.1.7b2", "0.1.7b3", "0.1.7b4"], "k2s.bootstrap_env,path_to_notebook;name;verbose,2,func": ["0.1.4", "0.1.5", "0.1.6", "0.1.7b1", "0.1.7b2", "0.1.7b3", "0.1.7b4"], "k2s.install,requirements,0,func": ["0.1.4", "0.1.5", "0.1.6", "0.1.7b1", "0.1.7b2", "0.1.7b3", "0.1.7b4"], "k2s.exceptions.KernelRestartRequired,self,0": ["0.1.4", "0.1.5", "0.1.6", "0.1.7b1", "0.1.7b2", "0.1.7b3", "0.1.7b4"], "k2s.parse.bootstrap_env,path_to_notebook;name;verbose,2,func": ["0.1.4", "0.1.5", "0.1.6", "0.1.7b1", "0.1.7b2", "0.1.7b3", "0.1.7b4"], "k2s.parse.install,name;requirements;requirements_pip;verbose,4,func": ["0.1.4", "0.1.5", "0.1.6", "0.1.7b1", "0.1.7b2", "0.1.7b3", "0.1.7b4"], "k2s.parse.ChannelData,self,0": ["0.1.4", "0.1.5", "0.1.6", "0.1.7b1", "0.1.7b2", "0.1.7b3", "0.1.7b4"], "k2s.parse.ChannelData.load_channel_data,self,0,cls": ["0.1.4", "0.1.5", "0.1.6", "0.1.7b1", "0.1.7b2", "0.1.7b3", "0.1.7b4"], "k2s.parse.ChannelData.pkg_exists,self;names,0,cls": ["0.1.4", "0.1.5", "0.1.6", "0.1.7b1", "0.1.7b2", "0.1.7b3", "0.1.7b4"], "k2s.conda.ColabConfig,,": ["0.1.5", "0.1.6", "0.1.7b1", "0.1.7b2", "0.1.7b3", "0.1.7b4"], "k2s.conda.ColabConfig.path,cls,0,cls": ["0.1.5", "0.1.6", "0.1.7b1", "0.1.7b2", "0.1.7b3", "0.1.7b4"], "k2s.subprocess.Spinner,self;message;delay,2": ["0.1.6", "0.1.7b1", "0.1.7b2", "0.1.7b3", "0.1.7b4"], "k2s.subprocess.Spinner.write_next,self,0,cls": ["0.1.6", "0.1.7b1", "0.1.7b2", "0.1.7b3", "0.1.7b4"], "k2s.subprocess.Spinner.remove_spinner,self;cleanup,1,cls": ["0.1.6", "0.1.7b1", "0.1.7b2", "0.1.7b3", "0.1.7b4"], "k2s.subprocess.Spinner.spinner_task,self,0,cls": ["0.1.6", "0.1.7b1", "0.1.7b2", "0.1.7b3", "0.1.7b4"], "k2s.spinner.Spinner,self;message;delay,2": ["0.1.6", "0.1.7b1", "0.1.7b2", "0.1.7b3", "0.1.7b4"], "k2s.spinner.Spinner.write_next,self,0,cls": ["0.1.6", "0.1.7b1", "0.1.7b2", "0.1.7b3", "0.1.7b4"], "k2s.spinner.Spinner.remove_spinner,self;cleanup,1,cls": ["0.1.6", "0.1.7b1", "0.1.7b2", "0.1.7b3", "0.1.7b4"], "k2s.spinner.Spinner.spinner_task,self,0,cls": ["0.1.6", "0.1.7b1", "0.1.7b2", "0.1.7b3", "0.1.7b4"], "k2s.parse.paths,source,0,func": ["0.1.7b1", "0.1.7b2", "0.1.7b3", "0.1.7b4"], "k2s.parse.string_literals,source,0,func": ["0.1.7b1", "0.1.7b2", "0.1.7b3", "0.1.7b4"]}, "version": ["0.1", "0.1.1", "0.1.2", "0.1.3", "0.1.4", "0.1.5", "0.1.6", "0.1.7b1", "0.1.7b2", "0.1.7b3", "0.1.7b4"]}