{"module": ["mahotas/1.4.13/tmp/mahotas"], "API": {"mahotas.bwperim.bwperim,bw;n;mode,2,func": ["1.4.10", "1.4.11", "1.4.12", "1.4.13"], "mahotas.features_cli.print_error,text;color,1,func": ["1.4.10", "1.4.11", "1.4.12", "1.4.13"], "mahotas.features_cli.read_bw,fname;options,0,func": ["1.4.10", "1.4.11", "1.4.12", "1.4.13"], "mahotas.features_cli.main,,0,func": ["1.4.10", "1.4.11", "1.4.12", "1.4.13"], "mahotas.edge.sobel,img;just_filter,1,func": ["1.4.10", "1.4.11", "1.4.12", "1.4.13"], "mahotas.edge.dog,img;sigma1;multiplier;just_filter,3,func": ["1.4.10", "1.4.11", "1.4.12", "1.4.13"], "mahotas.stretch.stretch_rgb,img;arg0;arg1;dtype,3,func": ["1.4.10", "1.4.11", "1.4.12", "1.4.13"], "mahotas.stretch.stretch,img;arg0;arg1;dtype,3,func": ["1.4.10", "1.4.11", "1.4.12", "1.4.13"], "mahotas.stretch.as_rgb,r;g;b,0,func": ["1.4.10", "1.4.11", "1.4.12", "1.4.13"], "mahotas.stretch.overlay,gray;red;green;blue;if_gray_dtype_not_uint8,4,func": ["1.4.10", "1.4.11", "1.4.12", "1.4.13"], "mahotas.zernike.zernike,im;degree;radius;cm,1,func": ["1.4.10", "1.4.11", "1.4.12", "1.4.13"], "mahotas.zernike.zernike_moments,im;radius;degree;cm,2,func": ["1.4.10", "1.4.11", "1.4.12", "1.4.13"], "mahotas.histogram.fullhistogram,img,0,func": ["1.4.10", "1.4.11", "1.4.12", "1.4.13"], "mahotas.convolve.convolve,f;weights;mode;cval;out;output,4,func": ["1.4.10", "1.4.11", "1.4.12", "1.4.13"], "mahotas.convolve.convolve1d,f;weights;axis;mode;cval;out,3,func": ["1.4.10", "1.4.11", "1.4.12", "1.4.13"], "mahotas.convolve.median_filter,f;Bc;mode;cval;out;output,5,func": ["1.4.10", "1.4.11", "1.4.12", "1.4.13"], "mahotas.convolve.mean_filter,f;Bc;mode;cval;out,3,func": ["1.4.10", "1.4.11", "1.4.12", "1.4.13"], "mahotas.convolve.rank_filter,f;Bc;rank;mode;cval;out;output,4,func": ["1.4.10", "1.4.11", "1.4.12", "1.4.13"], "mahotas.convolve.template_match,f;template;mode;cval;out;output,4,func": ["1.4.10", "1.4.11", "1.4.12", "1.4.13"], "mahotas.convolve.find,f;template,0,func": ["1.4.10", "1.4.11", "1.4.12", "1.4.13"], "mahotas.convolve.gaussian_filter1d,array;sigma;axis;order;mode;cval;out;output,6,func": ["1.4.10", "1.4.11", "1.4.12", "1.4.13"], "mahotas.convolve.gaussian_filter,array;sigma;order;mode;cval;out;output,5,func": ["1.4.10", "1.4.11", "1.4.12", "1.4.13"], "mahotas.convolve.wavelet_center,f;border;dtype;cval,3,func": ["1.4.10", "1.4.11", "1.4.12", "1.4.13"], "mahotas.convolve.wavelet_decenter,w;oshape;border,1,func": ["1.4.10", "1.4.11", "1.4.12", "1.4.13"], "mahotas.convolve.haar,f;preserve_energy;inline,2,func": ["1.4.10", "1.4.11", "1.4.12", "1.4.13"], "mahotas.convolve.daubechies,f;code;inline,1,func": ["1.4.10", "1.4.11", "1.4.12", "1.4.13"], "mahotas.convolve.idaubechies,f;code;inline,1,func": ["1.4.10", "1.4.11", "1.4.12", "1.4.13"], "mahotas.convolve.ihaar,f;preserve_energy;inline,2,func": ["1.4.10", "1.4.11", "1.4.12", "1.4.13"], "mahotas.convolve.laplacian_2D,array;alpha,1,func": ["1.4.10", "1.4.11", "1.4.12", "1.4.13"], "mahotas.freeimage.FI_TYPES,,": ["1.4.10", "1.4.11", "1.4.12", "1.4.13"], "mahotas.freeimage.FI_TYPES.get_type_and_shape,cls;bitmap,0,cls": ["1.4.10", "1.4.11", "1.4.12", "1.4.13"], "mahotas.freeimage.IO_FLAGS,,": ["1.4.10", "1.4.11", "1.4.12", "1.4.13"], "mahotas.freeimage.METADATA_MODELS,,": ["1.4.10", "1.4.11", "1.4.12", "1.4.13"], "mahotas.freeimage.FI_FORMAT,,": ["1.4.10", "1.4.11", "1.4.12", "1.4.13"], "mahotas.freeimage.read,filename;flags,1,func": ["1.4.10", "1.4.11", "1.4.12", "1.4.13"], "mahotas.freeimage.read_multipage,filename;flags,1,func": ["1.4.10", "1.4.11", "1.4.12", "1.4.13"], "mahotas.freeimage.string_tag,bitmap;key;model,1,func": ["1.4.10", "1.4.11", "1.4.12", "1.4.13"], "mahotas.freeimage.write,array;filename;flags,1,func": ["1.4.10", "1.4.11", "1.4.12", "1.4.13"], "mahotas.freeimage.write_multipage,arrays;filename;flags;keep_cache_in_memory,2,func": ["1.4.10", "1.4.11", "1.4.12", "1.4.13"], "mahotas.freeimage.imsavetoblob,img;filetype;flags,1,func": ["1.4.10", "1.4.11", "1.4.12", "1.4.13"], "mahotas.freeimage.imreadfromblob,blob;ftype;as_grey,2,func": ["1.4.10", "1.4.11", "1.4.12", "1.4.13"], "mahotas.freeimage.imread,filename;as_grey,1,func": ["1.4.10", "1.4.11", "1.4.12", "1.4.13"], "mahotas.freeimage.imsave,filename;img,0,func": ["1.4.10", "1.4.11", "1.4.12", "1.4.13"], "mahotas.moments.moments,img;p0;p1;cm;convert_to_float;normalize;normalise,4,func": ["1.4.10", "1.4.11", "1.4.12", "1.4.13"], "mahotas.polygon.line,p0;p1;canvas;color,1,func": ["1.4.10", "1.4.11", "1.4.12", "1.4.13"], "mahotas.polygon.fill_polygon,polygon;canvas;color,1,func": ["1.4.10", "1.4.11", "1.4.12", "1.4.13"], "mahotas.polygon.convexhull,bwimg,0,func": ["1.4.10", "1.4.11", "1.4.12", "1.4.13"], "mahotas.polygon.fill_convexhull,bwimg,0,func": ["1.4.10", "1.4.11", "1.4.12", "1.4.13"], "mahotas.citation,print_out;short,2,func": ["1.4.10", "1.4.11", "1.4.12", "1.4.13"], "mahotas.bbox,img;border;as_slice,2,func": ["1.4.10", "1.4.11", "1.4.12", "1.4.13"], "mahotas.croptobbox,img;border,1,func": ["1.4.10", "1.4.11", "1.4.12", "1.4.13"], "mahotas.center_of_mass,img;labels,1,func": ["1.4.10", "1.4.11", "1.4.12", "1.4.13"], "mahotas.convolve,f;weights;mode;cval;out;output,4,func": ["1.4.10", "1.4.11", "1.4.12", "1.4.13"], "mahotas.convolve1d,f;weights;axis;mode;cval;out,3,func": ["1.4.10", "1.4.11", "1.4.12", "1.4.13"], "mahotas.find,f;template,0,func": ["1.4.10", "1.4.11", "1.4.12", "1.4.13"], "mahotas.mean_filter,f;Bc;mode;cval;out,3,func": ["1.4.10", "1.4.11", "1.4.12", "1.4.13"], "mahotas.median_filter,f;Bc;mode;cval;out;output,5,func": ["1.4.10", "1.4.11", "1.4.12", "1.4.13"], "mahotas.rank_filter,f;Bc;rank;mode;cval;out;output,4,func": ["1.4.10", "1.4.11", "1.4.12", "1.4.13"], "mahotas.template_match,f;template;mode;cval;out;output,4,func": ["1.4.10", "1.4.11", "1.4.12", "1.4.13"], "mahotas.gaussian_filter1d,array;sigma;axis;order;mode;cval;out;output,6,func": ["1.4.10", "1.4.11", "1.4.12", "1.4.13"], "mahotas.gaussian_filter,array;sigma;order;mode;cval;out;output,5,func": ["1.4.10", "1.4.11", "1.4.12", "1.4.13"], "mahotas.laplacian_2D,array;alpha,1,func": ["1.4.10", "1.4.11", "1.4.12", "1.4.13"], "mahotas.haar,f;preserve_energy;inline,2,func": ["1.4.10", "1.4.11", "1.4.12", "1.4.13"], "mahotas.ihaar,f;preserve_energy;inline,2,func": ["1.4.10", "1.4.11", "1.4.12", "1.4.13"], "mahotas.daubechies,f;code;inline,1,func": ["1.4.10", "1.4.11", "1.4.12", "1.4.13"], "mahotas.idaubechies,f;code;inline,1,func": ["1.4.10", "1.4.11", "1.4.12", "1.4.13"], "mahotas.wavelet_center,f;border;dtype;cval,3,func": ["1.4.10", "1.4.11", "1.4.12", "1.4.13"], "mahotas.wavelet_decenter,w;oshape;border,1,func": ["1.4.10", "1.4.11", "1.4.12", "1.4.13"], "mahotas.distance,bw;metric,1,func": ["1.4.10", "1.4.11", "1.4.12", "1.4.13"], "mahotas.sobel,img;just_filter,1,func": ["1.4.10", "1.4.11", "1.4.12", "1.4.13"], "mahotas.dog,img;sigma1;multiplier;just_filter,3,func": ["1.4.10", "1.4.11", "1.4.12", "1.4.13"], "mahotas.euler,f;n;mode,2,func": ["1.4.10", "1.4.11", "1.4.12", "1.4.13"], "mahotas.fullhistogram,img,0,func": ["1.4.10", "1.4.11", "1.4.12", "1.4.13"], "mahotas.border,labeled;i;j;Bc;out;always_return;output,4,func": ["1.4.10", "1.4.11", "1.4.12", "1.4.13"], "mahotas.borders,labeled;Bc;out;output;mode,4,func": ["1.4.10", "1.4.11", "1.4.12", "1.4.13"], "mahotas.bwperim,bw;n;mode,2,func": ["1.4.10", "1.4.11", "1.4.12", "1.4.13"], "mahotas.label,array;Bc;out;output,3,func": ["1.4.10", "1.4.11", "1.4.12", "1.4.13"], "mahotas.labeled_sum,array;labeled;minlength,1,func": ["1.4.10", "1.4.11", "1.4.12", "1.4.13"], "mahotas.moments,img;p0;p1;cm;convert_to_float;normalize;normalise,4,func": ["1.4.10", "1.4.11", "1.4.12", "1.4.13"], "mahotas.cdilate,f;g;Bc;n,2,func": ["1.4.10", "1.4.11", "1.4.12", "1.4.13"], "mahotas.cerode,f;g;Bc;out;output,3,func": ["1.4.10", "1.4.11", "1.4.12", "1.4.13"], "mahotas.close,f;Bc;out;output,3,func": ["1.4.10", "1.4.11", "1.4.12", "1.4.13"], "mahotas.close_holes,ref;Bc,1,func": ["1.4.10", "1.4.11", "1.4.12", "1.4.13"], "mahotas.cwatershed,surface;markers;Bc;return_lines,2,func": ["1.4.10", "1.4.11", "1.4.12", "1.4.13"], "mahotas.disk,radius;dim,1,func": ["1.4.10", "1.4.11", "1.4.12", "1.4.13"], "mahotas.dilate,A;Bc;out;output,3,func": ["1.4.10", "1.4.11", "1.4.12", "1.4.13"], "mahotas.erode,A;Bc;out;output,3,func": ["1.4.10", "1.4.11", "1.4.12", "1.4.13"], "mahotas.get_structuring_elem,A;Bc,0,func": ["1.4.10", "1.4.11", "1.4.12", "1.4.13"], "mahotas.hitmiss,input;Bc;out;output,2,func": ["1.4.10", "1.4.11", "1.4.12", "1.4.13"], "mahotas.locmax,f;Bc;out;output,3,func": ["1.4.10", "1.4.11", "1.4.12", "1.4.13"], "mahotas.locmin,f;Bc;out;output,3,func": ["1.4.10", "1.4.11", "1.4.12", "1.4.13"], "mahotas.majority_filter,img;N;out;output,3,func": ["1.4.10", "1.4.11", "1.4.12", "1.4.13"], "mahotas.open,f;Bc;out;output,3,func": ["1.4.10", "1.4.11", "1.4.12", "1.4.13"], "mahotas.regmin,f;Bc;out;output,3,func": ["1.4.10", "1.4.11", "1.4.12", "1.4.13"], "mahotas.regmax,f;Bc;out;output,3,func": ["1.4.10", "1.4.11", "1.4.12", "1.4.13"], "mahotas.imresize,img;nsize;order,1,func": ["1.4.10", "1.4.11", "1.4.12", "1.4.13"], "mahotas.resize_to,im;nsize;order,1,func": ["1.4.10", "1.4.11", "1.4.12", "1.4.13"], "mahotas.as_rgb,r;g;b,0,func": ["1.4.10", "1.4.11", "1.4.12", "1.4.13"], "mahotas.overlay,gray;red;green;blue;if_gray_dtype_not_uint8,4,func": ["1.4.10", "1.4.11", "1.4.12", "1.4.13"], "mahotas.stretch,img;arg0;arg1;dtype,3,func": ["1.4.10", "1.4.11", "1.4.12", "1.4.13"], "mahotas.stretch_rgb,img;arg0;arg1;dtype,3,func": ["1.4.10", "1.4.11", "1.4.12", "1.4.13"], "mahotas.thin,binimg;max_iter,1,func": ["1.4.10", "1.4.11", "1.4.12", "1.4.13"], "mahotas.otsu,img;ignore_zeros,1,func": ["1.4.10", "1.4.11", "1.4.12", "1.4.13"], "mahotas.rc,img;ignore_zeros,1,func": ["1.4.10", "1.4.11", "1.4.12", "1.4.13"], "mahotas.imread,filename;as_grey,1,func": ["1.4.10", "1.4.11", "1.4.12", "1.4.13"], "mahotas.imsave,filename;img,0,func": ["1.4.10", "1.4.11", "1.4.12", "1.4.13"], "mahotas.thresholding.otsu,img;ignore_zeros,1,func": ["1.4.10", "1.4.11", "1.4.12", "1.4.13"], "mahotas.thresholding.rc,img;ignore_zeros,1,func": ["1.4.10", "1.4.11", "1.4.12", "1.4.13"], "mahotas.thresholding.soft_threshold,f;tval,0,func": ["1.4.10", "1.4.11", "1.4.12", "1.4.13"], "mahotas.thresholding.bernsen,f;radius;contrast_threshold;gthresh,1,func": ["1.4.10", "1.4.11", "1.4.12", "1.4.13"], "mahotas.thresholding.gbernsen,f;se;contrast_threshold;gthresh,0,func": ["1.4.10", "1.4.11", "1.4.12", "1.4.13"], "mahotas.thresholding.fullhistogram,img,0,func": ["1.4.10", "1.4.11", "1.4.12", "1.4.13"], "mahotas.thresholding.circle_se,radius,0,func": ["1.4.10", "1.4.11", "1.4.12", "1.4.13"], "mahotas.thresholding.rank_filter,f;Bc;rank;mode;cval;out;output,4,func": ["1.4.10", "1.4.11", "1.4.12", "1.4.13"], "mahotas.morph.get_structuring_elem,A;Bc,0,func": ["1.4.10", "1.4.11", "1.4.12", "1.4.13"], "mahotas.morph.disk,radius;dim,1,func": ["1.4.10", "1.4.11", "1.4.12", "1.4.13"], "mahotas.morph.dilate,A;Bc;out;output,3,func": ["1.4.10", "1.4.11", "1.4.12", "1.4.13"], "mahotas.morph.erode,A;Bc;out;output,3,func": ["1.4.10", "1.4.11", "1.4.12", "1.4.13"], "mahotas.morph.cerode,f;g;Bc;out;output,3,func": ["1.4.10", "1.4.11", "1.4.12", "1.4.13"], "mahotas.morph.cdilate,f;g;Bc;n,2,func": ["1.4.10", "1.4.11", "1.4.12", "1.4.13"], "mahotas.morph.cwatershed,surface;markers;Bc;return_lines,2,func": ["1.4.10", "1.4.11", "1.4.12", "1.4.13"], "mahotas.morph.hitmiss,input;Bc;out;output,2,func": ["1.4.10", "1.4.11", "1.4.12", "1.4.13"], "mahotas.morph.open,f;Bc;out;output,3,func": ["1.4.10", "1.4.11", "1.4.12", "1.4.13"], "mahotas.morph.close,f;Bc;out;output,3,func": ["1.4.10", "1.4.11", "1.4.12", "1.4.13"], "mahotas.morph.close_holes,ref;Bc,1,func": ["1.4.10", "1.4.11", "1.4.12", "1.4.13"], "mahotas.morph.majority_filter,img;N;out;output,3,func": ["1.4.10", "1.4.11", "1.4.12", "1.4.13"], "mahotas.morph.locmax,f;Bc;out;output,3,func": ["1.4.10", "1.4.11", "1.4.12", "1.4.13"], "mahotas.morph.locmin,f;Bc;out;output,3,func": ["1.4.10", "1.4.11", "1.4.12", "1.4.13"], "mahotas.morph.regmin,f;Bc;out;output,3,func": ["1.4.10", "1.4.11", "1.4.12", "1.4.13"], "mahotas.morph.regmax,f;Bc;out;output,3,func": ["1.4.10", "1.4.11", "1.4.12", "1.4.13"], "mahotas.morph.subm,a;b;out,1,func": ["1.4.10", "1.4.11", "1.4.12", "1.4.13"], "mahotas.morph.tophat_close,f;Bc;out,2,func": ["1.4.10", "1.4.11", "1.4.12", "1.4.13"], "mahotas.morph.tophat_open,f;Bc;out,2,func": ["1.4.10", "1.4.11", "1.4.12", "1.4.13"], "mahotas.morph.circle_se,radius,0,func": ["1.4.10", "1.4.11", "1.4.12", "1.4.13"], "mahotas.tas.tas,img,0,func": ["1.4.10", "1.4.11", "1.4.12", "1.4.13"], "mahotas.tas.pftas,img;T,1,func": ["1.4.10", "1.4.11", "1.4.12", "1.4.13"], "mahotas.thin.thin,binimg;max_iter,1,func": ["1.4.10", "1.4.11", "1.4.12", "1.4.13"], "mahotas.thin.bbox,img;border;as_slice,2,func": ["1.4.10", "1.4.11", "1.4.12", "1.4.13"], "mahotas.distance.distance,bw;metric,1,func": ["1.4.10", "1.4.11", "1.4.12", "1.4.13"], "mahotas.resize.resize_to,im;nsize;order,1,func": ["1.4.10", "1.4.11", "1.4.12", "1.4.13"], "mahotas.resize.resize_rgb_to,im;nsize;order,1,func": ["1.4.10", "1.4.11", "1.4.12", "1.4.13"], "mahotas.resize.imresize,img;nsize;order,1,func": ["1.4.10", "1.4.11", "1.4.12", "1.4.13"], "mahotas.resize.zoom,array;zoom;out;order;mode;cval;prefilter;output,6,func": ["1.4.10", "1.4.11", "1.4.12", "1.4.13"], "mahotas.texture.haralick,f;ignore_zeros;preserve_haralick_bug;compute_14th_feature;return_mean;return_mean_ptp;use_x_minus_y_variance;distance,7,func": ["1.4.10", "1.4.11", "1.4.12", "1.4.13"], "mahotas.texture.haralick_features,cmats;ignore_zeros;preserve_haralick_bug;compute_14th_feature;return_mean;return_mean_ptp;use_x_minus_y_variance,6,func": ["1.4.10", "1.4.11", "1.4.12", "1.4.13"], "mahotas.texture.cooccurence,f;direction;output;symmetric;distance,3,func": ["1.4.10", "1.4.11", "1.4.12", "1.4.13"], "mahotas.interpolate.spline_filter1d,array;order;axis;out;dtype;output,5,func": ["1.4.10", "1.4.11", "1.4.12", "1.4.13"], "mahotas.interpolate.spline_filter,array;order;out;dtype;output,4,func": ["1.4.10", "1.4.11", "1.4.12", "1.4.13"], "mahotas.interpolate.zoom,array;zoom;out;order;mode;cval;prefilter;output,6,func": ["1.4.10", "1.4.11", "1.4.12", "1.4.13"], "mahotas.interpolate.shift,array;shift;out;order;mode;cval;prefilter;output,6,func": ["1.4.10", "1.4.11", "1.4.12", "1.4.13"], "mahotas.center_of_mass.center_of_mass,img;labels,1,func": ["1.4.10", "1.4.11", "1.4.12", "1.4.13"], "mahotas.bbox.bbox,img;border;as_slice,2,func": ["1.4.10", "1.4.11", "1.4.12", "1.4.13"], "mahotas.bbox.croptobbox,img;border,1,func": ["1.4.10", "1.4.11", "1.4.12", "1.4.13"], "mahotas.surf.integral,f;in_place;dtype,2,func": ["1.4.10", "1.4.11", "1.4.12", "1.4.13"], "mahotas.surf.surf,f;nr_octaves;nr_scales;initial_step_size;threshold;max_points;descriptor_only,6,func": ["1.4.10", "1.4.11", "1.4.12", "1.4.13"], "mahotas.surf.interest_points,f;nr_octaves;nr_scales;initial_step_size;threshold;max_points;is_integral,6,func": ["1.4.10", "1.4.11", "1.4.12", "1.4.13"], "mahotas.surf.descriptors,f;interest_points;is_integral;descriptor_only,2,func": ["1.4.10", "1.4.11", "1.4.12", "1.4.13"], "mahotas.surf.dense,f;spacing;scale;is_integral;include_interest_point,3,func": ["1.4.10", "1.4.11", "1.4.12", "1.4.13"], "mahotas.surf.show_surf,f;spoints;values;colors,2,func": ["1.4.10", "1.4.11", "1.4.12", "1.4.13"], "mahotas.labeled.label,array;Bc;out;output,3,func": ["1.4.10", "1.4.11", "1.4.12", "1.4.13"], "mahotas.labeled.relabel,labeled;inplace,1,func": ["1.4.10", "1.4.11", "1.4.12", "1.4.13"], "mahotas.labeled.is_same_labeling,labeled0;labeled1,0,func": ["1.4.10", "1.4.11", "1.4.12", "1.4.13"], "mahotas.labeled.remove_regions,labeled;regions;inplace,1,func": ["1.4.10", "1.4.11", "1.4.12", "1.4.13"], "mahotas.labeled.remove_regions_where,labeled;conditions;inplace,1,func": ["1.4.10", "1.4.11", "1.4.12", "1.4.13"], "mahotas.labeled.remove_bordering,labeled;rsize;out;output,3,func": ["1.4.10", "1.4.11", "1.4.12", "1.4.13"], "mahotas.labeled.border,labeled;i;j;Bc;out;always_return;output,4,func": ["1.4.10", "1.4.11", "1.4.12", "1.4.13"], "mahotas.labeled.borders,labeled;Bc;out;output;mode,4,func": ["1.4.10", "1.4.11", "1.4.12", "1.4.13"], "mahotas.labeled.bwperim,bw;n;mode,2,func": ["1.4.10", "1.4.11", "1.4.12", "1.4.13"], "mahotas.labeled.labeled_sum,array;labeled;minlength,1,func": ["1.4.10", "1.4.11", "1.4.12", "1.4.13"], "mahotas.labeled.labeled_max,array;labeled,0,func": ["1.4.10", "1.4.11", "1.4.12", "1.4.13"], "mahotas.labeled.labeled_min,array;labeled,0,func": ["1.4.10", "1.4.11", "1.4.12", "1.4.13"], "mahotas.labeled.labeled_size,labeled,0,func": ["1.4.10", "1.4.11", "1.4.12", "1.4.13"], "mahotas.labeled.perimeter,bwimage;n;mode,2,func": ["1.4.10", "1.4.11", "1.4.12", "1.4.13"], "mahotas.labeled.bbox,f;as_slice,1,func": ["1.4.10", "1.4.11", "1.4.12", "1.4.13"], "mahotas.labeled.filter_labeled,labeled;remove_bordering;min_size;max_size,3,func": ["1.4.10", "1.4.11", "1.4.12", "1.4.13"], "mahotas.labeled.get_structuring_elem,A;Bc,0,func": ["1.4.10", "1.4.11", "1.4.12", "1.4.13"], "mahotas.labeled.fullhistogram,img,0,func": ["1.4.10", "1.4.11", "1.4.12", "1.4.13"], "mahotas.segmentation.gvoronoi,labeled,0,func": ["1.4.10", "1.4.11", "1.4.12", "1.4.13"], "mahotas.segmentation.slic,array;spacer;m;max_iters,3,func": ["1.4.10", "1.4.11", "1.4.12", "1.4.13"], "mahotas.euler.euler,f;n;mode,2,func": ["1.4.10", "1.4.11", "1.4.12", "1.4.13"], "mahotas.euler.convolve,f;weights;mode;cval;out;output,4,func": ["1.4.10", "1.4.11", "1.4.12", "1.4.13"], "mahotas.colors.rgb2grey,array;dtype,1,func": ["1.4.10", "1.4.11", "1.4.12", "1.4.13"], "mahotas.colors.rgb2xyz,rgb;dtype,1,func": ["1.4.10", "1.4.11", "1.4.12", "1.4.13"], "mahotas.colors.xyz2rgb,xyz;dtype,1,func": ["1.4.10", "1.4.11", "1.4.12", "1.4.13"], "mahotas.colors.xyz2lab,xyz;dtype,1,func": ["1.4.10", "1.4.11", "1.4.12", "1.4.13"], "mahotas.colors.rgb2lab,rgb;dtype,1,func": ["1.4.10", "1.4.11", "1.4.12", "1.4.13"], "mahotas.colors.rgb2sepia,rgb,0,func": ["1.4.10", "1.4.11", "1.4.12", "1.4.13"], "mahotas.io.freeimage.FI_TYPES,,": ["1.4.10", "1.4.11", "1.4.12", "1.4.13"], "mahotas.io.freeimage.FI_TYPES.get_type_and_shape,cls;bitmap,0,cls": ["1.4.10", "1.4.11", "1.4.12", "1.4.13"], "mahotas.io.freeimage.IO_FLAGS,,": ["1.4.10", "1.4.11", "1.4.12", "1.4.13"], "mahotas.io.freeimage.METADATA_MODELS,,": ["1.4.10", "1.4.11", "1.4.12", "1.4.13"], "mahotas.io.freeimage.FI_FORMAT,,": ["1.4.10", "1.4.11", "1.4.12", "1.4.13"], "mahotas.io.freeimage.read,filename;flags,1,func": ["1.4.10", "1.4.11", "1.4.12", "1.4.13"], "mahotas.io.freeimage.read_multipage,filename;flags,1,func": ["1.4.10", "1.4.11", "1.4.12", "1.4.13"], "mahotas.io.freeimage.string_tag,bitmap;key;model,1,func": ["1.4.10", "1.4.11", "1.4.12", "1.4.13"], "mahotas.io.freeimage.write,array;filename;flags,1,func": ["1.4.10", "1.4.11", "1.4.12", "1.4.13"], "mahotas.io.freeimage.write_multipage,arrays;filename;flags;keep_cache_in_memory,2,func": ["1.4.10", "1.4.11", "1.4.12", "1.4.13"], "mahotas.io.freeimage.imsavetoblob,img;filetype;flags,1,func": ["1.4.10", "1.4.11", "1.4.12", "1.4.13"], "mahotas.io.freeimage.imreadfromblob,blob;ftype;as_grey,2,func": ["1.4.10", "1.4.11", "1.4.12", "1.4.13"], "mahotas.io.freeimage.imread,filename;as_grey,1,func": ["1.4.10", "1.4.11", "1.4.12", "1.4.13"], "mahotas.io.freeimage.imsave,filename;img,0,func": ["1.4.10", "1.4.11", "1.4.12", "1.4.13"], "mahotas.io.error_imread,,0,func": ["1.4.10", "1.4.11", "1.4.12", "1.4.13"], "mahotas.io.error_imsave,,0,func": ["1.4.10", "1.4.11", "1.4.12", "1.4.13"], "mahotas.io.imread,filename;as_grey,1,func": ["1.4.10", "1.4.11", "1.4.12", "1.4.13"], "mahotas.io.imsave,filename;img,0,func": ["1.4.10", "1.4.11", "1.4.12", "1.4.13"], "mahotas.io.pil.imread,filename;as_grey,1,func": ["1.4.10", "1.4.11", "1.4.12", "1.4.13"], "mahotas.io.pil.imsave,filename;array,0,func": ["1.4.10", "1.4.11", "1.4.12", "1.4.13"], "mahotas.features.zernike.zernike,im;degree;radius;cm,1,func": ["1.4.10", "1.4.11", "1.4.12", "1.4.13"], "mahotas.features.zernike.zernike_moments,im;radius;degree;cm,2,func": ["1.4.10", "1.4.11", "1.4.12", "1.4.13"], "mahotas.features.moments.moments,img;p0;p1;cm;convert_to_float;normalize;normalise,4,func": ["1.4.10", "1.4.11", "1.4.12", "1.4.13"], "mahotas.features.haralick,f;ignore_zeros;preserve_haralick_bug;compute_14th_feature;return_mean;return_mean_ptp;use_x_minus_y_variance;distance,7,func": ["1.4.10", "1.4.11", "1.4.12", "1.4.13"], "mahotas.features.tas,img,0,func": ["1.4.10", "1.4.11", "1.4.12", "1.4.13"], "mahotas.features.pftas,img;T,1,func": ["1.4.10", "1.4.11", "1.4.12", "1.4.13"], "mahotas.features.zernike,im;degree;radius;cm,1,func": ["1.4.10", "1.4.11", "1.4.12", "1.4.13"], "mahotas.features.zernike_moments,im;radius;degree;cm,2,func": ["1.4.10", "1.4.11", "1.4.12", "1.4.13"], "mahotas.features.roundness,bw,0,func": ["1.4.10", "1.4.11", "1.4.12", "1.4.13"], "mahotas.features.eccentricity,bwimage,0,func": ["1.4.10", "1.4.11", "1.4.12", "1.4.13"], "mahotas.features.ellipse_axes,bwimage,0,func": ["1.4.10", "1.4.11", "1.4.12", "1.4.13"], "mahotas.features.tas.tas,img,0,func": ["1.4.10", "1.4.11", "1.4.12", "1.4.13"], "mahotas.features.tas.pftas,img;T,1,func": ["1.4.10", "1.4.11", "1.4.12", "1.4.13"], "mahotas.features.lbp.lbp_transform,image;radius;points;ignore_zeros;preserve_shape,2,func": ["1.4.10", "1.4.11", "1.4.12", "1.4.13"], "mahotas.features.lbp.count_binary1s,array,0,func": ["1.4.10", "1.4.11", "1.4.12", "1.4.13"], "mahotas.features.lbp.lbp,image;radius;points;ignore_zeros,1,func": ["1.4.10", "1.4.11", "1.4.12", "1.4.13"], "mahotas.features.lbp.lbp_names,radius;points,0,func": ["1.4.10", "1.4.11", "1.4.12", "1.4.13"], "mahotas.features.texture.haralick,f;ignore_zeros;preserve_haralick_bug;compute_14th_feature;return_mean;return_mean_ptp;use_x_minus_y_variance;distance,7,func": ["1.4.10", "1.4.11", "1.4.12", "1.4.13"], "mahotas.features.texture.haralick_features,cmats;ignore_zeros;preserve_haralick_bug;compute_14th_feature;return_mean;return_mean_ptp;use_x_minus_y_variance,6,func": ["1.4.10", "1.4.11", "1.4.12", "1.4.13"], "mahotas.features.texture.cooccurence,f;direction;output;symmetric;distance,3,func": ["1.4.10", "1.4.11", "1.4.12", "1.4.13"], "mahotas.features.shape.roundness,bw,0,func": ["1.4.10", "1.4.11", "1.4.12", "1.4.13"], "mahotas.features.shape.ellipse_axes,bwimage,0,func": ["1.4.10", "1.4.11", "1.4.12", "1.4.13"], "mahotas.features.shape.eccentricity,bwimage,0,func": ["1.4.10", "1.4.11", "1.4.12", "1.4.13"], "mahotas.features.shape.moments,img;p0;p1;cm;convert_to_float;normalize;normalise,4,func": ["1.4.10", "1.4.11", "1.4.12", "1.4.13"], "mahotas.features.surf.integral,f;in_place;dtype,2,func": ["1.4.10", "1.4.11", "1.4.12", "1.4.13"], "mahotas.features.surf.surf,f;nr_octaves;nr_scales;initial_step_size;threshold;max_points;descriptor_only,6,func": ["1.4.10", "1.4.11", "1.4.12", "1.4.13"], "mahotas.features.surf.interest_points,f;nr_octaves;nr_scales;initial_step_size;threshold;max_points;is_integral,6,func": ["1.4.10", "1.4.11", "1.4.12", "1.4.13"], "mahotas.features.surf.descriptors,f;interest_points;is_integral;descriptor_only,2,func": ["1.4.10", "1.4.11", "1.4.12", "1.4.13"], "mahotas.features.surf.dense,f;spacing;scale;is_integral;include_interest_point,3,func": ["1.4.10", "1.4.11", "1.4.12", "1.4.13"], "mahotas.features.surf.show_surf,f;spoints;values;colors,2,func": ["1.4.10", "1.4.11", "1.4.12", "1.4.13"], "mahotas.demos.image_path,name,0,func": ["1.4.10", "1.4.11", "1.4.12", "1.4.13"], "mahotas.demos.load,image_name;as_grey,1,func": ["1.4.10", "1.4.11", "1.4.12", "1.4.13"], "mahotas.demos.nuclear_image,,0,func": ["1.4.10", "1.4.11", "1.4.12", "1.4.13"], "mahotas.demos.wavelet_compress.soft_threshold,f;tval,0,func": ["1.4.10", "1.4.11", "1.4.12", "1.4.13"]}, "version": ["0.0.1", "0.1", "0.2", "0.3", "0.4", "0.5", "0.5.1", "0.5.2", "0.5.3", "0.6", "0.6.1", "0.6.2", "0.6.3", "0.6.4", "0.6.5", "0.6.6", "0.7", "0.7.1", "0.7.2", "0.7.3", "0.8", "0.8.1", "0.9", "0.9.1", "0.9.2", "0.9.3", "0.9.4", "0.9.5", "0.9.6", "0.9.7", "0.9.8", "0.99", "1.0", "1.0.1", "1.0.2", "1.0.3", "1.0.4", "1.1.0", "1.1.1", "1.2", "1.2.1", "1.2.2", "1.2.3", "1.2.4", "1.3.0", "1.4.0", "1.4.1", "1.4.2", "1.4.3", "1.4.4", "1.4.5", "1.4.6", "1.4.7", "1.4.8", "1.4.9", "1.4.10", "1.4.11", "1.4.12", "1.4.13"]}