{"module": ["nbformat/5.7.0/tmp/nbformat"], "API": {"nbformat.validator.get_validator,version;version_minor;relax_add_props;name,4,func": ["5.5.0b1", "5.5.0", "5.6.0", "5.6.1", "5.7.0"], "nbformat.validator.isvalid,nbjson;ref;version;version_minor,3,func": ["5.5.0b1", "5.5.0", "5.6.0", "5.6.1", "5.7.0"], "nbformat.validator.NotebookValidationError,self;original;ref,1": ["5.5.0b1", "5.5.0", "5.6.0", "5.6.1", "5.7.0"], "nbformat.validator.better_validation_error,error;version;version_minor,0,func": ["5.5.0b1", "5.5.0", "5.6.0", "5.6.1", "5.7.0"], "nbformat.validator.normalize,nbdict;version;version_minor,2,func": ["5.5.0b1", "5.5.0", "5.6.0", "5.6.1", "5.7.0"], "nbformat.validator.validate,nbdict;ref;version;version_minor;relax_add_props;nbjson;repair_duplicate_cell_ids;strip_invalid_metadata,8,func": ["5.5.0b1", "5.5.0", "5.6.0", "5.6.1", "5.7.0"], "nbformat.validator.iter_validate,nbdict;ref;version;version_minor;relax_add_props;nbjson;strip_invalid_metadata,7,func": ["5.5.0b1", "5.5.0", "5.6.0", "5.6.1", "5.7.0"], "nbformat.validator.import_item,name,0,func": ["5.5.0b1", "5.5.0", "5.6.0", "5.6.1", "5.7.0"], "nbformat.validator.generate_corpus_id,,0,func": ["5.5.0b1", "5.5.0", "5.6.0", "5.6.1", "5.7.0"], "nbformat.validator.get_current_validator,,0,func": ["5.5.0b1", "5.5.0", "5.6.0", "5.6.1", "5.7.0"], "nbformat.validator.get_version,nb,0,func": ["5.5.0b1", "5.5.0", "5.6.0", "5.6.1", "5.7.0"], "nbformat.validator.DuplicateCellId,,": ["5.5.0b1", "5.5.0", "5.6.0", "5.6.1", "5.7.0"], "nbformat.validator.MissingIDFieldWarning,,": ["5.5.0b1", "5.5.0", "5.6.0", "5.6.1", "5.7.0"], "nbformat._struct.Struct,self,0": ["5.5.0b1", "5.5.0", "5.6.0", "5.6.1", "5.7.0"], "nbformat._struct.Struct.dict,self,0,cls": ["5.5.0b1", "5.5.0", "5.6.0", "5.6.1", "5.7.0"], "nbformat._struct.Struct.copy,self,0,cls": ["5.5.0b1", "5.5.0", "5.6.0", "5.6.1", "5.7.0"], "nbformat._struct.Struct.hasattr,self;key,0,cls": ["5.5.0b1", "5.5.0", "5.6.0", "5.6.1", "5.7.0"], "nbformat._struct.Struct.allow_new_attr,self;allow,1,cls": ["5.5.0b1", "5.5.0", "5.6.0", "5.6.1", "5.7.0"], "nbformat._struct.Struct.merge,self;__loc_data__;__conflict_solve,2,cls": ["5.5.0b1", "5.5.0", "5.6.0", "5.6.1", "5.7.0"], "nbformat.notebooknode.NotebookNode,,": ["5.5.0b1", "5.5.0", "5.6.0", "5.6.1", "5.7.0"], "nbformat.notebooknode.NotebookNode.update,self,0,cls": ["5.5.0b1", "5.5.0", "5.6.0", "5.6.1", "5.7.0"], "nbformat.notebooknode.from_dict,d,0,func": ["5.5.0b1", "5.5.0", "5.6.0", "5.6.1", "5.7.0"], "nbformat.notebooknode.Struct,self,0": ["5.5.0b1", "5.5.0", "5.6.0", "5.6.1", "5.7.0"], "nbformat.notebooknode.Struct.dict,self,0,cls": ["5.5.0b1", "5.5.0", "5.6.0", "5.6.1", "5.7.0"], "nbformat.notebooknode.Struct.copy,self,0,cls": ["5.5.0b1", "5.5.0", "5.6.0", "5.6.1", "5.7.0"], "nbformat.notebooknode.Struct.hasattr,self;key,0,cls": ["5.5.0b1", "5.5.0", "5.6.0", "5.6.1", "5.7.0"], "nbformat.notebooknode.Struct.allow_new_attr,self;allow,1,cls": ["5.5.0b1", "5.5.0", "5.6.0", "5.6.1", "5.7.0"], "nbformat.notebooknode.Struct.merge,self;__loc_data__;__conflict_solve,2,cls": ["5.5.0b1", "5.5.0", "5.6.0", "5.6.1", "5.7.0"], "nbformat.warnings.MissingIDFieldWarning,,": ["5.5.0b1", "5.5.0", "5.6.0", "5.6.1", "5.7.0"], "nbformat.warnings.DuplicateCellId,,": ["5.5.0b1", "5.5.0", "5.6.0", "5.6.1", "5.7.0"], "nbformat.json_compat.JsonSchemaValidator,self;schema,0": ["5.5.0b1", "5.5.0", "5.6.0", "5.6.1", "5.7.0"], "nbformat.json_compat.JsonSchemaValidator.validate,self;data,0,cls": ["5.5.0b1", "5.5.0", "5.6.0", "5.6.1", "5.7.0"], "nbformat.json_compat.JsonSchemaValidator.iter_errors,self;data;schema,1,cls": ["5.5.0b1", "5.5.0", "5.6.0", "5.6.1", "5.7.0"], "nbformat.json_compat.JsonSchemaValidator.error_tree,self;errors,0,cls": ["5.5.0b1", "5.5.0", "5.6.0", "5.6.1", "5.7.0"], "nbformat.json_compat.FastJsonSchemaValidator,self;schema,0": ["5.5.0b1", "5.5.0", "5.6.0", "5.6.1", "5.7.0"], "nbformat.json_compat.FastJsonSchemaValidator.validate,self;data,0,cls": ["5.5.0b1", "5.5.0", "5.6.0", "5.6.1", "5.7.0"], "nbformat.json_compat.FastJsonSchemaValidator.iter_errors,self;data;schema,1,cls": ["5.5.0b1", "5.5.0", "5.6.0", "5.6.1", "5.7.0"], "nbformat.json_compat.FastJsonSchemaValidator.error_tree,self;errors,0,cls": ["5.5.0b1", "5.5.0", "5.6.0", "5.6.1", "5.7.0"], "nbformat.json_compat.get_current_validator,,0,func": ["5.5.0b1", "5.5.0", "5.6.0", "5.6.1", "5.7.0"], "nbformat.converter.convert,nb;to_version,0,func": ["5.5.0b1", "5.5.0", "5.6.0", "5.6.1", "5.7.0"], "nbformat.converter.get_version,nb,0,func": ["5.5.0b1", "5.5.0", "5.6.0", "5.6.1", "5.7.0"], "nbformat.NBFormatError,,": ["5.5.0b1", "5.5.0", "5.6.0", "5.6.1", "5.7.0"], "nbformat.reads,s;as_version;capture_validation_error,1,func": ["5.5.0b1", "5.5.0", "5.6.0", "5.6.1", "5.7.0"], "nbformat.writes,nb;version;capture_validation_error,2,func": ["5.5.0b1", "5.5.0", "5.6.0", "5.6.1", "5.7.0"], "nbformat.read,fp;as_version;capture_validation_error,1,func": ["5.5.0b1", "5.5.0", "5.6.0", "5.6.1", "5.7.0"], "nbformat.write,nb;fp;version;capture_validation_error,2,func": ["5.5.0b1", "5.5.0", "5.6.0", "5.6.1", "5.7.0"], "nbformat.Sentinel,self;name;module;docstring,1": ["5.5.0b1", "5.5.0", "5.6.0", "5.6.1", "5.7.0"], "nbformat.convert,nb;to_version,0,func": ["5.5.0b1", "5.5.0", "5.6.0", "5.6.1", "5.7.0"], "nbformat.NotebookNode,,": ["5.5.0b1", "5.5.0", "5.6.0", "5.6.1", "5.7.0"], "nbformat.NotebookNode.update,self,0,cls": ["5.5.0b1", "5.5.0", "5.6.0", "5.6.1", "5.7.0"], "nbformat.from_dict,d,0,func": ["5.5.0b1", "5.5.0", "5.6.0", "5.6.1", "5.7.0"], "nbformat.validate,nbdict;ref;version;version_minor;relax_add_props;nbjson;repair_duplicate_cell_ids;strip_invalid_metadata,8,func": ["5.5.0b1", "5.5.0", "5.6.0", "5.6.1", "5.7.0"], "nbformat.current.NBFormatError,,": ["5.5.0b1", "5.5.0", "5.6.0", "5.6.1", "5.7.0"], "nbformat.current.parse_py,s,0,func": ["5.5.0b1", "5.5.0", "5.6.0", "5.6.1", "5.7.0"], "nbformat.current.reads_json,nbjson,0,func": ["5.5.0b1", "5.5.0", "5.6.0", "5.6.1", "5.7.0"], "nbformat.current.writes_json,nb,0,func": ["5.5.0b1", "5.5.0", "5.6.0", "5.6.1", "5.7.0"], "nbformat.current.reads_py,s,0,func": ["5.5.0b1", "5.5.0", "5.6.0", "5.6.1", "5.7.0"], "nbformat.current.writes_py,nb,0,func": ["5.5.0b1", "5.5.0", "5.6.0", "5.6.1", "5.7.0"], "nbformat.current.reads,s,0,func": ["5.5.0b1", "5.5.0", "5.6.0", "5.6.1", "5.7.0"], "nbformat.current.writes,nb;format;version,2,func": ["5.5.0b1", "5.5.0", "5.6.0", "5.6.1", "5.7.0"], "nbformat.current.read,fp;format,1,func": ["5.5.0b1", "5.5.0", "5.6.0", "5.6.1", "5.7.0"], "nbformat.current.write,nb;fp;format,1,func": ["5.5.0b1", "5.5.0", "5.6.0", "5.6.1", "5.7.0"], "nbformat.current.convert,nb;to_version,0,func": ["5.5.0b1", "5.5.0", "5.6.0", "5.6.1", "5.7.0"], "nbformat.current.validate,nbdict;ref;version;version_minor;relax_add_props;nbjson;repair_duplicate_cell_ids;strip_invalid_metadata,8,func": ["5.5.0b1", "5.5.0", "5.6.0", "5.6.1", "5.7.0"], "nbformat._imports.import_item,name,0,func": ["5.5.0b1", "5.5.0", "5.6.0", "5.6.1", "5.7.0"], "nbformat.reader.NotJSONError,,": ["5.5.0b1", "5.5.0", "5.6.0", "5.6.1", "5.7.0"], "nbformat.reader.parse_json,s,0,func": ["5.5.0b1", "5.5.0", "5.6.0", "5.6.1", "5.7.0"], "nbformat.reader.get_version,nb,0,func": ["5.5.0b1", "5.5.0", "5.6.0", "5.6.1", "5.7.0"], "nbformat.reader.reads,s,0,func": ["5.5.0b1", "5.5.0", "5.6.0", "5.6.1", "5.7.0"], "nbformat.reader.read,fp,0,func": ["5.5.0b1", "5.5.0", "5.6.0", "5.6.1", "5.7.0"], "nbformat.sign.SignatureStore,,": ["5.5.0b1", "5.5.0", "5.6.0", "5.6.1", "5.7.0"], "nbformat.sign.SignatureStore.store_signature,self;digest;algorithm,0,cls": ["5.5.0b1", "5.5.0", "5.6.0", "5.6.1", "5.7.0"], "nbformat.sign.SignatureStore.check_signature,self;digest;algorithm,0,cls": ["5.5.0b1", "5.5.0", "5.6.0", "5.6.1", "5.7.0"], "nbformat.sign.SignatureStore.remove_signature,self;digest;algorithm,0,cls": ["5.5.0b1", "5.5.0", "5.6.0", "5.6.1", "5.7.0"], "nbformat.sign.SignatureStore.close,self,0,cls": ["5.5.0b1", "5.5.0", "5.6.0", "5.6.1", "5.7.0"], "nbformat.sign.MemorySignatureStore,self,0": ["5.5.0b1", "5.5.0", "5.6.0", "5.6.1", "5.7.0"], "nbformat.sign.MemorySignatureStore.store_signature,self;digest;algorithm,0,cls": ["5.5.0b1", "5.5.0", "5.6.0", "5.6.1", "5.7.0"], "nbformat.sign.MemorySignatureStore.check_signature,self;digest;algorithm,0,cls": ["5.5.0b1", "5.5.0", "5.6.0", "5.6.1", "5.7.0"], "nbformat.sign.MemorySignatureStore.remove_signature,self;digest;algorithm,0,cls": ["5.5.0b1", "5.5.0", "5.6.0", "5.6.1", "5.7.0"], "nbformat.sign.SQLiteSignatureStore,self;db_file,0": ["5.5.0b1", "5.5.0", "5.6.0", "5.6.1", "5.7.0"], "nbformat.sign.SQLiteSignatureStore.close,self,0,cls": ["5.5.0b1", "5.5.0", "5.6.0", "5.6.1", "5.7.0"], "nbformat.sign.SQLiteSignatureStore.init_db,self;db,0,cls": ["5.5.0b1", "5.5.0", "5.6.0", "5.6.1", "5.7.0"], "nbformat.sign.SQLiteSignatureStore.store_signature,self;digest;algorithm,0,cls": ["5.5.0b1", "5.5.0", "5.6.0", "5.6.1", "5.7.0"], "nbformat.sign.SQLiteSignatureStore.check_signature,self;digest;algorithm,0,cls": ["5.5.0b1", "5.5.0", "5.6.0", "5.6.1", "5.7.0"], "nbformat.sign.SQLiteSignatureStore.remove_signature,self;digest;algorithm,0,cls": ["5.5.0b1", "5.5.0", "5.6.0", "5.6.1", "5.7.0"], "nbformat.sign.SQLiteSignatureStore.cull_db,self,0,cls": ["5.5.0b1", "5.5.0", "5.6.0", "5.6.1", "5.7.0"], "nbformat.sign.yield_everything,obj,0,func": ["5.5.0b1", "5.5.0", "5.6.0", "5.6.1", "5.7.0"], "nbformat.sign.yield_code_cells,nb,0,func": ["5.5.0b1", "5.5.0", "5.6.0", "5.6.1", "5.7.0"], "nbformat.sign.signature_removed,nb,0,func": ["5.5.0b1", "5.5.0", "5.6.0", "5.6.1", "5.7.0"], "nbformat.sign.NotebookNotary,self,0": ["5.5.0b1", "5.5.0", "5.6.0", "5.6.1", "5.7.0"], "nbformat.sign.NotebookNotary.compute_signature,self;nb,0,cls": ["5.5.0b1", "5.5.0", "5.6.0", "5.6.1", "5.7.0"], "nbformat.sign.NotebookNotary.check_signature,self;nb,0,cls": ["5.5.0b1", "5.5.0", "5.6.0", "5.6.1", "5.7.0"], "nbformat.sign.NotebookNotary.sign,self;nb,0,cls": ["5.5.0b1", "5.5.0", "5.6.0", "5.6.1", "5.7.0"], "nbformat.sign.NotebookNotary.unsign,self;nb,0,cls": ["5.5.0b1", "5.5.0", "5.6.0", "5.6.1", "5.7.0"], "nbformat.sign.NotebookNotary.mark_cells,self;nb;trusted,0,cls": ["5.5.0b1", "5.5.0", "5.6.0", "5.6.1", "5.7.0"], "nbformat.sign.NotebookNotary.check_cells,self;nb,0,cls": ["5.5.0b1", "5.5.0", "5.6.0", "5.6.1", "5.7.0"], "nbformat.sign.TrustNotebookApp,,": ["5.5.0b1", "5.5.0", "5.6.0", "5.6.1", "5.7.0"], "nbformat.sign.TrustNotebookApp.sign_notebook_file,self;notebook_path,0,cls": ["5.5.0b1", "5.5.0", "5.6.0", "5.6.1", "5.7.0"], "nbformat.sign.TrustNotebookApp.sign_notebook,self;nb;notebook_path,1,cls": ["5.5.0b1", "5.5.0", "5.6.0", "5.6.1", "5.7.0"], "nbformat.sign.TrustNotebookApp.generate_new_key,self,0,cls": ["5.5.0b1", "5.5.0", "5.6.0", "5.6.1", "5.7.0"], "nbformat.sign.TrustNotebookApp.start,self,0,cls": ["5.5.0b1", "5.5.0", "5.6.0", "5.6.1", "5.7.0"], "nbformat.sentinel.Sentinel,self;name;module;docstring,1": ["5.5.0b1", "5.5.0", "5.6.0", "5.6.1", "5.7.0"], "nbformat.v1.convert.upgrade,nb;orig_version,1,func": ["5.5.0b1", "5.5.0", "5.6.0", "5.6.1", "5.7.0"], "nbformat.v1.rwbase.NotebookReader,,": ["5.5.0b1", "5.5.0", "5.6.0", "5.6.1", "5.7.0"], "nbformat.v1.rwbase.NotebookReader.reads,self;s,0,cls": ["5.5.0b1", "5.5.0", "5.6.0", "5.6.1", "5.7.0"], "nbformat.v1.rwbase.NotebookReader.read,self;fp,0,cls": ["5.5.0b1", "5.5.0", "5.6.0", "5.6.1", "5.7.0"], "nbformat.v1.rwbase.NotebookWriter,,": ["5.5.0b1", "5.5.0", "5.6.0", "5.6.1", "5.7.0"], "nbformat.v1.rwbase.NotebookWriter.writes,self;nb,0,cls": ["5.5.0b1", "5.5.0", "5.6.0", "5.6.1", "5.7.0"], "nbformat.v1.rwbase.NotebookWriter.write,self;nb;fp,0,cls": ["5.5.0b1", "5.5.0", "5.6.0", "5.6.1", "5.7.0"], "nbformat.v1.upgrade,nb;orig_version,1,func": ["5.5.0b1", "5.5.0", "5.6.0", "5.6.1", "5.7.0"], "nbformat.v1.NotebookNode,,": ["5.5.0b1", "5.5.0", "5.6.0", "5.6.1", "5.7.0"], "nbformat.v1.new_code_cell,code;prompt_number,2,func": ["5.5.0b1", "5.5.0", "5.6.0", "5.6.1", "5.7.0"], "nbformat.v1.new_notebook,cells,1,func": ["5.5.0b1", "5.5.0", "5.6.0", "5.6.1", "5.7.0"], "nbformat.v1.new_text_cell,text,1,func": ["5.5.0b1", "5.5.0", "5.6.0", "5.6.1", "5.7.0"], "nbformat.v1.nbbase.NotebookNode,,": ["5.5.0b1", "5.5.0", "5.6.0", "5.6.1", "5.7.0"], "nbformat.v1.nbbase.from_dict,d,0,func": ["5.5.0b1", "5.5.0", "5.6.0", "5.6.1", "5.7.0"], "nbformat.v1.nbbase.new_code_cell,code;prompt_number,2,func": ["5.5.0b1", "5.5.0", "5.6.0", "5.6.1", "5.7.0"], "nbformat.v1.nbbase.new_text_cell,text,1,func": ["5.5.0b1", "5.5.0", "5.6.0", "5.6.1", "5.7.0"], "nbformat.v1.nbbase.new_notebook,cells,1,func": ["5.5.0b1", "5.5.0", "5.6.0", "5.6.1", "5.7.0"], "nbformat.v1.nbjson.JSONReader,,": ["5.5.0b1", "5.5.0", "5.6.0", "5.6.1", "5.7.0"], "nbformat.v1.nbjson.JSONReader.reads,self;s,0,cls": ["5.5.0b1", "5.5.0", "5.6.0", "5.6.1", "5.7.0"], "nbformat.v1.nbjson.JSONReader.to_notebook,self;d,0,cls": ["5.5.0b1", "5.5.0", "5.6.0", "5.6.1", "5.7.0"], "nbformat.v1.nbjson.JSONWriter,,": ["5.5.0b1", "5.5.0", "5.6.0", "5.6.1", "5.7.0"], "nbformat.v1.nbjson.JSONWriter.writes,self;nb,0,cls": ["5.5.0b1", "5.5.0", "5.6.0", "5.6.1", "5.7.0"], "nbformat.v1.nbjson.from_dict,d,0,func": ["5.5.0b1", "5.5.0", "5.6.0", "5.6.1", "5.7.0"], "nbformat.v1.nbjson.NotebookReader,,": ["5.5.0b1", "5.5.0", "5.6.0", "5.6.1", "5.7.0"], "nbformat.v1.nbjson.NotebookReader.reads,self;s,0,cls": ["5.5.0b1", "5.5.0", "5.6.0", "5.6.1", "5.7.0"], "nbformat.v1.nbjson.NotebookReader.read,self;fp,0,cls": ["5.5.0b1", "5.5.0", "5.6.0", "5.6.1", "5.7.0"], "nbformat.v1.nbjson.NotebookWriter,,": ["5.5.0b1", "5.5.0", "5.6.0", "5.6.1", "5.7.0"], "nbformat.v1.nbjson.NotebookWriter.writes,self;nb,0,cls": ["5.5.0b1", "5.5.0", "5.6.0", "5.6.1", "5.7.0"], "nbformat.v1.nbjson.NotebookWriter.write,self;nb;fp,0,cls": ["5.5.0b1", "5.5.0", "5.6.0", "5.6.1", "5.7.0"], "nbformat.corpus.words.generate_corpus_id,,0,func": ["5.5.0b1", "5.5.0", "5.6.0", "5.6.1", "5.7.0"], "nbformat.v2.convert.upgrade,nb;from_version,1,func": ["5.5.0b1", "5.5.0", "5.6.0", "5.6.1", "5.7.0"], "nbformat.v2.convert.downgrade,nb,0,func": ["5.5.0b1", "5.5.0", "5.6.0", "5.6.1", "5.7.0"], "nbformat.v2.convert.new_code_cell,input;prompt_number;outputs;language;collapsed,5,func": ["5.5.0b1", "5.5.0", "5.6.0", "5.6.1", "5.7.0"], "nbformat.v2.convert.new_notebook,metadata;worksheets,2,func": ["5.5.0b1", "5.5.0", "5.6.0", "5.6.1", "5.7.0"], "nbformat.v2.convert.new_text_cell,cell_type;source;rendered,2,func": ["5.5.0b1", "5.5.0", "5.6.0", "5.6.1", "5.7.0"], "nbformat.v2.convert.new_worksheet,name;cells,2,func": ["5.5.0b1", "5.5.0", "5.6.0", "5.6.1", "5.7.0"], "nbformat.v2.rwbase.restore_bytes,nb,0,func": ["5.5.0b1", "5.5.0", "5.6.0", "5.6.1", "5.7.0"], "nbformat.v2.rwbase.rejoin_lines,nb,0,func": ["5.5.0b1", "5.5.0", "5.6.0", "5.6.1", "5.7.0"], "nbformat.v2.rwbase.split_lines,nb,0,func": ["5.5.0b1", "5.5.0", "5.6.0", "5.6.1", "5.7.0"], "nbformat.v2.rwbase.base64_decode,nb,0,func": ["5.5.0b1", "5.5.0", "5.6.0", "5.6.1", "5.7.0"], "nbformat.v2.rwbase.base64_encode,nb,0,func": ["5.5.0b1", "5.5.0", "5.6.0", "5.6.1", "5.7.0"], "nbformat.v2.rwbase.NotebookReader,,": ["5.5.0b1", "5.5.0", "5.6.0", "5.6.1", "5.7.0"], "nbformat.v2.rwbase.NotebookReader.reads,self;s,0,cls": ["5.5.0b1", "5.5.0", "5.6.0", "5.6.1", "5.7.0"], "nbformat.v2.rwbase.NotebookReader.read,self;fp,0,cls": ["5.5.0b1", "5.5.0", "5.6.0", "5.6.1", "5.7.0"], "nbformat.v2.rwbase.NotebookWriter,,": ["5.5.0b1", "5.5.0", "5.6.0", "5.6.1", "5.7.0"], "nbformat.v2.rwbase.NotebookWriter.writes,self;nb,0,cls": ["5.5.0b1", "5.5.0", "5.6.0", "5.6.1", "5.7.0"], "nbformat.v2.rwbase.NotebookWriter.write,self;nb;fp,0,cls": ["5.5.0b1", "5.5.0", "5.6.0", "5.6.1", "5.7.0"], "nbformat.v2.parse_filename,fname,0,func": ["5.5.0b1", "5.5.0", "5.6.0", "5.6.1", "5.7.0"], "nbformat.v2.downgrade,nb,0,func": ["5.5.0b1", "5.5.0", "5.6.0", "5.6.1", "5.7.0"], "nbformat.v2.upgrade,nb;from_version,1,func": ["5.5.0b1", "5.5.0", "5.6.0", "5.6.1", "5.7.0"], "nbformat.v2.NotebookNode,,": ["5.5.0b1", "5.5.0", "5.6.0", "5.6.1", "5.7.0"], "nbformat.v2.new_author,name;email;affiliation;url,4,func": ["5.5.0b1", "5.5.0", "5.6.0", "5.6.1", "5.7.0"], "nbformat.v2.new_code_cell,input;prompt_number;outputs;language;collapsed,5,func": ["5.5.0b1", "5.5.0", "5.6.0", "5.6.1", "5.7.0"], "nbformat.v2.new_metadata,name;authors;license;created;modified;gistid,6,func": ["5.5.0b1", "5.5.0", "5.6.0", "5.6.1", "5.7.0"], "nbformat.v2.new_notebook,metadata;worksheets,2,func": ["5.5.0b1", "5.5.0", "5.6.0", "5.6.1", "5.7.0"], "nbformat.v2.new_output,output_type;output_text;output_png;output_html;output_svg;output_latex;output_json;output_javascript;output_jpeg;prompt_number;etype;evalue;traceback,13,func": ["5.5.0b1", "5.5.0", "5.6.0", "5.6.1", "5.7.0"], "nbformat.v2.new_text_cell,cell_type;source;rendered,2,func": ["5.5.0b1", "5.5.0", "5.6.0", "5.6.1", "5.7.0"], "nbformat.v2.new_worksheet,name;cells,2,func": ["5.5.0b1", "5.5.0", "5.6.0", "5.6.1", "5.7.0"], "nbformat.v2.reads,s,0,func": ["5.5.0b1", "5.5.0", "5.6.0", "5.6.1", "5.7.0"], "nbformat.v2.to_notebook,root,0,func": ["5.5.0b1", "5.5.0", "5.6.0", "5.6.1", "5.7.0"], "nbformat.v2.nbbase.NotebookNode,,": ["5.5.0b1", "5.5.0", "5.6.0", "5.6.1", "5.7.0"], "nbformat.v2.nbbase.from_dict,d,0,func": ["5.5.0b1", "5.5.0", "5.6.0", "5.6.1", "5.7.0"], "nbformat.v2.nbbase.new_output,output_type;output_text;output_png;output_html;output_svg;output_latex;output_json;output_javascript;output_jpeg;prompt_number;etype;evalue;traceback,13,func": ["5.5.0b1", "5.5.0", "5.6.0", "5.6.1", "5.7.0"], "nbformat.v2.nbbase.new_code_cell,input;prompt_number;outputs;language;collapsed,5,func": ["5.5.0b1", "5.5.0", "5.6.0", "5.6.1", "5.7.0"], "nbformat.v2.nbbase.new_text_cell,cell_type;source;rendered,2,func": ["5.5.0b1", "5.5.0", "5.6.0", "5.6.1", "5.7.0"], "nbformat.v2.nbbase.new_worksheet,name;cells,2,func": ["5.5.0b1", "5.5.0", "5.6.0", "5.6.1", "5.7.0"], "nbformat.v2.nbbase.new_notebook,metadata;worksheets,2,func": ["5.5.0b1", "5.5.0", "5.6.0", "5.6.1", "5.7.0"], "nbformat.v2.nbbase.new_metadata,name;authors;license;created;modified;gistid,6,func": ["5.5.0b1", "5.5.0", "5.6.0", "5.6.1", "5.7.0"], "nbformat.v2.nbbase.new_author,name;email;affiliation;url,4,func": ["5.5.0b1", "5.5.0", "5.6.0", "5.6.1", "5.7.0"], "nbformat.v2.nbjson.BytesEncoder,,": ["5.5.0b1", "5.5.0", "5.6.0", "5.6.1", "5.7.0"], "nbformat.v2.nbjson.BytesEncoder.default,self;obj,0,cls": ["5.5.0b1", "5.5.0", "5.6.0", "5.6.1", "5.7.0"], "nbformat.v2.nbjson.JSONReader,,": ["5.5.0b1", "5.5.0", "5.6.0", "5.6.1", "5.7.0"], "nbformat.v2.nbjson.JSONReader.reads,self;s,0,cls": ["5.5.0b1", "5.5.0", "5.6.0", "5.6.1", "5.7.0"], "nbformat.v2.nbjson.JSONReader.to_notebook,self;d,0,cls": ["5.5.0b1", "5.5.0", "5.6.0", "5.6.1", "5.7.0"], "nbformat.v2.nbjson.JSONWriter,,": ["5.5.0b1", "5.5.0", "5.6.0", "5.6.1", "5.7.0"], "nbformat.v2.nbjson.JSONWriter.writes,self;nb,0,cls": ["5.5.0b1", "5.5.0", "5.6.0", "5.6.1", "5.7.0"], "nbformat.v2.nbjson.from_dict,d,0,func": ["5.5.0b1", "5.5.0", "5.6.0", "5.6.1", "5.7.0"], "nbformat.v2.nbjson.NotebookReader,,": ["5.5.0b1", "5.5.0", "5.6.0", "5.6.1", "5.7.0"], "nbformat.v2.nbjson.NotebookReader.reads,self;s,0,cls": ["5.5.0b1", "5.5.0", "5.6.0", "5.6.1", "5.7.0"], "nbformat.v2.nbjson.NotebookReader.read,self;fp,0,cls": ["5.5.0b1", "5.5.0", "5.6.0", "5.6.1", "5.7.0"], "nbformat.v2.nbjson.NotebookWriter,,": ["5.5.0b1", "5.5.0", "5.6.0", "5.6.1", "5.7.0"], "nbformat.v2.nbjson.NotebookWriter.writes,self;nb,0,cls": ["5.5.0b1", "5.5.0", "5.6.0", "5.6.1", "5.7.0"], "nbformat.v2.nbjson.NotebookWriter.write,self;nb;fp,0,cls": ["5.5.0b1", "5.5.0", "5.6.0", "5.6.1", "5.7.0"], "nbformat.v2.nbjson.rejoin_lines,nb,0,func": ["5.5.0b1", "5.5.0", "5.6.0", "5.6.1", "5.7.0"], "nbformat.v2.nbjson.restore_bytes,nb,0,func": ["5.5.0b1", "5.5.0", "5.6.0", "5.6.1", "5.7.0"], "nbformat.v2.nbjson.split_lines,nb,0,func": ["5.5.0b1", "5.5.0", "5.6.0", "5.6.1", "5.7.0"], "nbformat.v2.nbpy.PyReaderError,,": ["5.5.0b1", "5.5.0", "5.6.0", "5.6.1", "5.7.0"], "nbformat.v2.nbpy.PyReader,,": ["5.5.0b1", "5.5.0", "5.6.0", "5.6.1", "5.7.0"], "nbformat.v2.nbpy.PyReader.reads,self;s,0,cls": ["5.5.0b1", "5.5.0", "5.6.0", "5.6.1", "5.7.0"], "nbformat.v2.nbpy.PyReader.to_notebook,self;s,0,cls": ["5.5.0b1", "5.5.0", "5.6.0", "5.6.1", "5.7.0"], "nbformat.v2.nbpy.PyReader.new_cell,self;state;lines,0,cls": ["5.5.0b1", "5.5.0", "5.6.0", "5.6.1", "5.7.0"], "nbformat.v2.nbpy.PyReader.split_lines_into_blocks,self;lines,0,cls": ["5.5.0b1", "5.5.0", "5.6.0", "5.6.1", "5.7.0"], "nbformat.v2.nbpy.PyWriter,,": ["5.5.0b1", "5.5.0", "5.6.0", "5.6.1", "5.7.0"], "nbformat.v2.nbpy.PyWriter.writes,self;nb,0,cls": ["5.5.0b1", "5.5.0", "5.6.0", "5.6.1", "5.7.0"], "nbformat.v2.nbpy.new_code_cell,input;prompt_number;outputs;language;collapsed,5,func": ["5.5.0b1", "5.5.0", "5.6.0", "5.6.1", "5.7.0"], "nbformat.v2.nbpy.new_notebook,metadata;worksheets,2,func": ["5.5.0b1", "5.5.0", "5.6.0", "5.6.1", "5.7.0"], "nbformat.v2.nbpy.new_text_cell,cell_type;source;rendered,2,func": ["5.5.0b1", "5.5.0", "5.6.0", "5.6.1", "5.7.0"], "nbformat.v2.nbpy.new_worksheet,name;cells,2,func": ["5.5.0b1", "5.5.0", "5.6.0", "5.6.1", "5.7.0"], "nbformat.v2.nbpy.NotebookReader,,": ["5.5.0b1", "5.5.0", "5.6.0", "5.6.1", "5.7.0"], "nbformat.v2.nbpy.NotebookReader.reads,self;s,0,cls": ["5.5.0b1", "5.5.0", "5.6.0", "5.6.1", "5.7.0"], "nbformat.v2.nbpy.NotebookReader.read,self;fp,0,cls": ["5.5.0b1", "5.5.0", "5.6.0", "5.6.1", "5.7.0"], "nbformat.v2.nbpy.NotebookWriter,,": ["5.5.0b1", "5.5.0", "5.6.0", "5.6.1", "5.7.0"], "nbformat.v2.nbpy.NotebookWriter.writes,self;nb,0,cls": ["5.5.0b1", "5.5.0", "5.6.0", "5.6.1", "5.7.0"], "nbformat.v2.nbpy.NotebookWriter.write,self;nb;fp,0,cls": ["5.5.0b1", "5.5.0", "5.6.0", "5.6.1", "5.7.0"], "nbformat.v2.nbxml.reads,s,0,func": ["5.5.0b1", "5.5.0", "5.6.0", "5.6.1", "5.7.0"], "nbformat.v2.nbxml.read,fp,0,func": ["5.5.0b1", "5.5.0", "5.6.0", "5.6.1", "5.7.0"], "nbformat.v2.nbxml.to_notebook,root,0,func": ["5.5.0b1", "5.5.0", "5.6.0", "5.6.1", "5.7.0"], "nbformat.v4.convert.upgrade,nb;from_version;from_minor,2,func": ["5.5.0b1", "5.5.0", "5.6.0", "5.6.1", "5.7.0"], "nbformat.v4.convert.upgrade_cell,cell,0,func": ["5.5.0b1", "5.5.0", "5.6.0", "5.6.1", "5.7.0"], "nbformat.v4.convert.downgrade_cell,cell,0,func": ["5.5.0b1", "5.5.0", "5.6.0", "5.6.1", "5.7.0"], "nbformat.v4.convert.to_mime_key,d,0,func": ["5.5.0b1", "5.5.0", "5.6.0", "5.6.1", "5.7.0"], "nbformat.v4.convert.from_mime_key,d,0,func": ["5.5.0b1", "5.5.0", "5.6.0", "5.6.1", "5.7.0"], "nbformat.v4.convert.upgrade_output,output,0,func": ["5.5.0b1", "5.5.0", "5.6.0", "5.6.1", "5.7.0"], "nbformat.v4.convert.downgrade_output,output,0,func": ["5.5.0b1", "5.5.0", "5.6.0", "5.6.1", "5.7.0"], "nbformat.v4.convert.upgrade_outputs,outputs,0,func": ["5.5.0b1", "5.5.0", "5.6.0", "5.6.1", "5.7.0"], "nbformat.v4.convert.downgrade_outputs,outputs,0,func": ["5.5.0b1", "5.5.0", "5.6.0", "5.6.1", "5.7.0"], "nbformat.v4.convert.downgrade,nb,0,func": ["5.5.0b1", "5.5.0", "5.6.0", "5.6.1", "5.7.0"], "nbformat.v4.rwbase.rejoin_lines,nb,0,func": ["5.5.0b1", "5.5.0", "5.6.0", "5.6.1", "5.7.0"], "nbformat.v4.rwbase.split_lines,nb,0,func": ["5.5.0b1", "5.5.0", "5.6.0", "5.6.1", "5.7.0"], "nbformat.v4.rwbase.strip_transient,nb,0,func": ["5.5.0b1", "5.5.0", "5.6.0", "5.6.1", "5.7.0"], "nbformat.v4.rwbase.NotebookReader,,": ["5.5.0b1", "5.5.0", "5.6.0", "5.6.1", "5.7.0"], "nbformat.v4.rwbase.NotebookReader.reads,self;s,0,cls": ["5.5.0b1", "5.5.0", "5.6.0", "5.6.1", "5.7.0"], "nbformat.v4.rwbase.NotebookReader.read,self;fp,0,cls": ["5.5.0b1", "5.5.0", "5.6.0", "5.6.1", "5.7.0"], "nbformat.v4.rwbase.NotebookWriter,,": ["5.5.0b1", "5.5.0", "5.6.0", "5.6.1", "5.7.0"], "nbformat.v4.rwbase.NotebookWriter.writes,self;nb,0,cls": ["5.5.0b1", "5.5.0", "5.6.0", "5.6.1", "5.7.0"], "nbformat.v4.rwbase.NotebookWriter.write,self;nb;fp,0,cls": ["5.5.0b1", "5.5.0", "5.6.0", "5.6.1", "5.7.0"], "nbformat.v4.new_code_cell,source,1,func": ["5.5.0b1", "5.5.0", "5.6.0", "5.6.1", "5.7.0"], "nbformat.v4.new_markdown_cell,source,1,func": ["5.5.0b1", "5.5.0", "5.6.0", "5.6.1", "5.7.0"], "nbformat.v4.new_notebook,,0,func": ["5.5.0b1", "5.5.0", "5.6.0", "5.6.1", "5.7.0"], "nbformat.v4.new_output,output_type;data,1,func": ["5.5.0b1", "5.5.0", "5.6.0", "5.6.1", "5.7.0"], "nbformat.v4.new_raw_cell,source,1,func": ["5.5.0b1", "5.5.0", "5.6.0", "5.6.1", "5.7.0"], "nbformat.v4.output_from_msg,msg,0,func": ["5.5.0b1", "5.5.0", "5.6.0", "5.6.1", "5.7.0"], "nbformat.v4.downgrade,nb,0,func": ["5.5.0b1", "5.5.0", "5.6.0", "5.6.1", "5.7.0"], "nbformat.v4.upgrade,nb;from_version;from_minor,2,func": ["5.5.0b1", "5.5.0", "5.6.0", "5.6.1", "5.7.0"], "nbformat.v4.nbbase.validate,node;ref,1,func": ["5.5.0b1", "5.5.0", "5.6.0", "5.6.1", "5.7.0"], "nbformat.v4.nbbase.new_output,output_type;data,1,func": ["5.5.0b1", "5.5.0", "5.6.0", "5.6.1", "5.7.0"], "nbformat.v4.nbbase.output_from_msg,msg,0,func": ["5.5.0b1", "5.5.0", "5.6.0", "5.6.1", "5.7.0"], "nbformat.v4.nbbase.new_code_cell,source,1,func": ["5.5.0b1", "5.5.0", "5.6.0", "5.6.1", "5.7.0"], "nbformat.v4.nbbase.new_markdown_cell,source,1,func": ["5.5.0b1", "5.5.0", "5.6.0", "5.6.1", "5.7.0"], "nbformat.v4.nbbase.new_raw_cell,source,1,func": ["5.5.0b1", "5.5.0", "5.6.0", "5.6.1", "5.7.0"], "nbformat.v4.nbbase.new_notebook,,0,func": ["5.5.0b1", "5.5.0", "5.6.0", "5.6.1", "5.7.0"], "nbformat.v4.nbjson.BytesEncoder,,": ["5.5.0b1", "5.5.0", "5.6.0", "5.6.1", "5.7.0"], "nbformat.v4.nbjson.BytesEncoder.default,self;obj,0,cls": ["5.5.0b1", "5.5.0", "5.6.0", "5.6.1", "5.7.0"], "nbformat.v4.nbjson.JSONReader,,": ["5.5.0b1", "5.5.0", "5.6.0", "5.6.1", "5.7.0"], "nbformat.v4.nbjson.JSONReader.reads,self;s,0,cls": ["5.5.0b1", "5.5.0", "5.6.0", "5.6.1", "5.7.0"], "nbformat.v4.nbjson.JSONReader.to_notebook,self;d,0,cls": ["5.5.0b1", "5.5.0", "5.6.0", "5.6.1", "5.7.0"], "nbformat.v4.nbjson.JSONWriter,,": ["5.5.0b1", "5.5.0", "5.6.0", "5.6.1", "5.7.0"], "nbformat.v4.nbjson.JSONWriter.writes,self;nb,0,cls": ["5.5.0b1", "5.5.0", "5.6.0", "5.6.1", "5.7.0"], "nbformat.v4.nbjson.NotebookReader,,": ["5.5.0b1", "5.5.0", "5.6.0", "5.6.1", "5.7.0"], "nbformat.v4.nbjson.NotebookReader.reads,self;s,0,cls": ["5.5.0b1", "5.5.0", "5.6.0", "5.6.1", "5.7.0"], "nbformat.v4.nbjson.NotebookReader.read,self;fp,0,cls": ["5.5.0b1", "5.5.0", "5.6.0", "5.6.1", "5.7.0"], "nbformat.v4.nbjson.NotebookWriter,,": ["5.5.0b1", "5.5.0", "5.6.0", "5.6.1", "5.7.0"], "nbformat.v4.nbjson.NotebookWriter.writes,self;nb,0,cls": ["5.5.0b1", "5.5.0", "5.6.0", "5.6.1", "5.7.0"], "nbformat.v4.nbjson.NotebookWriter.write,self;nb;fp,0,cls": ["5.5.0b1", "5.5.0", "5.6.0", "5.6.1", "5.7.0"], "nbformat.v4.nbjson.rejoin_lines,nb,0,func": ["5.5.0b1", "5.5.0", "5.6.0", "5.6.1", "5.7.0"], "nbformat.v4.nbjson.split_lines,nb,0,func": ["5.5.0b1", "5.5.0", "5.6.0", "5.6.1", "5.7.0"], "nbformat.v4.nbjson.strip_transient,nb,0,func": ["5.5.0b1", "5.5.0", "5.6.0", "5.6.1", "5.7.0"], "nbformat.v3.convert.upgrade,nb;from_version;from_minor,2,func": ["5.5.0b1", "5.5.0", "5.6.0", "5.6.1", "5.7.0"], "nbformat.v3.convert.heading_to_md,cell,0,func": ["5.5.0b1", "5.5.0", "5.6.0", "5.6.1", "5.7.0"], "nbformat.v3.convert.raw_to_md,cell,0,func": ["5.5.0b1", "5.5.0", "5.6.0", "5.6.1", "5.7.0"], "nbformat.v3.convert.downgrade,nb,0,func": ["5.5.0b1", "5.5.0", "5.6.0", "5.6.1", "5.7.0"], "nbformat.v3.rwbase.restore_bytes,nb,0,func": ["5.5.0b1", "5.5.0", "5.6.0", "5.6.1", "5.7.0"], "nbformat.v3.rwbase.rejoin_lines,nb,0,func": ["5.5.0b1", "5.5.0", "5.6.0", "5.6.1", "5.7.0"], "nbformat.v3.rwbase.split_lines,nb,0,func": ["5.5.0b1", "5.5.0", "5.6.0", "5.6.1", "5.7.0"], "nbformat.v3.rwbase.base64_decode,nb,0,func": ["5.5.0b1", "5.5.0", "5.6.0", "5.6.1", "5.7.0"], "nbformat.v3.rwbase.base64_encode,nb,0,func": ["5.5.0b1", "5.5.0", "5.6.0", "5.6.1", "5.7.0"], "nbformat.v3.rwbase.strip_transient,nb,0,func": ["5.5.0b1", "5.5.0", "5.6.0", "5.6.1", "5.7.0"], "nbformat.v3.rwbase.NotebookReader,,": ["5.5.0b1", "5.5.0", "5.6.0", "5.6.1", "5.7.0"], "nbformat.v3.rwbase.NotebookReader.reads,self;s,0,cls": ["5.5.0b1", "5.5.0", "5.6.0", "5.6.1", "5.7.0"], "nbformat.v3.rwbase.NotebookReader.read,self;fp,0,cls": ["5.5.0b1", "5.5.0", "5.6.0", "5.6.1", "5.7.0"], "nbformat.v3.rwbase.NotebookWriter,,": ["5.5.0b1", "5.5.0", "5.6.0", "5.6.1", "5.7.0"], "nbformat.v3.rwbase.NotebookWriter.writes,self;nb,0,cls": ["5.5.0b1", "5.5.0", "5.6.0", "5.6.1", "5.7.0"], "nbformat.v3.rwbase.NotebookWriter.write,self;nb;fp,0,cls": ["5.5.0b1", "5.5.0", "5.6.0", "5.6.1", "5.7.0"], "nbformat.v3.parse_filename,fname,0,func": ["5.5.0b1", "5.5.0", "5.6.0", "5.6.1", "5.7.0"], "nbformat.v3.downgrade,nb,0,func": ["5.5.0b1", "5.5.0", "5.6.0", "5.6.1", "5.7.0"], "nbformat.v3.upgrade,nb;from_version;from_minor,2,func": ["5.5.0b1", "5.5.0", "5.6.0", "5.6.1", "5.7.0"], "nbformat.v3.NotebookNode,,": ["5.5.0b1", "5.5.0", "5.6.0", "5.6.1", "5.7.0"], "nbformat.v3.new_author,name;email;affiliation;url,4,func": ["5.5.0b1", "5.5.0", "5.6.0", "5.6.1", "5.7.0"], "nbformat.v3.new_code_cell,input;prompt_number;outputs;language;collapsed;metadata,6,func": ["5.5.0b1", "5.5.0", "5.6.0", "5.6.1", "5.7.0"], "nbformat.v3.new_heading_cell,source;level;rendered;metadata,4,func": ["5.5.0b1", "5.5.0", "5.6.0", "5.6.1", "5.7.0"], "nbformat.v3.new_metadata,name;authors;license;created;modified;gistid,6,func": ["5.5.0b1", "5.5.0", "5.6.0", "5.6.1", "5.7.0"], "nbformat.v3.new_notebook,name;metadata;worksheets,3,func": ["5.5.0b1", "5.5.0", "5.6.0", "5.6.1", "5.7.0"], "nbformat.v3.new_output,output_type;output_text;output_png;output_html;output_svg;output_latex;output_json;output_javascript;output_jpeg;prompt_number;ename;evalue;traceback;stream;metadata,14,func": ["5.5.0b1", "5.5.0", "5.6.0", "5.6.1", "5.7.0"], "nbformat.v3.new_text_cell,cell_type;source;rendered;metadata,3,func": ["5.5.0b1", "5.5.0", "5.6.0", "5.6.1", "5.7.0"], "nbformat.v3.new_worksheet,name;cells;metadata,3,func": ["5.5.0b1", "5.5.0", "5.6.0", "5.6.1", "5.7.0"], "nbformat.v3.nbbase.NotebookNode,,": ["5.5.0b1", "5.5.0", "5.6.0", "5.6.1", "5.7.0"], "nbformat.v3.nbbase.from_dict,d,0,func": ["5.5.0b1", "5.5.0", "5.6.0", "5.6.1", "5.7.0"], "nbformat.v3.nbbase.str_passthrough,obj,0,func": ["5.5.0b1", "5.5.0", "5.6.0", "5.6.1", "5.7.0"], "nbformat.v3.nbbase.cast_str,obj,0,func": ["5.5.0b1", "5.5.0", "5.6.0", "5.6.1", "5.7.0"], "nbformat.v3.nbbase.new_output,output_type;output_text;output_png;output_html;output_svg;output_latex;output_json;output_javascript;output_jpeg;prompt_number;ename;evalue;traceback;stream;metadata,14,func": ["5.5.0b1", "5.5.0", "5.6.0", "5.6.1", "5.7.0"], "nbformat.v3.nbbase.new_code_cell,input;prompt_number;outputs;language;collapsed;metadata,6,func": ["5.5.0b1", "5.5.0", "5.6.0", "5.6.1", "5.7.0"], "nbformat.v3.nbbase.new_text_cell,cell_type;source;rendered;metadata,3,func": ["5.5.0b1", "5.5.0", "5.6.0", "5.6.1", "5.7.0"], "nbformat.v3.nbbase.new_heading_cell,source;level;rendered;metadata,4,func": ["5.5.0b1", "5.5.0", "5.6.0", "5.6.1", "5.7.0"], "nbformat.v3.nbbase.new_worksheet,name;cells;metadata,3,func": ["5.5.0b1", "5.5.0", "5.6.0", "5.6.1", "5.7.0"], "nbformat.v3.nbbase.new_notebook,name;metadata;worksheets,3,func": ["5.5.0b1", "5.5.0", "5.6.0", "5.6.1", "5.7.0"], "nbformat.v3.nbbase.new_metadata,name;authors;license;created;modified;gistid,6,func": ["5.5.0b1", "5.5.0", "5.6.0", "5.6.1", "5.7.0"], "nbformat.v3.nbbase.new_author,name;email;affiliation;url,4,func": ["5.5.0b1", "5.5.0", "5.6.0", "5.6.1", "5.7.0"], "nbformat.v3.nbjson.BytesEncoder,,": ["5.5.0b1", "5.5.0", "5.6.0", "5.6.1", "5.7.0"], "nbformat.v3.nbjson.BytesEncoder.default,self;obj,0,cls": ["5.5.0b1", "5.5.0", "5.6.0", "5.6.1", "5.7.0"], "nbformat.v3.nbjson.JSONReader,,": ["5.5.0b1", "5.5.0", "5.6.0", "5.6.1", "5.7.0"], "nbformat.v3.nbjson.JSONReader.reads,self;s,0,cls": ["5.5.0b1", "5.5.0", "5.6.0", "5.6.1", "5.7.0"], "nbformat.v3.nbjson.JSONReader.to_notebook,self;d,0,cls": ["5.5.0b1", "5.5.0", "5.6.0", "5.6.1", "5.7.0"], "nbformat.v3.nbjson.JSONWriter,,": ["5.5.0b1", "5.5.0", "5.6.0", "5.6.1", "5.7.0"], "nbformat.v3.nbjson.JSONWriter.writes,self;nb,0,cls": ["5.5.0b1", "5.5.0", "5.6.0", "5.6.1", "5.7.0"], "nbformat.v3.nbjson.from_dict,d,0,func": ["5.5.0b1", "5.5.0", "5.6.0", "5.6.1", "5.7.0"], "nbformat.v3.nbjson.NotebookReader,,": ["5.5.0b1", "5.5.0", "5.6.0", "5.6.1", "5.7.0"], "nbformat.v3.nbjson.NotebookReader.reads,self;s,0,cls": ["5.5.0b1", "5.5.0", "5.6.0", "5.6.1", "5.7.0"], "nbformat.v3.nbjson.NotebookReader.read,self;fp,0,cls": ["5.5.0b1", "5.5.0", "5.6.0", "5.6.1", "5.7.0"], "nbformat.v3.nbjson.NotebookWriter,,": ["5.5.0b1", "5.5.0", "5.6.0", "5.6.1", "5.7.0"], "nbformat.v3.nbjson.NotebookWriter.writes,self;nb,0,cls": ["5.5.0b1", "5.5.0", "5.6.0", "5.6.1", "5.7.0"], "nbformat.v3.nbjson.NotebookWriter.write,self;nb;fp,0,cls": ["5.5.0b1", "5.5.0", "5.6.0", "5.6.1", "5.7.0"], "nbformat.v3.nbjson.rejoin_lines,nb,0,func": ["5.5.0b1", "5.5.0", "5.6.0", "5.6.1", "5.7.0"], "nbformat.v3.nbjson.split_lines,nb,0,func": ["5.5.0b1", "5.5.0", "5.6.0", "5.6.1", "5.7.0"], "nbformat.v3.nbjson.strip_transient,nb,0,func": ["5.5.0b1", "5.5.0", "5.6.0", "5.6.1", "5.7.0"], "nbformat.v3.nbpy.PyReaderError,,": ["5.5.0b1", "5.5.0", "5.6.0", "5.6.1", "5.7.0"], "nbformat.v3.nbpy.PyReader,,": ["5.5.0b1", "5.5.0", "5.6.0", "5.6.1", "5.7.0"], "nbformat.v3.nbpy.PyReader.reads,self;s,0,cls": ["5.5.0b1", "5.5.0", "5.6.0", "5.6.1", "5.7.0"], "nbformat.v3.nbpy.PyReader.to_notebook,self;s,0,cls": ["5.5.0b1", "5.5.0", "5.6.0", "5.6.1", "5.7.0"], "nbformat.v3.nbpy.PyReader.new_cell,self;state;lines,0,cls": ["5.5.0b1", "5.5.0", "5.6.0", "5.6.1", "5.7.0"], "nbformat.v3.nbpy.PyReader.split_lines_into_blocks,self;lines,0,cls": ["5.5.0b1", "5.5.0", "5.6.0", "5.6.1", "5.7.0"], "nbformat.v3.nbpy.PyWriter,,": ["5.5.0b1", "5.5.0", "5.6.0", "5.6.1", "5.7.0"], "nbformat.v3.nbpy.PyWriter.writes,self;nb,0,cls": ["5.5.0b1", "5.5.0", "5.6.0", "5.6.1", "5.7.0"], "nbformat.v3.nbpy.new_code_cell,input;prompt_number;outputs;language;collapsed;metadata,6,func": ["5.5.0b1", "5.5.0", "5.6.0", "5.6.1", "5.7.0"], "nbformat.v3.nbpy.new_heading_cell,source;level;rendered;metadata,4,func": ["5.5.0b1", "5.5.0", "5.6.0", "5.6.1", "5.7.0"], "nbformat.v3.nbpy.new_notebook,name;metadata;worksheets,3,func": ["5.5.0b1", "5.5.0", "5.6.0", "5.6.1", "5.7.0"], "nbformat.v3.nbpy.new_text_cell,cell_type;source;rendered;metadata,3,func": ["5.5.0b1", "5.5.0", "5.6.0", "5.6.1", "5.7.0"], "nbformat.v3.nbpy.new_worksheet,name;cells;metadata,3,func": ["5.5.0b1", "5.5.0", "5.6.0", "5.6.1", "5.7.0"], "nbformat.v3.nbpy.NotebookReader,,": ["5.5.0b1", "5.5.0", "5.6.0", "5.6.1", "5.7.0"], "nbformat.v3.nbpy.NotebookReader.reads,self;s,0,cls": ["5.5.0b1", "5.5.0", "5.6.0", "5.6.1", "5.7.0"], "nbformat.v3.nbpy.NotebookReader.read,self;fp,0,cls": ["5.5.0b1", "5.5.0", "5.6.0", "5.6.1", "5.7.0"], "nbformat.v3.nbpy.NotebookWriter,,": ["5.5.0b1", "5.5.0", "5.6.0", "5.6.1", "5.7.0"], "nbformat.v3.nbpy.NotebookWriter.writes,self;nb,0,cls": ["5.5.0b1", "5.5.0", "5.6.0", "5.6.1", "5.7.0"], "nbformat.v3.nbpy.NotebookWriter.write,self;nb;fp,0,cls": ["5.5.0b1", "5.5.0", "5.6.0", "5.6.1", "5.7.0"]}, "version": ["0.0.0", "4.0.0", "4.0.1", "4.1.0", "4.2.0", "4.3.0", "4.4.0", "5.0.2", "5.0.3", "5.0.4", "5.0.5", "5.0.6", "5.0.7", "5.0.8", "5.0.9b0", "5.0.9b1", "5.1.0", "5.1.1", "5.1.2", "5.1.3", "5.2.0", "5.3.0b0", "5.3.0", "5.4.0", "5.5.0b1", "5.5.0", "5.6.0", "5.6.1", "5.7.0"]}