{"module": ["pkgmt/0.0.10/tmp/pkgmt"], "API": {"pkgmt.versioneer.replace_in_file,path_to_file;original;replacement,0,func": ["0.0.1", "0.0.2", "0.0.3", "0.0.4", "0.0.5", "0.0.6", "0.0.7", "0.0.8", "0.0.9", "0.0.10"], "pkgmt.versioneer.call,,0,func": ["0.0.1", "0.0.2", "0.0.3", "0.0.4", "0.0.5", "0.0.6", "0.0.7", "0.0.8", "0.0.9", "0.0.10"], "pkgmt.versioneer.delete_dirs,,0,func": ["0.0.1", "0.0.2", "0.0.3", "0.0.4", "0.0.5", "0.0.6", "0.0.7", "0.0.8", "0.0.9", "0.0.10"], "pkgmt.versioneer.input_str,prompt;default,0,func": ["0.0.1", "0.0.2", "0.0.3", "0.0.4", "0.0.5", "0.0.6", "0.0.7", "0.0.8", "0.0.9", "0.0.10"], "pkgmt.versioneer.input_confirm,prompt;abort,0,func": ["0.0.1", "0.0.2", "0.0.3", "0.0.4", "0.0.5", "0.0.6", "0.0.7", "0.0.8", "0.0.9", "0.0.10"], "pkgmt.versioneer.Versioner,self;project_root,1": ["0.0.1", "0.0.2", "0.0.3", "0.0.4", "0.0.5", "0.0.6"], "pkgmt.versioneer.Versioner.current_version,self,0,cls": ["0.0.1", "0.0.2", "0.0.3", "0.0.4", "0.0.5", "0.0.6"], "pkgmt.versioneer.Versioner.release_version,self,0,cls": ["0.0.1", "0.0.2", "0.0.3", "0.0.4", "0.0.5", "0.0.6"], "pkgmt.versioneer.Versioner.bump_up_version,self,0,cls": ["0.0.1", "0.0.2", "0.0.3", "0.0.4", "0.0.5", "0.0.6"], "pkgmt.versioneer.Versioner.commit_version,self;new_version;msg_template;tag,1,cls": ["0.0.1", "0.0.2", "0.0.3", "0.0.4", "0.0.5", "0.0.6"], "pkgmt.versioneer.Versioner.update_changelog_release,self;new_version,0,cls": ["0.0.1", "0.0.2", "0.0.3", "0.0.4", "0.0.5", "0.0.6"], "pkgmt.versioneer.Versioner.add_changelog_new_dev_section,self;dev_version,0,cls": ["0.0.1", "0.0.2", "0.0.3", "0.0.4", "0.0.5", "0.0.6"], "pkgmt.versioneer.make_header,content;path;add_date,1,func": ["0.0.1", "0.0.2", "0.0.3", "0.0.4", "0.0.5", "0.0.6"], "pkgmt.versioneer.version,project_root;tag,2,func": ["0.0.1", "0.0.2", "0.0.3", "0.0.4", "0.0.5", "0.0.6"], "pkgmt.versioneer.upload,tag;production,0,func": ["0.0.1", "0.0.2", "0.0.3", "0.0.4", "0.0.5", "0.0.6", "0.0.7", "0.0.8", "0.0.9", "0.0.10"], "pkgmt.config.load,,0,func": ["0.0.2", "0.0.3", "0.0.4", "0.0.5", "0.0.6", "0.0.7", "0.0.8", "0.0.9", "0.0.10"], "pkgmt.changelog.expand_github_from_changelog,,0,func": ["0.0.2"], "pkgmt.versioneer.is_pre_release,version,0,func": ["0.0.2", "0.0.3", "0.0.4", "0.0.5", "0.0.6", "0.0.7", "0.0.8", "0.0.9", "0.0.10"], "pkgmt.changelog.expand_github_from_changelog,path,1,func": ["0.0.3", "0.0.4", "0.0.5", "0.0.6", "0.0.7", "0.0.8", "0.0.9", "0.0.10"], "pkgmt.versioneer.expand_github_from_changelog,path,1,func": ["0.0.3", "0.0.4", "0.0.5", "0.0.6", "0.0.7", "0.0.8", "0.0.9", "0.0.10"], "pkgmt.links.find_broken_in_files,extensions;ignore_substrings;verbose,2,func": ["0.0.4", "0.0.5", "0.0.6", "0.0.7", "0.0.8", "0.0.9", "0.0.10"], "pkgmt.links.find_broken_in_text,text;ignore_substrings,1,func": ["0.0.4", "0.0.5", "0.0.6", "0.0.7", "0.0.8", "0.0.9", "0.0.10"], "pkgmt.cli.cli,,0,func": ["0.0.4", "0.0.5", "0.0.6", "0.0.7", "0.0.8", "0.0.9", "0.0.10"], "pkgmt.cli.check_links,,0,func": ["0.0.4", "0.0.5", "0.0.6", "0.0.7", "0.0.8", "0.0.9", "0.0.10"], "pkgmt.versioneer.validate_version_string,version,0,func": ["0.0.5", "0.0.6", "0.0.7", "0.0.8", "0.0.9", "0.0.10"], "pkgmt.cli.new,name,0,func": ["0.0.6", "0.0.7", "0.0.8", "0.0.9", "0.0.10"], "pkgmt.new.render_inplace,path,0,func": ["0.0.6", "0.0.7", "0.0.8", "0.0.9", "0.0.10"], "pkgmt.new.package,name,0,func": ["0.0.6", "0.0.7", "0.0.8", "0.0.9", "0.0.10"], "pkgmt.assets.template.tasks.setup,c;version,1,func": ["0.0.6", "0.0.7", "0.0.8", "0.0.9", "0.0.10"], "pkgmt.assets.template.tasks.new,c,0,func": ["0.0.6", "0.0.7", "0.0.8", "0.0.9", "0.0.10"], "pkgmt.assets.template.tasks.upload,c;tag;production,1,func": ["0.0.6", "0.0.7", "0.0.8", "0.0.9", "0.0.10"], "pkgmt.versioneer.version,project_root;tag;version_package,3,func": ["0.0.7", "0.0.8", "0.0.9", "0.0.10"], "pkgmt.versioner.abstractversioner.replace_in_file,path_to_file;original;replacement,0,func": ["0.0.7", "0.0.8", "0.0.9", "0.0.10"], "pkgmt.versioner.abstractversioner.call,,0,func": ["0.0.7", "0.0.8", "0.0.9", "0.0.10"], "pkgmt.versioner.abstractversioner.make_header,content;path;add_date,1,func": ["0.0.7", "0.0.8", "0.0.9", "0.0.10"], "pkgmt.versioner.abstractversioner.AbstractVersioner,self;project_root,1": ["0.0.7", "0.0.8", "0.0.9", "0.0.10"], "pkgmt.versioner.abstractversioner.AbstractVersioner.current_version,self,0,cls": ["0.0.7", "0.0.8", "0.0.9", "0.0.10"], "pkgmt.versioner.abstractversioner.AbstractVersioner.release_version,self,0,cls": ["0.0.7", "0.0.8", "0.0.9", "0.0.10"], "pkgmt.versioner.abstractversioner.AbstractVersioner.bump_up_version,self,0,cls": ["0.0.7", "0.0.8", "0.0.9", "0.0.10"], "pkgmt.versioner.abstractversioner.AbstractVersioner.commit_version,self;new_version;msg_template;tag,1,cls": ["0.0.7", "0.0.8", "0.0.9", "0.0.10"], "pkgmt.versioner.abstractversioner.AbstractVersioner.update_changelog_release,self;new_version,0,cls": ["0.0.7", "0.0.8", "0.0.9", "0.0.10"], "pkgmt.versioner.abstractversioner.AbstractVersioner.add_changelog_new_dev_section,self;dev_version,0,cls": ["0.0.7", "0.0.8", "0.0.9", "0.0.10"], "pkgmt.versioner.abstractversioner.AbstractVersioner.find_package,self,0,cls": ["0.0.7", "0.0.8", "0.0.9", "0.0.10"], "pkgmt.versioner.abstractversioner.AbstractVersioner.version_file,self,0,cls": ["0.0.7", "0.0.8", "0.0.9", "0.0.10"], "pkgmt.versioner.versionersetup.VersionerSetup,,": ["0.0.7", "0.0.8", "0.0.9", "0.0.10"], "pkgmt.versioner.versionersetup.VersionerSetup.find_package,self,0,cls": ["0.0.7", "0.0.8", "0.0.9", "0.0.10"], "pkgmt.versioner.versionersetup.VersionerSetup.version_file,self,0,cls": ["0.0.7", "0.0.8", "0.0.9", "0.0.10"], "pkgmt.versioner.versionersetup.AbstractVersioner,self;project_root,1": ["0.0.7", "0.0.8", "0.0.9", "0.0.10"], "pkgmt.versioner.versionersetup.AbstractVersioner.current_version,self,0,cls": ["0.0.7", "0.0.8", "0.0.9", "0.0.10"], "pkgmt.versioner.versionersetup.AbstractVersioner.release_version,self,0,cls": ["0.0.7", "0.0.8", "0.0.9", "0.0.10"], "pkgmt.versioner.versionersetup.AbstractVersioner.bump_up_version,self,0,cls": ["0.0.7", "0.0.8", "0.0.9", "0.0.10"], "pkgmt.versioner.versionersetup.AbstractVersioner.commit_version,self;new_version;msg_template;tag,1,cls": ["0.0.7", "0.0.8", "0.0.9", "0.0.10"], "pkgmt.versioner.versionersetup.AbstractVersioner.update_changelog_release,self;new_version,0,cls": ["0.0.7", "0.0.8", "0.0.9", "0.0.10"], "pkgmt.versioner.versionersetup.AbstractVersioner.add_changelog_new_dev_section,self;dev_version,0,cls": ["0.0.7", "0.0.8", "0.0.9", "0.0.10"], "pkgmt.versioner.versionersetup.AbstractVersioner.find_package,self,0,cls": ["0.0.7", "0.0.8", "0.0.9", "0.0.10"], "pkgmt.versioner.versionersetup.AbstractVersioner.version_file,self,0,cls": ["0.0.7", "0.0.8", "0.0.9", "0.0.10"], "pkgmt.versioner.versionernonsetup.VersionerNonSetup,self;version_package;project_root,1": ["0.0.7", "0.0.8", "0.0.9", "0.0.10"], "pkgmt.versioner.versionernonsetup.VersionerNonSetup.find_package,self,0,cls": ["0.0.7", "0.0.8", "0.0.9", "0.0.10"], "pkgmt.versioner.versionernonsetup.VersionerNonSetup.version_file,self,0,cls": ["0.0.7", "0.0.8", "0.0.9", "0.0.10"], "pkgmt.versioner.versionernonsetup.AbstractVersioner,self;project_root,1": ["0.0.7", "0.0.8", "0.0.9", "0.0.10"], "pkgmt.versioner.versionernonsetup.AbstractVersioner.current_version,self,0,cls": ["0.0.7", "0.0.8", "0.0.9", "0.0.10"], "pkgmt.versioner.versionernonsetup.AbstractVersioner.release_version,self,0,cls": ["0.0.7", "0.0.8", "0.0.9", "0.0.10"], "pkgmt.versioner.versionernonsetup.AbstractVersioner.bump_up_version,self,0,cls": ["0.0.7", "0.0.8", "0.0.9", "0.0.10"], "pkgmt.versioner.versionernonsetup.AbstractVersioner.commit_version,self;new_version;msg_template;tag,1,cls": ["0.0.7", "0.0.8", "0.0.9", "0.0.10"], "pkgmt.versioner.versionernonsetup.AbstractVersioner.update_changelog_release,self;new_version,0,cls": ["0.0.7", "0.0.8", "0.0.9", "0.0.10"], "pkgmt.versioner.versionernonsetup.AbstractVersioner.add_changelog_new_dev_section,self;dev_version,0,cls": ["0.0.7", "0.0.8", "0.0.9", "0.0.10"], "pkgmt.versioner.versionernonsetup.AbstractVersioner.find_package,self,0,cls": ["0.0.7", "0.0.8", "0.0.9", "0.0.10"], "pkgmt.versioner.versionernonsetup.AbstractVersioner.version_file,self,0,cls": ["0.0.7", "0.0.8", "0.0.9", "0.0.10"], "pkgmt.test.markdown,filename;inplace,1,func": ["0.0.9", "0.0.10"], "pkgmt.test.chdir,directory,0,func": ["0.0.9", "0.0.10"], "pkgmt.cli.test_md,file;inplace,0,func": ["0.0.9", "0.0.10"]}, "version": ["0.0.1", "0.0.2", "0.0.3", "0.0.4", "0.0.5", "0.0.6", "0.0.7", "0.0.8", "0.0.9", "0.0.10"]}