{"module": ["ploomber-scaffold/0.3.1/tmp/ploomber_scaffold"], "API": {"ploomber_scaffold.scaffold.copy_template,path,0,func": ["0.1", "0.1.1", "0.1.2", "0.1.3"], "ploomber_scaffold.scaffold.is_valid_package_name,package_name,0,func": ["0.1", "0.1.1", "0.1.2", "0.1.3", "0.2", "0.2.1", "0.2.2", "0.2.3", "0.2.4", "0.2.5", "0.2.6", "0.3", "0.3.1"], "ploomber_scaffold.scaffold.last_part,project_path,0,func": ["0.1", "0.1.1", "0.1.2", "0.1.3", "0.2", "0.2.1", "0.2.2", "0.2.3", "0.2.4", "0.2.5", "0.2.6", "0.3", "0.3.1"], "ploomber_scaffold.scaffold.render_template,path;package_name,0,func": ["0.1", "0.1.1", "0.1.2", "0.1.3", "0.2", "0.2.1", "0.2.2", "0.2.3", "0.2.4", "0.2.5", "0.2.6", "0.3", "0.3.1"], "ploomber_scaffold.scaffold.cli,project_path,0,func": ["0.1", "0.1.1", "0.1.2", "0.1.3"], "ploomber_scaffold.template.tasks.setup,c,0,func": ["0.1", "0.1.1", "0.1.2", "0.1.3"], "ploomber_scaffold.template.tasks.test,c;inplace,1,func": ["0.1", "0.1.1", "0.1.2", "0.1.3"], "ploomber_scaffold.template.tasks.release,c,0,func": ["0.1", "0.1.1"], "ploomber_scaffold.template.setup.read,,0,func": ["0.1", "0.1.1", "0.1.2"], "ploomber_scaffold.template.noxfile.tests,session,0,func": ["0.1", "0.1.1", "0.1.2", "0.1.3"], "ploomber_scaffold.template.lib.conda.run_in_env,c;command;env,0,func": ["0.1", "0.1.1", "0.1.2", "0.1.3"], "ploomber_scaffold.template.lib.versioneer.replace_in_file,path_to_file;original;replacement,0,func": ["0.1", "0.1.1", "0.1.2"], "ploomber_scaffold.template.lib.versioneer.call,,0,func": ["0.1", "0.1.1", "0.1.2"], "ploomber_scaffold.template.lib.versioneer.input_str,prompt;default,0,func": ["0.1", "0.1.1", "0.1.2"], "ploomber_scaffold.template.lib.versioneer.input_confirm,prompt;abort,0,func": ["0.1", "0.1.1", "0.1.2"], "ploomber_scaffold.template.lib.versioneer.Versioner,self;project_root,1": ["0.1", "0.1.1", "0.1.2"], "ploomber_scaffold.template.lib.versioneer.Versioner.current_version,self,0,cls": ["0.1", "0.1.1", "0.1.2"], "ploomber_scaffold.template.lib.versioneer.Versioner.release_version,self,0,cls": ["0.1", "0.1.1", "0.1.2"], "ploomber_scaffold.template.lib.versioneer.Versioner.bump_up_version,self,0,cls": ["0.1", "0.1.1", "0.1.2"], "ploomber_scaffold.template.lib.versioneer.Versioner.commit_version,self;new_version;msg_template;tag,1,cls": ["0.1", "0.1.1", "0.1.2"], "ploomber_scaffold.template.lib.versioneer.Versioner.update_changelog_release,self;new_version,0,cls": ["0.1", "0.1.1", "0.1.2"], "ploomber_scaffold.template.lib.versioneer.Versioner.add_changelog_new_dev_section,self;dev_version,0,cls": ["0.1", "0.1.1", "0.1.2"], "ploomber_scaffold.template.lib.versioneer.make_header,content;path;add_date,1,func": ["0.1", "0.1.1", "0.1.2"], "ploomber_scaffold.template.lib.versioneer.release,project_root;tag,2,func": ["0.1", "0.1.1"], "ploomber_scaffold.template.lib.versioneer.upload,tag;production,0,func": ["0.1", "0.1.1", "0.1.2"], "ploomber_scaffold.template.src.package_name.db.connect,,0,func": ["0.1", "0.1.1", "0.1.2", "0.1.3"], "ploomber_scaffold.template.dist.package_name-0.1.dev0-py2-none-any.package_name.db.connect,,0,func": ["0.1"], "ploomber_scaffold.template.build.lib.package_name.db.connect,,0,func": ["0.1"], "ploomber_scaffold.template.src.package_name.tasks.clean.add_column,upstream;product,0,func": ["0.1", "0.1.1", "0.1.2"], "ploomber_scaffold.template.src.package_name.tasks.raw.get,product,0,func": ["0.1", "0.1.1", "0.1.2", "0.2", "0.2.1", "0.2.2", "0.2.3", "0.2.4", "0.2.5", "0.2.6", "0.3", "0.3.1"], "ploomber_scaffold.template.src.package_name.tasks.interim.remove_nas,upstream;product,0,func": ["0.1", "0.1.1", "0.1.2"], "ploomber_scaffold.template.dist.package_name-0.1.dev0-py2-none-any.package_name.tasks.clean.add_column,upstream;product,0,func": ["0.1"], "ploomber_scaffold.template.dist.package_name-0.1.dev0-py2-none-any.package_name.tasks.raw.get,product,0,func": ["0.1"], "ploomber_scaffold.template.dist.package_name-0.1.dev0-py2-none-any.package_name.tasks.interim.remove_nas,upstream;product,0,func": ["0.1"], "ploomber_scaffold.template.build.lib.package_name.tasks.clean.add_column,upstream;product,0,func": ["0.1"], "ploomber_scaffold.template.build.lib.package_name.tasks.raw.get,product,0,func": ["0.1"], "ploomber_scaffold.template.build.lib.package_name.tasks.interim.remove_nas,upstream;product,0,func": ["0.1"], "ploomber_scaffold.template.tasks.version,c,0,func": ["0.1.2"], "ploomber_scaffold.template.noxfile.env_file_name,,0,func": ["0.1.2", "0.1.3"], "ploomber_scaffold.template.lib.versioneer.version,project_root;tag,2,func": ["0.1.2"], "ploomber_scaffold.template.versioneer.VersioneerConfig,,": ["0.1.3", "0.2", "0.2.1", "0.2.2", "0.2.3", "0.2.4", "0.2.5", "0.2.6", "0.3", "0.3.1"], "ploomber_scaffold.template.versioneer.get_root,,0,func": ["0.1.3", "0.2", "0.2.1", "0.2.2", "0.2.3", "0.2.4", "0.2.5", "0.2.6", "0.3", "0.3.1"], "ploomber_scaffold.template.versioneer.get_config_from_root,root,0,func": ["0.1.3", "0.2", "0.2.1", "0.2.2", "0.2.3", "0.2.4", "0.2.5", "0.2.6", "0.3", "0.3.1"], "ploomber_scaffold.template.versioneer.NotThisMethod,,": ["0.1.3", "0.2", "0.2.1", "0.2.2", "0.2.3", "0.2.4", "0.2.5", "0.2.6", "0.3", "0.3.1"], "ploomber_scaffold.template.versioneer.register_vcs_handler,vcs;method,0,func": ["0.1.3", "0.2", "0.2.1", "0.2.2", "0.2.3", "0.2.4", "0.2.5", "0.2.6", "0.3", "0.3.1"], "ploomber_scaffold.template.versioneer.run_command,commands;args;cwd;verbose;hide_stderr;env,4,func": ["0.1.3", "0.2", "0.2.1", "0.2.2", "0.2.3", "0.2.4", "0.2.5", "0.2.6", "0.3", "0.3.1"], "ploomber_scaffold.template.versioneer.git_get_keywords,versionfile_abs,0,func": ["0.1.3", "0.2", "0.2.1", "0.2.2", "0.2.3", "0.2.4", "0.2.5", "0.2.6", "0.3", "0.3.1"], "ploomber_scaffold.template.versioneer.git_versions_from_keywords,keywords;tag_prefix;verbose,0,func": ["0.1.3", "0.2", "0.2.1", "0.2.2", "0.2.3", "0.2.4", "0.2.5", "0.2.6", "0.3", "0.3.1"], "ploomber_scaffold.template.versioneer.git_pieces_from_vcs,tag_prefix;root;verbose;run_command,1,func": ["0.1.3", "0.2", "0.2.1", "0.2.2", "0.2.3", "0.2.4", "0.2.5", "0.2.6", "0.3", "0.3.1"], "ploomber_scaffold.template.versioneer.do_vcs_install,manifest_in;versionfile_source;ipy,0,func": ["0.1.3", "0.2", "0.2.1", "0.2.2", "0.2.3", "0.2.4", "0.2.5", "0.2.6", "0.3", "0.3.1"], "ploomber_scaffold.template.versioneer.versions_from_parentdir,parentdir_prefix;root;verbose,0,func": ["0.1.3", "0.2", "0.2.1", "0.2.2", "0.2.3", "0.2.4", "0.2.5", "0.2.6", "0.3", "0.3.1"], "ploomber_scaffold.template.versioneer.versions_from_file,filename,0,func": ["0.1.3", "0.2", "0.2.1", "0.2.2", "0.2.3", "0.2.4", "0.2.5", "0.2.6", "0.3", "0.3.1"], "ploomber_scaffold.template.versioneer.write_to_version_file,filename;versions,0,func": ["0.1.3", "0.2", "0.2.1", "0.2.2", "0.2.3", "0.2.4", "0.2.5", "0.2.6", "0.3", "0.3.1"], "ploomber_scaffold.template.versioneer.plus_or_dot,pieces,0,func": ["0.1.3", "0.2", "0.2.1", "0.2.2", "0.2.3", "0.2.4", "0.2.5", "0.2.6", "0.3", "0.3.1"], "ploomber_scaffold.template.versioneer.render_pep440,pieces,0,func": ["0.1.3", "0.2", "0.2.1", "0.2.2", "0.2.3", "0.2.4", "0.2.5", "0.2.6", "0.3", "0.3.1"], "ploomber_scaffold.template.versioneer.render_pep440_pre,pieces,0,func": ["0.1.3", "0.2", "0.2.1", "0.2.2", "0.2.3", "0.2.4", "0.2.5", "0.2.6", "0.3", "0.3.1"], "ploomber_scaffold.template.versioneer.render_pep440_post,pieces,0,func": ["0.1.3", "0.2", "0.2.1", "0.2.2", "0.2.3", "0.2.4", "0.2.5", "0.2.6", "0.3", "0.3.1"], "ploomber_scaffold.template.versioneer.render_pep440_old,pieces,0,func": ["0.1.3", "0.2", "0.2.1", "0.2.2", "0.2.3", "0.2.4", "0.2.5", "0.2.6", "0.3", "0.3.1"], "ploomber_scaffold.template.versioneer.render_git_describe,pieces,0,func": ["0.1.3", "0.2", "0.2.1", "0.2.2", "0.2.3", "0.2.4", "0.2.5", "0.2.6", "0.3", "0.3.1"], "ploomber_scaffold.template.versioneer.render_git_describe_long,pieces,0,func": ["0.1.3", "0.2", "0.2.1", "0.2.2", "0.2.3", "0.2.4", "0.2.5", "0.2.6", "0.3", "0.3.1"], "ploomber_scaffold.template.versioneer.render,pieces;style,0,func": ["0.1.3", "0.2", "0.2.1", "0.2.2", "0.2.3", "0.2.4", "0.2.5", "0.2.6", "0.3", "0.3.1"], "ploomber_scaffold.template.versioneer.VersioneerBadRootError,,": ["0.1.3", "0.2", "0.2.1", "0.2.2", "0.2.3", "0.2.4", "0.2.5", "0.2.6", "0.3", "0.3.1"], "ploomber_scaffold.template.versioneer.get_versions,verbose,1,func": ["0.1.3", "0.2", "0.2.1", "0.2.2", "0.2.3", "0.2.4", "0.2.5", "0.2.6", "0.3", "0.3.1"], "ploomber_scaffold.template.versioneer.get_version,,0,func": ["0.1.3", "0.2", "0.2.1", "0.2.2", "0.2.3", "0.2.4", "0.2.5", "0.2.6", "0.3", "0.3.1"], "ploomber_scaffold.template.versioneer.get_cmdclass,cmdclass,1,func": ["0.1.3", "0.2", "0.2.1", "0.2.2", "0.2.3", "0.2.4", "0.2.5", "0.2.6", "0.3", "0.3.1"], "ploomber_scaffold.template.versioneer.do_setup,,0,func": ["0.1.3", "0.2", "0.2.1", "0.2.2", "0.2.3", "0.2.4", "0.2.5", "0.2.6", "0.3", "0.3.1"], "ploomber_scaffold.template.versioneer.scan_setup_py,,0,func": ["0.1.3", "0.2", "0.2.1", "0.2.2", "0.2.3", "0.2.4", "0.2.5", "0.2.6", "0.3", "0.3.1"], "ploomber_scaffold.template.src.package_name._version.get_keywords,,0,func": ["0.1.3", "0.2", "0.2.1", "0.2.2", "0.2.3", "0.2.4", "0.2.5", "0.2.6", "0.3", "0.3.1"], "ploomber_scaffold.template.src.package_name._version.VersioneerConfig,,": ["0.1.3", "0.2", "0.2.1", "0.2.2", "0.2.3", "0.2.4", "0.2.5", "0.2.6", "0.3", "0.3.1"], "ploomber_scaffold.template.src.package_name._version.get_config,,0,func": ["0.1.3", "0.2", "0.2.1", "0.2.2", "0.2.3", "0.2.4", "0.2.5", "0.2.6", "0.3", "0.3.1"], "ploomber_scaffold.template.src.package_name._version.NotThisMethod,,": ["0.1.3", "0.2", "0.2.1", "0.2.2", "0.2.3", "0.2.4", "0.2.5", "0.2.6", "0.3", "0.3.1"], "ploomber_scaffold.template.src.package_name._version.register_vcs_handler,vcs;method,0,func": ["0.1.3", "0.2", "0.2.1", "0.2.2", "0.2.3", "0.2.4", "0.2.5", "0.2.6", "0.3", "0.3.1"], "ploomber_scaffold.template.src.package_name._version.run_command,commands;args;cwd;verbose;hide_stderr;env,4,func": ["0.1.3", "0.2", "0.2.1", "0.2.2", "0.2.3", "0.2.4", "0.2.5", "0.2.6", "0.3", "0.3.1"], "ploomber_scaffold.template.src.package_name._version.versions_from_parentdir,parentdir_prefix;root;verbose,0,func": ["0.1.3", "0.2", "0.2.1", "0.2.2", "0.2.3", "0.2.4", "0.2.5", "0.2.6", "0.3", "0.3.1"], "ploomber_scaffold.template.src.package_name._version.git_get_keywords,versionfile_abs,0,func": ["0.1.3", "0.2", "0.2.1", "0.2.2", "0.2.3", "0.2.4", "0.2.5", "0.2.6", "0.3", "0.3.1"], "ploomber_scaffold.template.src.package_name._version.git_versions_from_keywords,keywords;tag_prefix;verbose,0,func": ["0.1.3", "0.2", "0.2.1", "0.2.2", "0.2.3", "0.2.4", "0.2.5", "0.2.6", "0.3", "0.3.1"], "ploomber_scaffold.template.src.package_name._version.git_pieces_from_vcs,tag_prefix;root;verbose;run_command,1,func": ["0.1.3", "0.2", "0.2.1", "0.2.2", "0.2.3", "0.2.4", "0.2.5", "0.2.6", "0.3", "0.3.1"], "ploomber_scaffold.template.src.package_name._version.plus_or_dot,pieces,0,func": ["0.1.3", "0.2", "0.2.1", "0.2.2", "0.2.3", "0.2.4", "0.2.5", "0.2.6", "0.3", "0.3.1"], "ploomber_scaffold.template.src.package_name._version.render_pep440,pieces,0,func": ["0.1.3", "0.2", "0.2.1", "0.2.2", "0.2.3", "0.2.4", "0.2.5", "0.2.6", "0.3", "0.3.1"], "ploomber_scaffold.template.src.package_name._version.render_pep440_pre,pieces,0,func": ["0.1.3", "0.2", "0.2.1", "0.2.2", "0.2.3", "0.2.4", "0.2.5", "0.2.6", "0.3", "0.3.1"], "ploomber_scaffold.template.src.package_name._version.render_pep440_post,pieces,0,func": ["0.1.3", "0.2", "0.2.1", "0.2.2", "0.2.3", "0.2.4", "0.2.5", "0.2.6", "0.3", "0.3.1"], "ploomber_scaffold.template.src.package_name._version.render_pep440_old,pieces,0,func": ["0.1.3", "0.2", "0.2.1", "0.2.2", "0.2.3", "0.2.4", "0.2.5", "0.2.6", "0.3", "0.3.1"], "ploomber_scaffold.template.src.package_name._version.render_git_describe,pieces,0,func": ["0.1.3", "0.2", "0.2.1", "0.2.2", "0.2.3", "0.2.4", "0.2.5", "0.2.6", "0.3", "0.3.1"], "ploomber_scaffold.template.src.package_name._version.render_git_describe_long,pieces,0,func": ["0.1.3", "0.2", "0.2.1", "0.2.2", "0.2.3", "0.2.4", "0.2.5", "0.2.6", "0.3", "0.3.1"], "ploomber_scaffold.template.src.package_name._version.render,pieces;style,0,func": ["0.1.3", "0.2", "0.2.1", "0.2.2", "0.2.3", "0.2.4", "0.2.5", "0.2.6", "0.3", "0.3.1"], "ploomber_scaffold.template.src.package_name._version.get_versions,,0,func": ["0.1.3", "0.2", "0.2.1", "0.2.2", "0.2.3", "0.2.4", "0.2.5", "0.2.6", "0.3", "0.3.1"], "ploomber_scaffold.template.src.package_name.io.serialize,value;product,0,func": ["0.1.3"], "ploomber_scaffold.template.src.package_name.io.unserialize,product,0,func": ["0.1.3"], "ploomber_scaffold.template.src.package_name.get_versions,,0,func": ["0.1.3", "0.2", "0.2.1", "0.2.2", "0.2.3", "0.2.4", "0.2.5", "0.2.6", "0.3", "0.3.1"], "ploomber_scaffold.template.src.package_name.tasks.raw.get,,0,func": ["0.1.3"], "ploomber_scaffold.template.src.package_name.tasks.features.sepal_area,upstream,0,func": ["0.1.3"], "ploomber_scaffold.template.src.package_name.tasks.features.petal_area,upstream,0,func": ["0.1.3"], "ploomber_scaffold.template.src.package_name.tasks.features.features,upstream,0,func": ["0.1.3"], "ploomber_scaffold.scaffold.copy_template,path;package;conda,0,func": ["0.2", "0.2.1", "0.2.2", "0.2.3", "0.2.4", "0.2.5", "0.2.6", "0.3", "0.3.1"], "ploomber_scaffold.scaffold.simplify,path,0,func": ["0.2", "0.2.1", "0.2.2", "0.2.3", "0.2.4", "0.2.5", "0.2.6", "0.3", "0.3.1"], "ploomber_scaffold.scaffold.request_project_path,,0,func": ["0.2", "0.2.1", "0.2.2", "0.2.3", "0.2.4", "0.2.5", "0.2.6", "0.3", "0.3.1"], "ploomber_scaffold.scaffold.cli,project_path;package;conda,2,func": ["0.2", "0.2.1"], "ploomber_scaffold.template.src.package_name.tasks.features.sepal,product;upstream,0,func": ["0.2", "0.2.1", "0.2.2", "0.2.3", "0.2.4", "0.2.5", "0.2.6", "0.3", "0.3.1"], "ploomber_scaffold.template.src.package_name.tasks.features.petal,product;upstream,0,func": ["0.2", "0.2.1", "0.2.2", "0.2.3", "0.2.4", "0.2.5", "0.2.6", "0.3", "0.3.1"], "ploomber_scaffold.template.src.package_name.tasks.features.features,product;upstream,0,func": ["0.2", "0.2.1", "0.2.2", "0.2.3", "0.2.4", "0.2.5", "0.2.6", "0.3", "0.3.1"], "ploomber_scaffold.scaffold.cli,project_path;package;conda;empty,3,func": ["0.2.2", "0.2.3", "0.2.4", "0.2.5", "0.2.6", "0.3", "0.3.1"], "ploomber_scaffold.exceptions.ScaffoldError,,": ["0.2.5", "0.2.6", "0.3", "0.3.1"], "ploomber_scaffold.scaffold.is_valid_project_name,project_name,0,func": ["0.2.5", "0.2.6", "0.3", "0.3.1"], "ploomber_scaffold.scaffold.ScaffoldError,,": ["0.2.5", "0.2.6", "0.3", "0.3.1"]}, "version": ["0.1", "0.1.1", "0.1.2", "0.1.3", "0.2", "0.2.1", "0.2.2", "0.2.3", "0.2.4", "0.2.5", "0.2.6", "0.3", "0.3.1"]}