{"module": ["ploomber-engine/0.0.10/tmp/ploomber_engine"], "API": {"ploomber_engine.client.PloomberNotebookClient,,": ["0.0.1", "0.0.2", "0.0.3", "0.0.4", "0.0.5", "0.0.6"], "ploomber_engine.client.flush_io,client,0,func": ["0.0.1", "0.0.2", "0.0.3", "0.0.4", "0.0.5", "0.0.6", "0.0.7", "0.0.8", "0.0.9", "0.0.10"], "ploomber_engine.client.PapermillPloomberNotebookClient,,": ["0.0.1", "0.0.2", "0.0.3", "0.0.4", "0.0.5", "0.0.6", "0.0.7", "0.0.8", "0.0.9", "0.0.10"], "ploomber_engine.client.PapermillPloomberNotebookClient.papermill_execute_cells,self,0,cls": ["0.0.1", "0.0.2", "0.0.3", "0.0.4", "0.0.5", "0.0.6", "0.0.7", "0.0.8", "0.0.9", "0.0.10"], "ploomber_engine.execute,nb;cwd;km,2,func": ["0.0.1", "0.0.2", "0.0.3", "0.0.4", "0.0.5", "0.0.6", "0.0.7", "0.0.8", "0.0.9", "0.0.10"], "ploomber_engine.PloomberNotebookClient,,": ["0.0.1", "0.0.2", "0.0.3", "0.0.4", "0.0.5", "0.0.6"], "ploomber_engine.engine.PloomberClientEngine,,": ["0.0.1"], "ploomber_engine.engine.PloomberClientEngine.execute_managed_notebook,cls;nb_man;kernel_name;log_output;stdout_file;stderr_file;start_timeout;execution_timeout,5,cls": ["0.0.1"], "ploomber_engine.engine.PapermillPloomberNotebookClient,,": ["0.0.1", "0.0.2", "0.0.3", "0.0.4", "0.0.5", "0.0.6", "0.0.7", "0.0.8", "0.0.9", "0.0.10"], "ploomber_engine.engine.PapermillPloomberNotebookClient.papermill_execute_cells,self,0,cls": ["0.0.1", "0.0.2", "0.0.3", "0.0.4", "0.0.5", "0.0.6", "0.0.7", "0.0.8", "0.0.9", "0.0.10"], "ploomber_engine.engine.DebugEngine,,": ["0.0.2", "0.0.3", "0.0.4", "0.0.5", "0.0.6", "0.0.7", "0.0.8", "0.0.9", "0.0.10"], "ploomber_engine.engine.DebugEngine.execute_managed_notebook,cls;nb_man;kernel_name;log_output;stdout_file;stderr_file;start_timeout;execution_timeout,5,cls": ["0.0.2", "0.0.3", "0.0.4", "0.0.5", "0.0.6", "0.0.7", "0.0.8", "0.0.9", "0.0.10"], "ploomber_engine.engine.DebugLaterEngine,,": ["0.0.2", "0.0.3", "0.0.4", "0.0.5", "0.0.6", "0.0.7", "0.0.8", "0.0.9", "0.0.10"], "ploomber_engine.engine.DebugLaterEngine.execute_managed_notebook,cls;nb_man;kernel_name;log_output;stdout_file;stderr_file;start_timeout;execution_timeout,5,cls": ["0.0.2", "0.0.3", "0.0.4", "0.0.5", "0.0.6", "0.0.7", "0.0.8", "0.0.9", "0.0.10"], "ploomber_engine.engine.ProfilingEngine,,": ["0.0.2", "0.0.3", "0.0.4", "0.0.5", "0.0.6", "0.0.7", "0.0.8", "0.0.9", "0.0.10"], "ploomber_engine.engine.ProfilingEngine.execute_managed_notebook,cls;nb_man;kernel_name;log_output;stdout_file;stderr_file;start_timeout;execution_timeout,5,cls": ["0.0.2", "0.0.3", "0.0.4", "0.0.5", "0.0.6", "0.0.7", "0.0.8", "0.0.9", "0.0.10"], "ploomber_engine.engine.PloomberClient,self;nb,0": ["0.0.2", "0.0.3", "0.0.4"], "ploomber_engine.engine.PloomberClient.execute_cell,self;cell;cell_index;execution_count;store_history,0,cls": ["0.0.2", "0.0.3", "0.0.4"], "ploomber_engine.engine.PloomberClient.execute,self,0,cls": ["0.0.2", "0.0.3", "0.0.4"], "ploomber_engine.ipython.CustomDisplayHook,,": ["0.0.2", "0.0.3", "0.0.4", "0.0.5", "0.0.6", "0.0.7", "0.0.8", "0.0.9", "0.0.10"], "ploomber_engine.ipython.CustomDisplayPublisher,,": ["0.0.2", "0.0.3", "0.0.4", "0.0.5", "0.0.6", "0.0.7", "0.0.8", "0.0.9", "0.0.10"], "ploomber_engine.ipython.CustomDisplayPublisher.publish,self;data;metadata,1,cls": ["0.0.2", "0.0.3", "0.0.4", "0.0.5", "0.0.6", "0.0.7", "0.0.8", "0.0.9", "0.0.10"], "ploomber_engine.ipython.PloomberShell,self,0": ["0.0.2", "0.0.3", "0.0.4", "0.0.5", "0.0.6", "0.0.7", "0.0.8", "0.0.9", "0.0.10"], "ploomber_engine.ipython.PloomberShell.enable_gui,self;gui,1,cls": ["0.0.2", "0.0.3", "0.0.4", "0.0.5", "0.0.6", "0.0.7", "0.0.8", "0.0.9", "0.0.10"], "ploomber_engine.ipython.PloomberShell.enable_matplotlib,self;gui,1,cls": ["0.0.2", "0.0.3", "0.0.4", "0.0.5", "0.0.6", "0.0.7", "0.0.8", "0.0.9", "0.0.10"], "ploomber_engine.ipython.PloomberClient,self;nb,0": ["0.0.2", "0.0.3", "0.0.4", "0.0.5", "0.0.6", "0.0.7", "0.0.8", "0.0.9", "0.0.10"], "ploomber_engine.ipython.PloomberClient.execute_cell,self;cell;cell_index;execution_count;store_history,0,cls": ["0.0.2", "0.0.3", "0.0.4", "0.0.5", "0.0.6", "0.0.7", "0.0.8", "0.0.9", "0.0.10"], "ploomber_engine.ipython.PloomberClient.execute,self,0,cls": ["0.0.2", "0.0.3", "0.0.4", "0.0.5", "0.0.6", "0.0.7", "0.0.8", "0.0.9", "0.0.10"], "ploomber_engine.ipython.patch_sys_std_out_err,,0,func": ["0.0.2", "0.0.3", "0.0.4", "0.0.5", "0.0.6", "0.0.7", "0.0.8", "0.0.9", "0.0.10"], "ploomber_engine.ipython.add_to_sys_path,path;chdir,1,func": ["0.0.4", "0.0.5", "0.0.6", "0.0.7", "0.0.8", "0.0.9", "0.0.10"], "ploomber_engine.engine.PloomberManagedClient,self;nb_man,0": ["0.0.5", "0.0.6", "0.0.7", "0.0.8", "0.0.9", "0.0.10"], "ploomber_engine.engine.PloomberManagedClient.execute,self,0,cls": ["0.0.5", "0.0.6", "0.0.7"], "ploomber_engine.ipython.PloomberManagedClient,self;nb_man,0": ["0.0.5", "0.0.6", "0.0.7", "0.0.8", "0.0.9", "0.0.10"], "ploomber_engine.ipython.PloomberManagedClient.execute,self,0,cls": ["0.0.5", "0.0.6", "0.0.7"], "ploomber_engine.ipython.IO,self,0": ["0.0.5", "0.0.6", "0.0.7", "0.0.8"], "ploomber_engine.ipython.IO.write,self;s,0,cls": ["0.0.5", "0.0.6", "0.0.7", "0.0.8", "0.0.9", "0.0.10"], "ploomber_engine.ipython.IO.getvalue,self,0,cls": ["0.0.5", "0.0.6", "0.0.7", "0.0.8"], "ploomber_engine.client.PloomberNotebookClient,self,0": ["0.0.7", "0.0.8", "0.0.9", "0.0.10"], "ploomber_engine.PloomberNotebookClient,self,0": ["0.0.7", "0.0.8", "0.0.9", "0.0.10"], "ploomber_engine.ipython.PloomberClient.from_path,cls;path,0,cls": ["0.0.9", "0.0.10"], "ploomber_engine.ipython.PloomberClient.get_namespace,self,0,cls": ["0.0.9", "0.0.10"], "ploomber_engine.ipython.PloomberClient.get_definitions,self,0,cls": ["0.0.9", "0.0.10"], "ploomber_engine.ipython.IO,self;initial_value;newline,2": ["0.0.9", "0.0.10"], "ploomber_engine.ipython.IO.get_separated_values,self,0,cls": ["0.0.9", "0.0.10"]}, "version": ["0.0.1", "0.0.2", "0.0.3", "0.0.4", "0.0.5", "0.0.6", "0.0.7", "0.0.8", "0.0.9", "0.0.10"]}