{"module": ["ploomber-core/0.0.7/tmp/ploomber_core"], "API": {"ploomber_core.config.Config,self,0": ["0.0.1", "0.0.2", "0.0.3", "0.0.4", "0.0.5", "0.0.6", "0.0.7"], "ploomber_core.config.Config.path,cls,0,cls": ["0.0.1", "0.0.2", "0.0.3", "0.0.4", "0.0.5", "0.0.6", "0.0.7"], "ploomber_core.exceptions.BaseException,self;message;type_,1": ["0.0.1", "0.0.2", "0.0.3", "0.0.4", "0.0.5", "0.0.6", "0.0.7"], "ploomber_core.exceptions.BaseException.get_message,self,0,cls": ["0.0.1", "0.0.2", "0.0.3", "0.0.4", "0.0.5", "0.0.6", "0.0.7"], "ploomber_core.exceptions.BaseException.show,self;file,1,cls": ["0.0.1", "0.0.2", "0.0.3", "0.0.4", "0.0.5", "0.0.6", "0.0.7"], "ploomber_core.telemetry.telemetry.UserSettings,,": ["0.0.1", "0.0.2", "0.0.3", "0.0.4", "0.0.5", "0.0.6", "0.0.7"], "ploomber_core.telemetry.telemetry.UserSettings.path,cls,0,cls": ["0.0.1", "0.0.2", "0.0.3", "0.0.4", "0.0.5", "0.0.6", "0.0.7"], "ploomber_core.telemetry.telemetry.Internal,,": ["0.0.1", "0.0.2", "0.0.3", "0.0.4", "0.0.5", "0.0.6", "0.0.7"], "ploomber_core.telemetry.telemetry.Internal.path,cls,0,cls": ["0.0.1", "0.0.2", "0.0.3", "0.0.4", "0.0.5", "0.0.6", "0.0.7"], "ploomber_core.telemetry.telemetry.Internal.uid_default,self,0,cls": ["0.0.1", "0.0.2", "0.0.3", "0.0.4", "0.0.5", "0.0.6", "0.0.7"], "ploomber_core.telemetry.telemetry.python_version,,0,func": ["0.0.1", "0.0.2", "0.0.3", "0.0.4", "0.0.5", "0.0.6", "0.0.7"], "ploomber_core.telemetry.telemetry.is_online,,0,func": ["0.0.1", "0.0.2", "0.0.3", "0.0.4", "0.0.5", "0.0.6", "0.0.7"], "ploomber_core.telemetry.telemetry.is_docker,,0,func": ["0.0.1", "0.0.2", "0.0.3", "0.0.4", "0.0.5", "0.0.6", "0.0.7"], "ploomber_core.telemetry.telemetry.get_os,,0,func": ["0.0.1", "0.0.2", "0.0.3", "0.0.4", "0.0.5", "0.0.6", "0.0.7"], "ploomber_core.telemetry.telemetry.is_conda,,0,func": ["0.0.1", "0.0.2", "0.0.3", "0.0.4", "0.0.5", "0.0.6", "0.0.7"], "ploomber_core.telemetry.telemetry.get_base_prefix_compat,,0,func": ["0.0.1", "0.0.2", "0.0.3", "0.0.4", "0.0.5", "0.0.6", "0.0.7"], "ploomber_core.telemetry.telemetry.in_virtualenv,,0,func": ["0.0.1", "0.0.2", "0.0.3", "0.0.4", "0.0.5", "0.0.6", "0.0.7"], "ploomber_core.telemetry.telemetry.get_env,,0,func": ["0.0.1", "0.0.2", "0.0.3", "0.0.4", "0.0.5", "0.0.6", "0.0.7"], "ploomber_core.telemetry.telemetry.is_colab,,0,func": ["0.0.1", "0.0.2", "0.0.3", "0.0.4", "0.0.5", "0.0.6", "0.0.7"], "ploomber_core.telemetry.telemetry.is_paperspace,,0,func": ["0.0.1", "0.0.2", "0.0.3", "0.0.4", "0.0.5", "0.0.6", "0.0.7"], "ploomber_core.telemetry.telemetry.is_slurm,,0,func": ["0.0.1", "0.0.2", "0.0.3", "0.0.4", "0.0.5", "0.0.6", "0.0.7"], "ploomber_core.telemetry.telemetry.is_airflow,,0,func": ["0.0.1", "0.0.2", "0.0.3", "0.0.4", "0.0.5", "0.0.6", "0.0.7"], "ploomber_core.telemetry.telemetry.is_argo,,0,func": ["0.0.1", "0.0.2", "0.0.3", "0.0.4", "0.0.5", "0.0.6", "0.0.7"], "ploomber_core.telemetry.telemetry.clean_tasks_upstream_products,input,0,func": ["0.0.1", "0.0.2", "0.0.3", "0.0.4", "0.0.5", "0.0.6", "0.0.7"], "ploomber_core.telemetry.telemetry.parse_dag,dag,0,func": ["0.0.1", "0.0.2", "0.0.3", "0.0.4", "0.0.5", "0.0.6", "0.0.7"], "ploomber_core.telemetry.telemetry.get_home_dir,,0,func": ["0.0.1", "0.0.2", "0.0.3", "0.0.4", "0.0.5", "0.0.6", "0.0.7"], "ploomber_core.telemetry.telemetry.check_dir_exist,input_location,1,func": ["0.0.1", "0.0.2", "0.0.3", "0.0.4", "0.0.5", "0.0.6", "0.0.7"], "ploomber_core.telemetry.telemetry.check_telemetry_enabled,,0,func": ["0.0.1", "0.0.2", "0.0.3", "0.0.4", "0.0.5", "0.0.6", "0.0.7"], "ploomber_core.telemetry.telemetry.check_first_time_usage,,0,func": ["0.0.1", "0.0.2", "0.0.3", "0.0.4", "0.0.5", "0.0.6", "0.0.7"], "ploomber_core.telemetry.telemetry.get_latest_version,package_name;version,0,func": ["0.0.1", "0.0.2", "0.0.3", "0.0.4", "0.0.5", "0.0.6", "0.0.7"], "ploomber_core.telemetry.telemetry.is_cloud_user,,0,func": ["0.0.1", "0.0.2", "0.0.3", "0.0.4", "0.0.5", "0.0.6", "0.0.7"], "ploomber_core.telemetry.telemetry.email_registered,,0,func": ["0.0.1", "0.0.2", "0.0.3", "0.0.4", "0.0.5", "0.0.6", "0.0.7"], "ploomber_core.telemetry.telemetry.check_version,package_name;version,0,func": ["0.0.1", "0.0.2", "0.0.3", "0.0.4", "0.0.5", "0.0.6", "0.0.7"], "ploomber_core.telemetry.telemetry.validate_entries,event_id;uid;action;client_time;total_runtime,0,func": ["0.0.1", "0.0.2", "0.0.3", "0.0.4", "0.0.5", "0.0.6", "0.0.7"], "ploomber_core.telemetry.telemetry.log_api,action;package_name;version;client_time;total_runtime;metadata,3,func": ["0.0.1"], "ploomber_core.telemetry.telemetry.log_call,action;pkn;ver;payload,1,func": ["0.0.1"], "ploomber_core.telemetry.telemetry.Config,self,0": ["0.0.1", "0.0.2", "0.0.3", "0.0.4", "0.0.5", "0.0.6", "0.0.7"], "ploomber_core.telemetry.telemetry.Config.path,cls,0,cls": ["0.0.1", "0.0.2", "0.0.3", "0.0.4", "0.0.5", "0.0.6", "0.0.7"], "ploomber_core.telemetry.validate_inputs.str_param,item;name,0,func": ["0.0.1", "0.0.2", "0.0.3", "0.0.4", "0.0.5", "0.0.6", "0.0.7"], "ploomber_core.telemetry.validate_inputs.opt_str_param,name;item,0,func": ["0.0.1", "0.0.2", "0.0.3", "0.0.4", "0.0.5", "0.0.6", "0.0.7"], "ploomber_core.telemetry.telemetry.Telemetry,self;api_key;package_name;version,0": ["0.0.2", "0.0.3", "0.0.4", "0.0.5", "0.0.6", "0.0.7"], "ploomber_core.telemetry.telemetry.Telemetry.log_api,self;action;client_time;total_runtime;metadata,3,cls": ["0.0.2", "0.0.3", "0.0.4", "0.0.5", "0.0.6", "0.0.7"], "ploomber_core.telemetry.telemetry.Telemetry.log_call,self;action;payload,1,cls": ["0.0.2", "0.0.3", "0.0.4", "0.0.5", "0.0.6", "0.0.7"], "ploomber_core.warnings.PloomberDeprecationWarning,,": ["0.0.5", "0.0.6", "0.0.7"], "ploomber_core.deprecated.method,deprecated_in;removed_in,0,func": ["0.0.5", "0.0.6", "0.0.7"], "ploomber_core.deprecated.PloomberDeprecationWarning,,": ["0.0.5", "0.0.6", "0.0.7"], "ploomber_core.telemetry.telemetry.get_sanitized_argv,,0,func": ["0.0.6", "0.0.7"]}, "version": ["0.0.1", "0.0.2", "0.0.3", "0.0.4", "0.0.5", "0.0.6", "0.0.7"]}