{"module": ["pyjwt/1.4.2/tmp/jwt"], "API": {"jwt.DecodeError,,": ["0.2.3", "0.3.0", "0.3.1", "0.3.2", "0.4.0", "0.4.1", "0.4.2", "0.4.3", "1.0.0", "1.3.0", "1.4.0", "1.4.1", "1.4.2"], "jwt.ExpiredSignature,,": ["0.2.3", "0.3.0", "0.3.1", "0.3.2", "0.4.0"], "jwt.prepare_HS_key,key,0,func": ["0.2.3", "0.3.0", "0.3.1", "0.3.2", "0.4.0", "0.4.1"], "jwt.prepare_RS_key,key,0,func": ["0.2.3", "0.3.0", "0.3.1", "0.3.2", "0.4.0", "0.4.1"], "jwt.constant_time_compare,val1;val2,0,func": ["0.2.3", "0.3.0", "0.3.1", "0.3.2", "0.4.0", "0.4.1"], "jwt.base64url_decode,input,0,func": ["0.2.3", "0.3.0", "0.3.1", "0.3.2", "0.4.0", "0.4.1"], "jwt.base64url_encode,input,0,func": ["0.2.3", "0.3.0", "0.3.1", "0.3.2", "0.4.0", "0.4.1"], "jwt.header,jwt,0,func": ["0.2.3", "0.3.0", "0.3.1", "0.3.2", "0.4.0", "0.4.1"], "jwt.encode,payload;key;algorithm;headers,2,func": ["0.2.3", "0.3.0", "0.3.1"], "jwt.decode,jwt;key;verify;verify_expiration;leeway,4,func": ["0.2.3"], "jwt.load,jwt,0,func": ["0.2.3", "0.3.0", "0.3.1", "0.3.2", "0.4.0", "0.4.1"], "jwt.verify_signature,payload;signing_input;header;signature;key;verify_expiration;leeway,3,func": ["0.2.3", "0.3.0", "0.3.1", "0.3.2", "0.4.0"], "jwt.InvalidAudience,,": ["0.3.0", "0.3.1", "0.3.2", "0.4.0"], "jwt.InvalidIssuer,,": ["0.3.0", "0.3.1", "0.3.2", "0.4.0"], "jwt.prepare_ES_key,key,0,func": ["0.3.0", "0.3.1", "0.3.2", "0.4.0", "0.4.1"], "jwt.decode,jwt;key;verify,2,func": ["0.3.0", "0.3.1", "0.3.2", "0.4.0", "0.4.1", "0.4.2", "0.4.3"], "jwt.encode,payload;key;algorithm;headers;json_encoder,3,func": ["0.3.2", "0.4.0", "0.4.1", "0.4.2", "0.4.3"], "jwt.sign_rsa,msg;key;hashalg,0,func": ["0.4.0", "0.4.1"], "jwt.verify_rsa,msg;key;hashalg;sig,0,func": ["0.4.0", "0.4.1"], "jwt.sign_ecdsa,msg;key;hashalg,0,func": ["0.4.0", "0.4.1"], "jwt.verify_ecdsa,msg;key;hashalg;sig,0,func": ["0.4.0", "0.4.1"], "jwt.compat.timedelta_total_seconds,delta,0,func": ["0.4.1", "0.4.2", "0.4.3", "1.0.0", "1.3.0", "1.4.0", "1.4.1", "1.4.2"], "jwt.compat.constant_time_compare,val1;val2,0,func": ["0.4.1", "0.4.2", "0.4.3", "1.0.0", "1.3.0", "1.4.0", "1.4.1", "1.4.2"], "jwt.InvalidTokenError,,": ["0.4.1", "0.4.2", "0.4.3", "1.0.0", "1.3.0", "1.4.0", "1.4.1", "1.4.2"], "jwt.ExpiredSignatureError,,": ["0.4.1", "0.4.2", "0.4.3", "1.0.0", "1.3.0", "1.4.0", "1.4.1", "1.4.2"], "jwt.InvalidAudienceError,,": ["0.4.1", "0.4.2", "0.4.3", "1.0.0", "1.3.0", "1.4.0", "1.4.1", "1.4.2"], "jwt.InvalidIssuerError,,": ["0.4.1", "0.4.2", "0.4.3", "1.0.0", "1.3.0", "1.4.0", "1.4.1", "1.4.2"], "jwt.verify_signature,payload;signing_input;header;signature;key;verify_expiration;leeway;audience;issuer,5,func": ["0.4.1"], "jwt.timedelta_total_seconds,delta,0,func": ["0.4.1"], "jwt.algorithms.Algorithm,,": ["0.4.2", "0.4.3", "1.0.0", "1.3.0", "1.4.0", "1.4.1", "1.4.2"], "jwt.algorithms.Algorithm.prepare_key,self;key,0,cls": ["0.4.2", "0.4.3", "1.0.0", "1.3.0", "1.4.0", "1.4.1", "1.4.2"], "jwt.algorithms.Algorithm.sign,self;msg;key,0,cls": ["0.4.2", "0.4.3", "1.0.0", "1.3.0", "1.4.0", "1.4.1", "1.4.2"], "jwt.algorithms.Algorithm.verify,self;msg;key;sig,0,cls": ["0.4.2", "0.4.3", "1.0.0", "1.3.0", "1.4.0", "1.4.1", "1.4.2"], "jwt.algorithms.NoneAlgorithm,,": ["0.4.2", "0.4.3", "1.0.0", "1.3.0", "1.4.0", "1.4.1", "1.4.2"], "jwt.algorithms.NoneAlgorithm.prepare_key,self;key,0,cls": ["0.4.2", "0.4.3", "1.0.0", "1.3.0", "1.4.0", "1.4.1", "1.4.2"], "jwt.algorithms.NoneAlgorithm.sign,self;msg;key,0,cls": ["0.4.2", "0.4.3", "1.0.0", "1.3.0", "1.4.0", "1.4.1", "1.4.2"], "jwt.algorithms.NoneAlgorithm.verify,self;msg;key;sig,0,cls": ["0.4.2", "0.4.3", "1.0.0", "1.3.0", "1.4.0", "1.4.1", "1.4.2"], "jwt.algorithms.HMACAlgorithm,self;hash_alg,0": ["0.4.2", "0.4.3", "1.0.0", "1.3.0", "1.4.0", "1.4.1", "1.4.2"], "jwt.algorithms.HMACAlgorithm.prepare_key,self;key,0,cls": ["0.4.2", "0.4.3", "1.0.0", "1.3.0", "1.4.0", "1.4.1", "1.4.2"], "jwt.algorithms.HMACAlgorithm.sign,self;msg;key,0,cls": ["0.4.2", "0.4.3", "1.0.0", "1.3.0", "1.4.0", "1.4.1", "1.4.2"], "jwt.algorithms.HMACAlgorithm.verify,self;msg;key;sig,0,cls": ["0.4.2", "0.4.3", "1.0.0", "1.3.0", "1.4.0", "1.4.1", "1.4.2"], "jwt.algorithms.RSAAlgorithm,self;hash_alg,0": ["0.4.2", "0.4.3", "1.0.0", "1.3.0", "1.4.0", "1.4.1", "1.4.2"], "jwt.algorithms.RSAAlgorithm.prepare_key,self;key,0,cls": ["0.4.2", "0.4.3", "1.0.0", "1.3.0", "1.4.0", "1.4.1", "1.4.2"], "jwt.algorithms.RSAAlgorithm.sign,self;msg;key,0,cls": ["0.4.2", "0.4.3", "1.0.0", "1.3.0", "1.4.0", "1.4.1", "1.4.2"], "jwt.algorithms.RSAAlgorithm.verify,self;msg;key;sig,0,cls": ["0.4.2", "0.4.3", "1.0.0", "1.3.0", "1.4.0", "1.4.1", "1.4.2"], "jwt.algorithms.ECAlgorithm,self;hash_alg,0": ["0.4.2", "0.4.3", "1.0.0", "1.3.0", "1.4.0", "1.4.1", "1.4.2"], "jwt.algorithms.ECAlgorithm.prepare_key,self;key,0,cls": ["0.4.2", "0.4.3", "1.0.0", "1.3.0", "1.4.0", "1.4.1", "1.4.2"], "jwt.algorithms.ECAlgorithm.sign,self;msg;key,0,cls": ["0.4.2", "0.4.3", "1.0.0", "1.3.0", "1.4.0", "1.4.1", "1.4.2"], "jwt.algorithms.ECAlgorithm.verify,self;msg;key;sig,0,cls": ["0.4.2", "0.4.3", "1.0.0", "1.3.0", "1.4.0", "1.4.1", "1.4.2"], "jwt.algorithms.register_algorithm,alg_id;alg_obj,0,func": ["0.4.2", "0.4.3"], "jwt.algorithms.constant_time_compare,val1;val2,0,func": ["0.4.2", "0.4.3", "1.0.0", "1.3.0", "1.4.0", "1.4.1", "1.4.2"], "jwt.register_algorithm,alg_id;alg_obj,0,func": ["0.4.2", "0.4.3"], "jwt.api.register_algorithm,alg_id;alg_obj,0,func": ["0.4.2", "0.4.3"], "jwt.api.encode,payload;key;algorithm;headers;json_encoder,3,func": ["0.4.2", "0.4.3"], "jwt.api.decode,jwt;key;verify,2,func": ["0.4.2", "0.4.3"], "jwt.api.load,jwt,0,func": ["0.4.2", "0.4.3"], "jwt.api.verify_signature,payload;signing_input;header;signature;key;verify_expiration;leeway;audience;issuer,5,func": ["0.4.2", "0.4.3"], "jwt.api.timedelta_total_seconds,delta,0,func": ["0.4.2", "0.4.3", "1.0.0"], "jwt.api.DecodeError,,": ["0.4.2", "0.4.3", "1.0.0"], "jwt.api.ExpiredSignatureError,,": ["0.4.2", "0.4.3", "1.0.0"], "jwt.api.InvalidAudienceError,,": ["0.4.2", "0.4.3", "1.0.0"], "jwt.api.InvalidIssuerError,,": ["0.4.2", "0.4.3", "1.0.0"], "jwt.api.base64url_decode,input,0,func": ["0.4.2", "0.4.3", "1.0.0"], "jwt.api.base64url_encode,input,0,func": ["0.4.2", "0.4.3", "1.0.0"], "jwt.api.Algorithm,,": ["0.4.2", "0.4.3", "1.0.0"], "jwt.api.Algorithm.prepare_key,self;key,0,cls": ["0.4.2", "0.4.3", "1.0.0"], "jwt.api.Algorithm.sign,self;msg;key,0,cls": ["0.4.2", "0.4.3", "1.0.0"], "jwt.api.Algorithm.verify,self;msg;key;sig,0,cls": ["0.4.2", "0.4.3", "1.0.0"], "jwt.utils.base64url_decode,input,0,func": ["0.4.2", "0.4.3", "1.0.0", "1.3.0", "1.4.0", "1.4.1", "1.4.2"], "jwt.utils.base64url_encode,input,0,func": ["0.4.2", "0.4.3", "1.0.0", "1.3.0", "1.4.0", "1.4.1", "1.4.2"], "jwt.exceptions.InvalidTokenError,,": ["0.4.2", "0.4.3", "1.0.0", "1.3.0", "1.4.0", "1.4.1", "1.4.2"], "jwt.exceptions.DecodeError,,": ["0.4.2", "0.4.3", "1.0.0", "1.3.0", "1.4.0", "1.4.1", "1.4.2"], "jwt.exceptions.ExpiredSignatureError,,": ["0.4.2", "0.4.3", "1.0.0", "1.3.0", "1.4.0", "1.4.1", "1.4.2"], "jwt.exceptions.InvalidAudienceError,,": ["0.4.2", "0.4.3", "1.0.0", "1.3.0", "1.4.0", "1.4.1", "1.4.2"], "jwt.exceptions.InvalidIssuerError,,": ["0.4.2", "0.4.3", "1.0.0", "1.3.0", "1.4.0", "1.4.1", "1.4.2"], "jwt.algorithms.get_default_algorithms,,0,func": ["1.0.0", "1.3.0", "1.4.0", "1.4.1", "1.4.2"], "jwt.algorithms.InvalidKeyError,,": ["1.0.0", "1.3.0", "1.4.0", "1.4.1", "1.4.2"], "jwt.PyJWT,self;algorithms,1": ["1.0.0"], "jwt.PyJWT.register_algorithm,self;alg_id;alg_obj,0,cls": ["1.0.0"], "jwt.PyJWT.unregister_algorithm,self;alg_id,0,cls": ["1.0.0"], "jwt.PyJWT.get_algorithms,self,0,cls": ["1.0.0"], "jwt.PyJWT.encode,self;payload;key;algorithm;headers;json_encoder,3,cls": ["1.0.0", "1.3.0", "1.4.0", "1.4.1", "1.4.2"], "jwt.PyJWT.decode,self;jwt;key;verify;algorithms,3,cls": ["1.0.0"], "jwt.api.PyJWT,self;algorithms,1": ["1.0.0"], "jwt.api.PyJWT.register_algorithm,self;alg_id;alg_obj,0,cls": ["1.0.0"], "jwt.api.PyJWT.unregister_algorithm,self;alg_id,0,cls": ["1.0.0"], "jwt.api.PyJWT.get_algorithms,self,0,cls": ["1.0.0"], "jwt.api.PyJWT.encode,self;payload;key;algorithm;headers;json_encoder,3,cls": ["1.0.0"], "jwt.api.PyJWT.decode,self;jwt;key;verify;algorithms,3,cls": ["1.0.0"], "jwt.api.get_default_algorithms,,0,func": ["1.0.0"], "jwt.api.InvalidAlgorithmError,,": ["1.0.0"], "jwt.exceptions.InvalidKeyError,,": ["1.0.0", "1.3.0", "1.4.0", "1.4.1", "1.4.2"], "jwt.exceptions.InvalidAlgorithmError,,": ["1.0.0", "1.3.0", "1.4.0", "1.4.1", "1.4.2"], "jwt.algorithms.RSAPSSAlgorithm,,": ["1.3.0", "1.4.0", "1.4.1", "1.4.2"], "jwt.algorithms.RSAPSSAlgorithm.sign,self;msg;key,0,cls": ["1.3.0", "1.4.0", "1.4.1", "1.4.2"], "jwt.algorithms.RSAPSSAlgorithm.verify,self;msg;key;sig,0,cls": ["1.3.0", "1.4.0", "1.4.1", "1.4.2"], "jwt.algorithms.der_to_raw_signature,der_sig;curve,0,func": ["1.3.0", "1.4.0", "1.4.1", "1.4.2"], "jwt.algorithms.raw_to_der_signature,raw_sig;curve,0,func": ["1.3.0", "1.4.0", "1.4.1", "1.4.2"], "jwt.api_jwt.PyJWT,,": ["1.3.0", "1.4.0", "1.4.1", "1.4.2"], "jwt.api_jwt.PyJWT.encode,self;payload;key;algorithm;headers;json_encoder,3,cls": ["1.3.0", "1.4.0", "1.4.1", "1.4.2"], "jwt.api_jwt.PyJWT.decode,self;jwt;key;verify;algorithms;options,4,cls": ["1.3.0", "1.4.0", "1.4.1", "1.4.2"], "jwt.api_jwt.PyJWS,self;algorithms;options,2": ["1.3.0", "1.4.0", "1.4.1", "1.4.2"], "jwt.api_jwt.PyJWS.register_algorithm,self;alg_id;alg_obj,0,cls": ["1.3.0", "1.4.0", "1.4.1", "1.4.2"], "jwt.api_jwt.PyJWS.unregister_algorithm,self;alg_id,0,cls": ["1.3.0", "1.4.0", "1.4.1", "1.4.2"], "jwt.api_jwt.PyJWS.get_algorithms,self,0,cls": ["1.3.0", "1.4.0", "1.4.1", "1.4.2"], "jwt.api_jwt.PyJWS.encode,self;payload;key;algorithm;headers;json_encoder,3,cls": ["1.3.0", "1.4.0", "1.4.1", "1.4.2"], "jwt.api_jwt.PyJWS.decode,self;jws;key;verify;algorithms;options,4,cls": ["1.3.0", "1.4.0", "1.4.1", "1.4.2"], "jwt.api_jwt.PyJWS.get_unverified_header,self;jwt,0,cls": ["1.3.0", "1.4.0", "1.4.1", "1.4.2"], "jwt.api_jwt.Algorithm,,": ["1.3.0", "1.4.0", "1.4.1", "1.4.2"], "jwt.api_jwt.Algorithm.prepare_key,self;key,0,cls": ["1.3.0", "1.4.0", "1.4.1", "1.4.2"], "jwt.api_jwt.Algorithm.sign,self;msg;key,0,cls": ["1.3.0", "1.4.0", "1.4.1", "1.4.2"], "jwt.api_jwt.Algorithm.verify,self;msg;key;sig,0,cls": ["1.3.0", "1.4.0", "1.4.1", "1.4.2"], "jwt.api_jwt.get_default_algorithms,,0,func": ["1.3.0", "1.4.0", "1.4.1", "1.4.2"], "jwt.api_jwt.timedelta_total_seconds,delta,0,func": ["1.3.0", "1.4.0", "1.4.1", "1.4.2"], "jwt.api_jwt.DecodeError,,": ["1.3.0", "1.4.0", "1.4.1", "1.4.2"], "jwt.api_jwt.ExpiredSignatureError,,": ["1.3.0", "1.4.0", "1.4.1", "1.4.2"], "jwt.api_jwt.ImmatureSignatureError,,": ["1.3.0", "1.4.0", "1.4.1", "1.4.2"], "jwt.api_jwt.InvalidAudienceError,,": ["1.3.0", "1.4.0", "1.4.1", "1.4.2"], "jwt.api_jwt.InvalidIssuedAtError,,": ["1.3.0", "1.4.0", "1.4.1", "1.4.2"], "jwt.api_jwt.InvalidIssuerError,,": ["1.3.0", "1.4.0", "1.4.1", "1.4.2"], "jwt.api_jwt.merge_dict,original;updates,0,func": ["1.3.0", "1.4.0", "1.4.1", "1.4.2"], "jwt.PyJWT,,": ["1.3.0", "1.4.0", "1.4.1", "1.4.2"], "jwt.PyJWT.decode,self;jwt;key;verify;algorithms;options,4,cls": ["1.3.0", "1.4.0", "1.4.1", "1.4.2"], "jwt.PyJWS,self;algorithms;options,2": ["1.3.0", "1.4.0", "1.4.1", "1.4.2"], "jwt.PyJWS.register_algorithm,self;alg_id;alg_obj,0,cls": ["1.3.0", "1.4.0", "1.4.1", "1.4.2"], "jwt.PyJWS.unregister_algorithm,self;alg_id,0,cls": ["1.3.0", "1.4.0", "1.4.1", "1.4.2"], "jwt.PyJWS.get_algorithms,self,0,cls": ["1.3.0", "1.4.0", "1.4.1", "1.4.2"], "jwt.PyJWS.encode,self;payload;key;algorithm;headers;json_encoder,3,cls": ["1.3.0", "1.4.0", "1.4.1", "1.4.2"], "jwt.PyJWS.decode,self;jws;key;verify;algorithms;options,4,cls": ["1.3.0", "1.4.0", "1.4.1", "1.4.2"], "jwt.PyJWS.get_unverified_header,self;jwt,0,cls": ["1.3.0", "1.4.0", "1.4.1", "1.4.2"], "jwt.ImmatureSignatureError,,": ["1.3.0", "1.4.0", "1.4.1", "1.4.2"], "jwt.InvalidIssuedAtError,,": ["1.3.0", "1.4.0", "1.4.1", "1.4.2"], "jwt.utils.merge_dict,original;updates,0,func": ["1.3.0", "1.4.0", "1.4.1", "1.4.2"], "jwt.utils.number_to_bytes,num;num_bytes,0,func": ["1.3.0", "1.4.0", "1.4.1", "1.4.2"], "jwt.utils.bytes_to_number,string,0,func": ["1.3.0", "1.4.0", "1.4.1", "1.4.2"], "jwt.utils.der_to_raw_signature,der_sig;curve,0,func": ["1.3.0", "1.4.0", "1.4.1", "1.4.2"], "jwt.utils.raw_to_der_signature,raw_sig;curve,0,func": ["1.3.0", "1.4.0", "1.4.1", "1.4.2"], "jwt.exceptions.InvalidIssuedAtError,,": ["1.3.0", "1.4.0", "1.4.1", "1.4.2"], "jwt.exceptions.ImmatureSignatureError,,": ["1.3.0", "1.4.0", "1.4.1", "1.4.2"], "jwt.api_jws.PyJWS,self;algorithms;options,2": ["1.3.0", "1.4.0", "1.4.1", "1.4.2"], "jwt.api_jws.PyJWS.register_algorithm,self;alg_id;alg_obj,0,cls": ["1.3.0", "1.4.0", "1.4.1", "1.4.2"], "jwt.api_jws.PyJWS.unregister_algorithm,self;alg_id,0,cls": ["1.3.0", "1.4.0", "1.4.1", "1.4.2"], "jwt.api_jws.PyJWS.get_algorithms,self,0,cls": ["1.3.0", "1.4.0", "1.4.1", "1.4.2"], "jwt.api_jws.PyJWS.encode,self;payload;key;algorithm;headers;json_encoder,3,cls": ["1.3.0", "1.4.0", "1.4.1", "1.4.2"], "jwt.api_jws.PyJWS.decode,self;jws;key;verify;algorithms;options,4,cls": ["1.3.0", "1.4.0", "1.4.1", "1.4.2"], "jwt.api_jws.PyJWS.get_unverified_header,self;jwt,0,cls": ["1.3.0", "1.4.0", "1.4.1", "1.4.2"], "jwt.api_jws.Algorithm,,": ["1.3.0", "1.4.0", "1.4.1", "1.4.2"], "jwt.api_jws.Algorithm.prepare_key,self;key,0,cls": ["1.3.0", "1.4.0", "1.4.1", "1.4.2"], "jwt.api_jws.Algorithm.sign,self;msg;key,0,cls": ["1.3.0", "1.4.0", "1.4.1", "1.4.2"], "jwt.api_jws.Algorithm.verify,self;msg;key;sig,0,cls": ["1.3.0", "1.4.0", "1.4.1", "1.4.2"], "jwt.api_jws.get_default_algorithms,,0,func": ["1.3.0", "1.4.0", "1.4.1", "1.4.2"], "jwt.api_jws.DecodeError,,": ["1.3.0", "1.4.0", "1.4.1", "1.4.2"], "jwt.api_jws.InvalidAlgorithmError,,": ["1.3.0", "1.4.0", "1.4.1", "1.4.2"], "jwt.api_jws.base64url_decode,input,0,func": ["1.3.0", "1.4.0", "1.4.1", "1.4.2"], "jwt.api_jws.base64url_encode,input,0,func": ["1.3.0", "1.4.0", "1.4.1", "1.4.2"], "jwt.api_jws.merge_dict,original;updates,0,func": ["1.3.0", "1.4.0", "1.4.1", "1.4.2"], "jwt.__main__.main,,0,func": ["1.3.0", "1.4.0", "1.4.1", "1.4.2"], "jwt.contrib.algorithms.pycrypto.RSAAlgorithm,self;hash_alg,0": ["1.3.0", "1.4.0", "1.4.1", "1.4.2"], "jwt.contrib.algorithms.pycrypto.RSAAlgorithm.prepare_key,self;key,0,cls": ["1.3.0", "1.4.0", "1.4.1", "1.4.2"], "jwt.contrib.algorithms.pycrypto.RSAAlgorithm.sign,self;msg;key,0,cls": ["1.3.0", "1.4.0", "1.4.1", "1.4.2"], "jwt.contrib.algorithms.pycrypto.RSAAlgorithm.verify,self;msg;key;sig,0,cls": ["1.3.0", "1.4.0", "1.4.1", "1.4.2"], "jwt.contrib.algorithms.pycrypto.Algorithm,,": ["1.3.0", "1.4.0", "1.4.1", "1.4.2"], "jwt.contrib.algorithms.pycrypto.Algorithm.prepare_key,self;key,0,cls": ["1.3.0", "1.4.0", "1.4.1", "1.4.2"], "jwt.contrib.algorithms.pycrypto.Algorithm.sign,self;msg;key,0,cls": ["1.3.0", "1.4.0", "1.4.1", "1.4.2"], "jwt.contrib.algorithms.pycrypto.Algorithm.verify,self;msg;key;sig,0,cls": ["1.3.0", "1.4.0", "1.4.1", "1.4.2"], "jwt.contrib.algorithms.py_ecdsa.ECAlgorithm,self;hash_alg,0": ["1.3.0", "1.4.0", "1.4.1", "1.4.2"], "jwt.contrib.algorithms.py_ecdsa.ECAlgorithm.prepare_key,self;key,0,cls": ["1.3.0", "1.4.0", "1.4.1", "1.4.2"], "jwt.contrib.algorithms.py_ecdsa.ECAlgorithm.sign,self;msg;key,0,cls": ["1.3.0", "1.4.0", "1.4.1", "1.4.2"], "jwt.contrib.algorithms.py_ecdsa.ECAlgorithm.verify,self;msg;key;sig,0,cls": ["1.3.0", "1.4.0", "1.4.1", "1.4.2"], "jwt.contrib.algorithms.py_ecdsa.Algorithm,,": ["1.3.0", "1.4.0", "1.4.1", "1.4.2"], "jwt.contrib.algorithms.py_ecdsa.Algorithm.prepare_key,self;key,0,cls": ["1.3.0", "1.4.0", "1.4.1", "1.4.2"], "jwt.contrib.algorithms.py_ecdsa.Algorithm.sign,self;msg;key,0,cls": ["1.3.0", "1.4.0", "1.4.1", "1.4.2"], "jwt.contrib.algorithms.py_ecdsa.Algorithm.verify,self;msg;key;sig,0,cls": ["1.3.0", "1.4.0", "1.4.1", "1.4.2"], "jwt.api_jwt.MissingRequiredClaimError,self;claim,0": ["1.4.0", "1.4.1", "1.4.2"], "jwt.MissingRequiredClaimError,self;claim,0": ["1.4.0", "1.4.1", "1.4.2"], "jwt.exceptions.MissingRequiredClaimError,self;claim,0": ["1.4.0", "1.4.1", "1.4.2"], "jwt.api_jws.InvalidTokenError,,": ["1.4.1", "1.4.2"], "jwt.algorithms.is_string_type,val,0,func": ["1.4.2"], "jwt.compat.is_string_type,val,0,func": ["1.4.2"]}, "version": ["0.1.1", "0.1.2", "0.1.3", "0.1.4", "0.1.5", "0.1.6", "0.1.7", "0.1.8", "0.1.9", "0.2.0", "0.2.1", "0.2.3", "0.3.0", "0.3.1", "0.3.2", "0.4.0", "0.4.1", "0.4.2", "0.4.3", "1.0.0", "1.0.1", "1.1.0", "1.3.0", "1.4.0", "1.4.1", "1.4.2", "1.5.0", "1.5.1", "1.5.2", "1.5.3", "1.6.0", "1.6.1", "1.6.3", "1.6.4", "1.7.0", "1.7.1", "2.0.0a1", "2.0.0a2", "2.0.0", "2.0.1", "2.1.0", "2.2.0", "2.3.0", "2.4.0", "2.5.0", "2.6.0"]}