{"module": ["requests-html/0.1.0/tmp/requests_html.py"], "API": {"requests_html.Element,self;element,0": ["0.0.1", "0.1.0"], "requests_html.Element.pq,self,0,cls": ["0.0.1", "0.1.0"], "requests_html.Element.attrs,self,0,cls": ["0.0.1", "0.1.0"], "requests_html.Element.text,self,0,cls": ["0.0.1", "0.1.0"], "requests_html.Element.html,self,0,cls": ["0.0.1", "0.1.0"], "requests_html.Element.find,self;selector,0,cls": ["0.0.1", "0.1.0"], "requests_html.HTML,self;response,0": ["0.0.1", "0.1.0"], "requests_html.HTML.find,self;selector,0,cls": ["0.0.1", "0.1.0"], "requests_html.HTML.links,self,0,cls": ["0.0.1", "0.1.0"], "requests_html.HTML.base_url,self,0,cls": ["0.0.1", "0.1.0"], "requests_html.HTML.absolute_links,self,0,cls": ["0.0.1", "0.1.0"], "requests_html.HTML.pq,self,0,cls": ["0.0.1", "0.1.0"], "requests_html.handle_response,response,0,func": ["0.0.1"], "requests_html.Element.full_text,self,0,cls": ["0.1.0"], "requests_html.Element.markdown,self,0,cls": ["0.1.0"], "requests_html.Element.search,self;template,0,cls": ["0.1.0"], "requests_html.Element.search_all,self;template,0,cls": ["0.1.0"], "requests_html.HTML.search,self;template,0,cls": ["0.1.0"], "requests_html.HTML.search_all,self;template,0,cls": ["0.1.0"], "requests_html.HTML.markdown,self,0,cls": ["0.1.0"], "requests_html.user_agent,style,1,func": ["0.1.0"], "requests_html.get_session,mock_browser,1,func": ["0.1.0"]}, "version": ["0.0.1", "0.1.0", "0.1.1", "0.2.0", "0.2.1", "0.2.2", "0.2.3", "0.3.0", "0.3.1", "0.3.2", "0.3.3", "0.3.4", "0.3.5", "0.4.0", "0.6.0", "0.6.1", "0.6.2", "0.6.3", "0.6.4", "0.6.5", "0.6.6", "0.6.7", "0.6.8", "0.6.9", "0.7.0", "0.7.1", "0.7.2", "0.7.3", "0.7.4", "0.8.0", "0.8.1", "0.8.2", "0.8.3", "0.8.4", "0.9.0", "0.10.0"]}