{"module": ["seaborn/0.12.1/tmp/seaborn"], "API": {"seaborn.matrix.heatmap,data,0,func": ["0.12.0rc0", "0.12.0", "0.12.1"], "seaborn.matrix.dendrogram,data,0,func": ["0.12.0rc0", "0.12.0", "0.12.1"], "seaborn.matrix.ClusterGrid,self;data;pivot_kws;z_score;standard_scale;figsize;row_colors;col_colors;mask;dendrogram_ratio;colors_ratio;cbar_pos,10": ["0.12.0rc0", "0.12.0", "0.12.1"], "seaborn.matrix.ClusterGrid.format_data,self;data;pivot_kws;z_score;standard_scale,2,cls": ["0.12.0rc0", "0.12.0", "0.12.1"], "seaborn.matrix.ClusterGrid.z_score,data2d;axis,1,cls": ["0.12.0rc0", "0.12.0", "0.12.1"], "seaborn.matrix.ClusterGrid.standard_scale,data2d;axis,1,cls": ["0.12.0rc0", "0.12.0", "0.12.1"], "seaborn.matrix.ClusterGrid.dim_ratios,self;colors;dendrogram_ratio;colors_ratio,0,cls": ["0.12.0rc0", "0.12.0", "0.12.1"], "seaborn.matrix.ClusterGrid.color_list_to_matrix_and_cmap,colors;ind;axis,1,cls": ["0.12.0rc0", "0.12.0", "0.12.1"], "seaborn.matrix.ClusterGrid.plot_dendrograms,self;row_cluster;col_cluster;metric;method;row_linkage;col_linkage;tree_kws,0,cls": ["0.12.0rc0", "0.12.0", "0.12.1"], "seaborn.matrix.ClusterGrid.plot_colors,self;xind;yind,0,cls": ["0.12.0rc0", "0.12.0", "0.12.1"], "seaborn.matrix.ClusterGrid.plot_matrix,self;colorbar_kws;xind;yind,0,cls": ["0.12.0rc0", "0.12.0", "0.12.1"], "seaborn.matrix.ClusterGrid.plot,self;metric;method;colorbar_kws;row_cluster;col_cluster;row_linkage;col_linkage;tree_kws,0,cls": ["0.12.0rc0", "0.12.0", "0.12.1"], "seaborn.matrix.clustermap,data,0,func": ["0.12.0rc0", "0.12.0", "0.12.1"], "seaborn.matrix.Grid,self,0": ["0.12.0rc0", "0.12.0", "0.12.1"], "seaborn.matrix.Grid.tight_layout,self,0,cls": ["0.12.0rc0", "0.12.0", "0.12.1"], "seaborn.matrix.Grid.add_legend,self;legend_data;title;label_order;adjust_subtitles,4,cls": ["0.12.0rc0", "0.12.0", "0.12.1"], "seaborn.matrix.Grid.legend,self,0,cls": ["0.12.0rc0", "0.12.0", "0.12.1"], "seaborn.matrix.Grid.tick_params,self;axis,1,cls": ["0.12.0rc0", "0.12.0", "0.12.1"], "seaborn.matrix.despine,fig;ax;top;right;left;bottom;offset;trim,8,func": ["0.12.0rc0", "0.12.0", "0.12.1"], "seaborn.matrix.axis_ticklabels_overlap,labels,0,func": ["0.12.0rc0", "0.12.0", "0.12.1"], "seaborn.matrix.relative_luminance,color,0,func": ["0.12.0rc0", "0.12.0", "0.12.1"], "seaborn.matrix.to_utf8,obj,0,func": ["0.12.0rc0", "0.12.0", "0.12.1"], "seaborn.categorical.boxplot,data,1,func": ["0.12.0rc0", "0.12.0", "0.12.1"], "seaborn.categorical.violinplot,data,1,func": ["0.12.0rc0", "0.12.0", "0.12.1"], "seaborn.categorical.boxenplot,data,1,func": ["0.12.0rc0", "0.12.0", "0.12.1"], "seaborn.categorical.stripplot,data,1,func": ["0.12.0rc0", "0.12.0", "0.12.1"], "seaborn.categorical.swarmplot,data,1,func": ["0.12.0rc0", "0.12.0", "0.12.1"], "seaborn.categorical.barplot,data,1,func": ["0.12.0rc0", "0.12.0", "0.12.1"], "seaborn.categorical.pointplot,data,1,func": ["0.12.0rc0", "0.12.0", "0.12.1"], "seaborn.categorical.countplot,data,1,func": ["0.12.0rc0", "0.12.0", "0.12.1"], "seaborn.categorical.catplot,data,1,func": ["0.12.0rc0", "0.12.0", "0.12.1"], "seaborn.categorical.Beeswarm,self;orient;width;warn_thresh,3": ["0.12.0rc0", "0.12.0", "0.12.1"], "seaborn.categorical.Beeswarm.beeswarm,self;orig_xyr,0,cls": ["0.12.0rc0", "0.12.0", "0.12.1"], "seaborn.categorical.Beeswarm.could_overlap,self;xyr_i;swarm,0,cls": ["0.12.0rc0", "0.12.0", "0.12.1"], "seaborn.categorical.Beeswarm.position_candidates,self;xyr_i;neighbors,0,cls": ["0.12.0rc0", "0.12.0", "0.12.1"], "seaborn.categorical.Beeswarm.first_non_overlapping_candidate,self;candidates;neighbors,0,cls": ["0.12.0rc0", "0.12.0", "0.12.1"], "seaborn.categorical.Beeswarm.add_gutters,self;points;center;log_scale,1,cls": ["0.12.0rc0", "0.12.0", "0.12.1"], "seaborn.categorical.variable_type,vector;boolean_type,1,func": ["0.12.0rc0", "0.12.0", "0.12.1"], "seaborn.categorical.infer_orient,x;y;orient;require_numeric,4,func": ["0.12.0rc0", "0.12.0", "0.12.1"], "seaborn.categorical.categorical_order,vector;order,1,func": ["0.12.0rc0", "0.12.0", "0.12.1"], "seaborn.categorical.remove_na,vector,0,func": ["0.12.0rc0", "0.12.0", "0.12.1"], "seaborn.categorical.EstimateAggregator,self;estimator;errorbar,1": ["0.12.0rc0", "0.12.0", "0.12.1"], "seaborn.categorical.color_palette,palette;n_colors;desat;as_cmap,4,func": ["0.12.0rc0", "0.12.0", "0.12.1"], "seaborn.categorical.husl_palette,n_colors;h;s;l;as_cmap,5,func": ["0.12.0rc0", "0.12.0", "0.12.1"], "seaborn.categorical.light_palette,color;n_colors;reverse;as_cmap;input,4,func": ["0.12.0rc0", "0.12.0", "0.12.1"], "seaborn.categorical.dark_palette,color;n_colors;reverse;as_cmap;input,4,func": ["0.12.0rc0", "0.12.0", "0.12.1"], "seaborn.categorical.FacetGrid,self;data,0": ["0.12.0rc0", "0.12.0", "0.12.1"], "seaborn.categorical.FacetGrid.facet_data,self,0,cls": ["0.12.0rc0", "0.12.0", "0.12.1"], "seaborn.categorical.FacetGrid.map,self;func,0,cls": ["0.12.0rc0", "0.12.0", "0.12.1"], "seaborn.categorical.FacetGrid.map_dataframe,self;func,0,cls": ["0.12.0rc0", "0.12.0", "0.12.1"], "seaborn.categorical.FacetGrid.facet_axis,self;row_i;col_j;modify_state,1,cls": ["0.12.0rc0", "0.12.0", "0.12.1"], "seaborn.categorical.FacetGrid.despine,self,0,cls": ["0.12.0rc0", "0.12.0", "0.12.1"], "seaborn.categorical.FacetGrid.set_axis_labels,self;x_var;y_var;clear_inner,3,cls": ["0.12.0rc0", "0.12.0", "0.12.1"], "seaborn.categorical.FacetGrid.set_xlabels,self;label;clear_inner,2,cls": ["0.12.0rc0", "0.12.0", "0.12.1"], "seaborn.categorical.FacetGrid.set_ylabels,self;label;clear_inner,2,cls": ["0.12.0rc0", "0.12.0", "0.12.1"], "seaborn.categorical.FacetGrid.set_xticklabels,self;labels;step,2,cls": ["0.12.0rc0", "0.12.0", "0.12.1"], "seaborn.categorical.FacetGrid.set_yticklabels,self;labels,1,cls": ["0.12.0rc0", "0.12.0", "0.12.1"], "seaborn.categorical.FacetGrid.set_titles,self;template;row_template;col_template,3,cls": ["0.12.0rc0", "0.12.0", "0.12.1"], "seaborn.categorical.FacetGrid.refline,self,0,cls": ["0.12.0rc0", "0.12.0", "0.12.1"], "seaborn.categorical.FacetGrid.axes,self,0,cls": ["0.12.0rc0", "0.12.0", "0.12.1"], "seaborn.categorical.FacetGrid.ax,self,0,cls": ["0.12.0rc0", "0.12.0", "0.12.1"], "seaborn.categorical.FacetGrid.axes_dict,self,0,cls": ["0.12.0rc0", "0.12.0", "0.12.1"], "seaborn.categorical.gaussian_kde,self;dataset;bw_method;weights,2": ["0.12.0rc0", "0.12.0", "0.12.1"], "seaborn.categorical.gaussian_kde.evaluate,self;points,0,cls": ["0.12.0rc0", "0.12.0", "0.12.1"], "seaborn.categorical.gaussian_kde.scotts_factor,self,0,cls": ["0.12.0rc0", "0.12.0", "0.12.1"], "seaborn.categorical.gaussian_kde.silverman_factor,self,0,cls": ["0.12.0rc0", "0.12.0", "0.12.1"], "seaborn.categorical.gaussian_kde.set_bandwidth,self;bw_method,1,cls": ["0.12.0rc0", "0.12.0", "0.12.1"], "seaborn.categorical.gaussian_kde.pdf,self;x,0,cls": ["0.12.0rc0", "0.12.0", "0.12.1"], "seaborn.categorical.gaussian_kde.weights,self,0,cls": ["0.12.0rc0", "0.12.0", "0.12.1"], "seaborn.categorical.gaussian_kde.neff,self,0,cls": ["0.12.0rc0", "0.12.0", "0.12.1"], "seaborn._docstrings.DocstringComponents,self;comp_dict;strip_whitespace,1": ["0.12.0rc0", "0.12.0", "0.12.1"], "seaborn._docstrings.DocstringComponents.from_nested_components,cls,0,cls": ["0.12.0rc0", "0.12.0", "0.12.1"], "seaborn._docstrings.DocstringComponents.from_function_params,cls;func,0,cls": ["0.12.0rc0", "0.12.0", "0.12.1"], "seaborn.regression.lmplot,data,1,func": ["0.12.0rc0", "0.12.0", "0.12.1"], "seaborn.regression.regplot,data,1,func": ["0.12.0rc0", "0.12.0", "0.12.1"], "seaborn.regression.residplot,data,1,func": ["0.12.0rc0", "0.12.0", "0.12.1"], "seaborn.regression.FacetGrid,self;data,0": ["0.12.0rc0", "0.12.0", "0.12.1"], "seaborn.regression.FacetGrid.facet_data,self,0,cls": ["0.12.0rc0", "0.12.0", "0.12.1"], "seaborn.regression.FacetGrid.map,self;func,0,cls": ["0.12.0rc0", "0.12.0", "0.12.1"], "seaborn.regression.FacetGrid.map_dataframe,self;func,0,cls": ["0.12.0rc0", "0.12.0", "0.12.1"], "seaborn.regression.FacetGrid.facet_axis,self;row_i;col_j;modify_state,1,cls": ["0.12.0rc0", "0.12.0", "0.12.1"], "seaborn.regression.FacetGrid.despine,self,0,cls": ["0.12.0rc0", "0.12.0", "0.12.1"], "seaborn.regression.FacetGrid.set_axis_labels,self;x_var;y_var;clear_inner,3,cls": ["0.12.0rc0", "0.12.0", "0.12.1"], "seaborn.regression.FacetGrid.set_xlabels,self;label;clear_inner,2,cls": ["0.12.0rc0", "0.12.0", "0.12.1"], "seaborn.regression.FacetGrid.set_ylabels,self;label;clear_inner,2,cls": ["0.12.0rc0", "0.12.0", "0.12.1"], "seaborn.regression.FacetGrid.set_xticklabels,self;labels;step,2,cls": ["0.12.0rc0", "0.12.0", "0.12.1"], "seaborn.regression.FacetGrid.set_yticklabels,self;labels,1,cls": ["0.12.0rc0", "0.12.0", "0.12.1"], "seaborn.regression.FacetGrid.set_titles,self;template;row_template;col_template,3,cls": ["0.12.0rc0", "0.12.0", "0.12.1"], "seaborn.regression.FacetGrid.refline,self,0,cls": ["0.12.0rc0", "0.12.0", "0.12.1"], "seaborn.regression.FacetGrid.axes,self,0,cls": ["0.12.0rc0", "0.12.0", "0.12.1"], "seaborn.regression.FacetGrid.ax,self,0,cls": ["0.12.0rc0", "0.12.0", "0.12.1"], "seaborn.regression.FacetGrid.axes_dict,self,0,cls": ["0.12.0rc0", "0.12.0", "0.12.1"], "seaborn.miscplot.palplot,pal;size,1,func": ["0.12.0rc0", "0.12.0", "0.12.1"], "seaborn.miscplot.dogplot,,0,func": ["0.12.0rc0", "0.12.0", "0.12.1"], "seaborn.algorithms.bootstrap,,0,func": ["0.12.0rc0", "0.12.0", "0.12.1"], "seaborn._oldcore.SemanticMapping,self;plotter,0": ["0.12.0rc0", "0.12.0", "0.12.1"], "seaborn._oldcore.SemanticMapping.map,cls;plotter,0,cls": ["0.12.0rc0", "0.12.0", "0.12.1"], "seaborn._oldcore.HueMapping,self;plotter;palette;order;norm,3": ["0.12.0rc0", "0.12.0", "0.12.1"], "seaborn._oldcore.HueMapping.infer_map_type,self;palette;norm;input_format;var_type,0,cls": ["0.12.0rc0", "0.12.0", "0.12.1"], "seaborn._oldcore.HueMapping.categorical_mapping,self;data;palette;order,0,cls": ["0.12.0rc0", "0.12.0", "0.12.1"], "seaborn._oldcore.HueMapping.numeric_mapping,self;data;palette;norm,0,cls": ["0.12.0rc0", "0.12.0", "0.12.1"], "seaborn._oldcore.SizeMapping,self;plotter;sizes;order;norm,3": ["0.12.0rc0", "0.12.0", "0.12.1"], "seaborn._oldcore.SizeMapping.infer_map_type,self;norm;sizes;var_type,0,cls": ["0.12.0rc0", "0.12.0", "0.12.1"], "seaborn._oldcore.SizeMapping.categorical_mapping,self;data;sizes;order,0,cls": ["0.12.0rc0", "0.12.0", "0.12.1"], "seaborn._oldcore.SizeMapping.numeric_mapping,self;data;sizes;norm,0,cls": ["0.12.0rc0", "0.12.0", "0.12.1"], "seaborn._oldcore.StyleMapping,self;plotter;markers;dashes;order,3": ["0.12.0rc0", "0.12.0", "0.12.1"], "seaborn._oldcore.VectorPlotter,self;data;variables,2": ["0.12.0rc0", "0.12.0", "0.12.1"], "seaborn._oldcore.VectorPlotter.get_semantics,cls;kwargs;semantics,1,cls": ["0.12.0rc0", "0.12.0", "0.12.1"], "seaborn._oldcore.VectorPlotter.has_xy_data,self,0,cls": ["0.12.0rc0", "0.12.0", "0.12.1"], "seaborn._oldcore.VectorPlotter.var_levels,self,0,cls": ["0.12.0rc0", "0.12.0", "0.12.1"], "seaborn._oldcore.VectorPlotter.assign_variables,self;data;variables,2,cls": ["0.12.0rc0", "0.12.0", "0.12.1"], "seaborn._oldcore.VectorPlotter.iter_data,self;grouping_vars,1,cls": ["0.12.0rc0", "0.12.0", "0.12.1"], "seaborn._oldcore.VectorPlotter.comp_data,self,0,cls": ["0.12.0rc0", "0.12.0", "0.12.1"], "seaborn._oldcore.VectorPlotter.scale_native,self;axis,0,cls": ["0.12.0rc0", "0.12.0", "0.12.1"], "seaborn._oldcore.VectorPlotter.scale_numeric,self;axis,0,cls": ["0.12.0rc0", "0.12.0", "0.12.1"], "seaborn._oldcore.VectorPlotter.scale_datetime,self;axis,0,cls": ["0.12.0rc0", "0.12.0", "0.12.1"], "seaborn._oldcore.VectorPlotter.scale_categorical,self;axis;order;formatter,2,cls": ["0.12.0rc0", "0.12.0", "0.12.1"], "seaborn._oldcore.VariableType,self;data,0": ["0.12.0rc0", "0.12.0", "0.12.1"], "seaborn._oldcore.variable_type,vector;boolean_type,1,func": ["0.12.0rc0", "0.12.0", "0.12.1"], "seaborn._oldcore.infer_orient,x;y;orient;require_numeric,4,func": ["0.12.0rc0", "0.12.0", "0.12.1"], "seaborn._oldcore.unique_dashes,n,0,func": ["0.12.0rc0", "0.12.0", "0.12.1"], "seaborn._oldcore.unique_markers,n,0,func": ["0.12.0rc0", "0.12.0", "0.12.1"], "seaborn._oldcore.categorical_order,vector;order,1,func": ["0.12.0rc0", "0.12.0", "0.12.1"], "seaborn.rcmod.set_theme,context;style;palette;font;font_scale;color_codes;rc,7,func": ["0.12.0rc0", "0.12.0", "0.12.1"], "seaborn.rcmod.set,,0,func": ["0.12.0rc0", "0.12.0", "0.12.1"], "seaborn.rcmod.reset_defaults,,0,func": ["0.12.0rc0", "0.12.0", "0.12.1"], "seaborn.rcmod.reset_orig,,0,func": ["0.12.0rc0", "0.12.0", "0.12.1"], "seaborn.rcmod.axes_style,style;rc,2,func": ["0.12.0rc0", "0.12.0", "0.12.1"], "seaborn.rcmod.set_style,style;rc,2,func": ["0.12.0rc0", "0.12.0", "0.12.1"], "seaborn.rcmod.plotting_context,context;font_scale;rc,3,func": ["0.12.0rc0", "0.12.0", "0.12.1"], "seaborn.rcmod.set_context,context;font_scale;rc,3,func": ["0.12.0rc0", "0.12.0", "0.12.1"], "seaborn.rcmod.set_palette,palette;n_colors;desat;color_codes,3,func": ["0.12.0rc0", "0.12.0", "0.12.1"], "seaborn.palettes.color_palette,palette;n_colors;desat;as_cmap,4,func": ["0.12.0rc0", "0.12.0", "0.12.1"], "seaborn.palettes.hls_palette,n_colors;h;l;s;as_cmap,5,func": ["0.12.0rc0", "0.12.0", "0.12.1"], "seaborn.palettes.husl_palette,n_colors;h;s;l;as_cmap,5,func": ["0.12.0rc0", "0.12.0", "0.12.1"], "seaborn.palettes.mpl_palette,name;n_colors;as_cmap,2,func": ["0.12.0rc0", "0.12.0", "0.12.1"], "seaborn.palettes.dark_palette,color;n_colors;reverse;as_cmap;input,4,func": ["0.12.0rc0", "0.12.0", "0.12.1"], "seaborn.palettes.light_palette,color;n_colors;reverse;as_cmap;input,4,func": ["0.12.0rc0", "0.12.0", "0.12.1"], "seaborn.palettes.diverging_palette,h_neg;h_pos;s;l;sep;n;center;as_cmap,6,func": ["0.12.0rc0", "0.12.0", "0.12.1"], "seaborn.palettes.blend_palette,colors;n_colors;as_cmap;input,3,func": ["0.12.0rc0", "0.12.0", "0.12.1"], "seaborn.palettes.xkcd_palette,colors,0,func": ["0.12.0rc0", "0.12.0", "0.12.1"], "seaborn.palettes.crayon_palette,colors,0,func": ["0.12.0rc0", "0.12.0", "0.12.1"], "seaborn.palettes.cubehelix_palette,n_colors;start;rot;gamma;hue;light;dark;reverse;as_cmap,9,func": ["0.12.0rc0", "0.12.0", "0.12.1"], "seaborn.palettes.set_color_codes,palette,1,func": ["0.12.0rc0", "0.12.0", "0.12.1"], "seaborn.palettes.desaturate,color;prop,0,func": ["0.12.0rc0", "0.12.0", "0.12.1"], "seaborn.palettes.get_color_cycle,,0,func": ["0.12.0rc0", "0.12.0", "0.12.1"], "seaborn.palettes.set_palette,palette;n_colors;desat;color_codes,3,func": ["0.12.0rc0", "0.12.0", "0.12.1"], "seaborn.axisgrid.Grid,self,0": ["0.12.0rc0", "0.12.0", "0.12.1"], "seaborn.axisgrid.Grid.tight_layout,self,0,cls": ["0.12.0rc0", "0.12.0", "0.12.1"], "seaborn.axisgrid.Grid.add_legend,self;legend_data;title;label_order;adjust_subtitles,4,cls": ["0.12.0rc0", "0.12.0", "0.12.1"], "seaborn.axisgrid.Grid.legend,self,0,cls": ["0.12.0rc0", "0.12.0", "0.12.1"], "seaborn.axisgrid.Grid.tick_params,self;axis,1,cls": ["0.12.0rc0", "0.12.0", "0.12.1"], "seaborn.axisgrid.FacetGrid,self;data,0": ["0.12.0rc0", "0.12.0", "0.12.1"], "seaborn.axisgrid.FacetGrid.facet_data,self,0,cls": ["0.12.0rc0", "0.12.0", "0.12.1"], "seaborn.axisgrid.FacetGrid.map,self;func,0,cls": ["0.12.0rc0", "0.12.0", "0.12.1"], "seaborn.axisgrid.FacetGrid.map_dataframe,self;func,0,cls": ["0.12.0rc0", "0.12.0", "0.12.1"], "seaborn.axisgrid.FacetGrid.facet_axis,self;row_i;col_j;modify_state,1,cls": ["0.12.0rc0", "0.12.0", "0.12.1"], "seaborn.axisgrid.FacetGrid.despine,self,0,cls": ["0.12.0rc0", "0.12.0", "0.12.1"], "seaborn.axisgrid.FacetGrid.set_axis_labels,self;x_var;y_var;clear_inner,3,cls": ["0.12.0rc0", "0.12.0", "0.12.1"], "seaborn.axisgrid.FacetGrid.set_xlabels,self;label;clear_inner,2,cls": ["0.12.0rc0", "0.12.0", "0.12.1"], "seaborn.axisgrid.FacetGrid.set_ylabels,self;label;clear_inner,2,cls": ["0.12.0rc0", "0.12.0", "0.12.1"], "seaborn.axisgrid.FacetGrid.set_xticklabels,self;labels;step,2,cls": ["0.12.0rc0", "0.12.0", "0.12.1"], "seaborn.axisgrid.FacetGrid.set_yticklabels,self;labels,1,cls": ["0.12.0rc0", "0.12.0", "0.12.1"], "seaborn.axisgrid.FacetGrid.set_titles,self;template;row_template;col_template,3,cls": ["0.12.0rc0", "0.12.0", "0.12.1"], "seaborn.axisgrid.FacetGrid.refline,self,0,cls": ["0.12.0rc0", "0.12.0", "0.12.1"], "seaborn.axisgrid.FacetGrid.axes,self,0,cls": ["0.12.0rc0", "0.12.0", "0.12.1"], "seaborn.axisgrid.FacetGrid.ax,self,0,cls": ["0.12.0rc0", "0.12.0", "0.12.1"], "seaborn.axisgrid.FacetGrid.axes_dict,self,0,cls": ["0.12.0rc0", "0.12.0", "0.12.1"], "seaborn.axisgrid.PairGrid,self;data,0": ["0.12.0rc0", "0.12.0", "0.12.1"], "seaborn.axisgrid.PairGrid.map,self;func,0,cls": ["0.12.0rc0", "0.12.0", "0.12.1"], "seaborn.axisgrid.PairGrid.map_lower,self;func,0,cls": ["0.12.0rc0", "0.12.0", "0.12.1"], "seaborn.axisgrid.PairGrid.map_upper,self;func,0,cls": ["0.12.0rc0", "0.12.0", "0.12.1"], "seaborn.axisgrid.PairGrid.map_offdiag,self;func,0,cls": ["0.12.0rc0", "0.12.0", "0.12.1"], "seaborn.axisgrid.PairGrid.map_diag,self;func,0,cls": ["0.12.0rc0", "0.12.0", "0.12.1"], "seaborn.axisgrid.JointGrid,self;data,1": ["0.12.0rc0", "0.12.0", "0.12.1"], "seaborn.axisgrid.JointGrid.plot,self;joint_func;marginal_func,0,cls": ["0.12.0rc0", "0.12.0", "0.12.1"], "seaborn.axisgrid.JointGrid.plot_joint,self;func,0,cls": ["0.12.0rc0", "0.12.0", "0.12.1"], "seaborn.axisgrid.JointGrid.plot_marginals,self;func,0,cls": ["0.12.0rc0", "0.12.0", "0.12.1"], "seaborn.axisgrid.JointGrid.refline,self,0,cls": ["0.12.0rc0", "0.12.0", "0.12.1"], "seaborn.axisgrid.JointGrid.set_axis_labels,self;xlabel;ylabel,2,cls": ["0.12.0rc0", "0.12.0", "0.12.1"], "seaborn.axisgrid.pairplot,data,0,func": ["0.12.0rc0", "0.12.0", "0.12.1"], "seaborn.axisgrid.jointplot,data,1,func": ["0.12.0rc0", "0.12.0", "0.12.1"], "seaborn.axisgrid.VectorPlotter,self;data;variables,2": ["0.12.0rc0", "0.12.0", "0.12.1"], "seaborn.axisgrid.VectorPlotter.get_semantics,cls;kwargs;semantics,1,cls": ["0.12.0rc0", "0.12.0", "0.12.1"], "seaborn.axisgrid.VectorPlotter.has_xy_data,self,0,cls": ["0.12.0rc0", "0.12.0", "0.12.1"], "seaborn.axisgrid.VectorPlotter.var_levels,self,0,cls": ["0.12.0rc0", "0.12.0", "0.12.1"], "seaborn.axisgrid.VectorPlotter.assign_variables,self;data;variables,2,cls": ["0.12.0rc0", "0.12.0", "0.12.1"], "seaborn.axisgrid.VectorPlotter.iter_data,self;grouping_vars,1,cls": ["0.12.0rc0", "0.12.0", "0.12.1"], "seaborn.axisgrid.VectorPlotter.comp_data,self,0,cls": ["0.12.0rc0", "0.12.0", "0.12.1"], "seaborn.axisgrid.VectorPlotter.scale_native,self;axis,0,cls": ["0.12.0rc0", "0.12.0", "0.12.1"], "seaborn.axisgrid.VectorPlotter.scale_numeric,self;axis,0,cls": ["0.12.0rc0", "0.12.0", "0.12.1"], "seaborn.axisgrid.VectorPlotter.scale_datetime,self;axis,0,cls": ["0.12.0rc0", "0.12.0", "0.12.1"], "seaborn.axisgrid.VectorPlotter.scale_categorical,self;axis;order;formatter,2,cls": ["0.12.0rc0", "0.12.0", "0.12.1"], "seaborn.axisgrid.variable_type,vector;boolean_type,1,func": ["0.12.0rc0", "0.12.0", "0.12.1"], "seaborn.axisgrid.categorical_order,vector;order,1,func": ["0.12.0rc0", "0.12.0", "0.12.1"], "seaborn.axisgrid.adjust_legend_subtitles,legend,0,func": ["0.12.0rc0", "0.12.0", "0.12.1"], "seaborn.axisgrid.color_palette,palette;n_colors;desat;as_cmap,4,func": ["0.12.0rc0", "0.12.0", "0.12.1"], "seaborn.axisgrid.blend_palette,colors;n_colors;as_cmap;input,3,func": ["0.12.0rc0", "0.12.0", "0.12.1"], "seaborn.axisgrid.DocstringComponents,self;comp_dict;strip_whitespace,1": ["0.12.0rc0", "0.12.0", "0.12.1"], "seaborn.axisgrid.DocstringComponents.from_nested_components,cls,0,cls": ["0.12.0rc0", "0.12.0", "0.12.1"], "seaborn.axisgrid.DocstringComponents.from_function_params,cls;func,0,cls": ["0.12.0rc0", "0.12.0", "0.12.1"], "seaborn.axisgrid.histplot,data,1,func": ["0.12.0rc0", "0.12.0", "0.12.1"], "seaborn.axisgrid.kdeplot,data,1,func": ["0.12.0rc0", "0.12.0", "0.12.1"], "seaborn.axisgrid.scatterplot,data,1,func": ["0.12.0rc0", "0.12.0", "0.12.1"], "seaborn.axisgrid.regplot,data,1,func": ["0.12.0rc0", "0.12.0", "0.12.1"], "seaborn.axisgrid.residplot,data,1,func": ["0.12.0rc0", "0.12.0", "0.12.1"], "seaborn.set_theme,context;style;palette;font;font_scale;color_codes;rc,7,func": ["0.12.0rc0", "0.12.0", "0.12.1"], "seaborn.set,,0,func": ["0.12.0rc0", "0.12.0", "0.12.1"], "seaborn.reset_defaults,,0,func": ["0.12.0rc0", "0.12.0", "0.12.1"], "seaborn.reset_orig,,0,func": ["0.12.0rc0", "0.12.0", "0.12.1"], "seaborn.axes_style,style;rc,2,func": ["0.12.0rc0", "0.12.0", "0.12.1"], "seaborn.set_style,style;rc,2,func": ["0.12.0rc0", "0.12.0", "0.12.1"], "seaborn.plotting_context,context;font_scale;rc,3,func": ["0.12.0rc0", "0.12.0", "0.12.1"], "seaborn.set_context,context;font_scale;rc,3,func": ["0.12.0rc0", "0.12.0", "0.12.1"], "seaborn.set_palette,palette;n_colors;desat;color_codes,3,func": ["0.12.0rc0", "0.12.0", "0.12.1"], "seaborn.ci_to_errsize,cis;heights,0,func": ["0.12.0rc0", "0.12.0", "0.12.1"], "seaborn.desaturate,color;prop,0,func": ["0.12.0rc0", "0.12.0", "0.12.1"], "seaborn.saturate,color,0,func": ["0.12.0rc0", "0.12.0", "0.12.1"], "seaborn.set_hls_values,color;h;l;s,3,func": ["0.12.0rc0", "0.12.0", "0.12.1"], "seaborn.axlabel,xlabel;ylabel,0,func": ["0.12.0rc0", "0.12.0", "0.12.1"], "seaborn.remove_na,vector,0,func": ["0.12.0rc0", "0.12.0", "0.12.1"], "seaborn.get_color_cycle,,0,func": ["0.12.0rc0", "0.12.0", "0.12.1"], "seaborn.despine,fig;ax;top;right;left;bottom;offset;trim,8,func": ["0.12.0rc0", "0.12.0", "0.12.1"], "seaborn.move_legend,obj;loc,0,func": ["0.12.0rc0", "0.12.0", "0.12.1"], "seaborn.ci,a;which;axis,2,func": ["0.12.0rc0", "0.12.0", "0.12.1"], "seaborn.get_dataset_names,,0,func": ["0.12.0rc0", "0.12.0", "0.12.1"], "seaborn.get_data_home,data_home,1,func": ["0.12.0rc0", "0.12.0", "0.12.1"], "seaborn.load_dataset,name;cache;data_home,2,func": ["0.12.0rc0", "0.12.0", "0.12.1"], "seaborn.axis_ticklabels_overlap,labels,0,func": ["0.12.0rc0", "0.12.0", "0.12.1"], "seaborn.axes_ticklabels_overlap,ax,0,func": ["0.12.0rc0", "0.12.0", "0.12.1"], "seaborn.locator_to_legend_entries,locator;limits;dtype,0,func": ["0.12.0rc0", "0.12.0", "0.12.1"], "seaborn.relative_luminance,color,0,func": ["0.12.0rc0", "0.12.0", "0.12.1"], "seaborn.to_utf8,obj,0,func": ["0.12.0rc0", "0.12.0", "0.12.1"], "seaborn.adjust_legend_subtitles,legend,0,func": ["0.12.0rc0", "0.12.0", "0.12.1"], "seaborn.Version,self;version,0": ["0.12.0rc0", "0.12.0", "0.12.1"], "seaborn.Version.epoch,self,0,cls": ["0.12.0rc0", "0.12.0", "0.12.1"], "seaborn.Version.release,self,0,cls": ["0.12.0rc0", "0.12.0", "0.12.1"], "seaborn.Version.pre,self,0,cls": ["0.12.0rc0", "0.12.0", "0.12.1"], "seaborn.Version.post,self,0,cls": ["0.12.0rc0", "0.12.0", "0.12.1"], "seaborn.Version.dev,self,0,cls": ["0.12.0rc0", "0.12.0", "0.12.1"], "seaborn.Version.local,self,0,cls": ["0.12.0rc0", "0.12.0", "0.12.1"], "seaborn.Version.public,self,0,cls": ["0.12.0rc0", "0.12.0", "0.12.1"], "seaborn.Version.base_version,self,0,cls": ["0.12.0rc0", "0.12.0", "0.12.1"], "seaborn.Version.is_prerelease,self,0,cls": ["0.12.0rc0", "0.12.0", "0.12.1"], "seaborn.Version.is_postrelease,self,0,cls": ["0.12.0rc0", "0.12.0", "0.12.1"], "seaborn.Version.is_devrelease,self,0,cls": ["0.12.0rc0", "0.12.0", "0.12.1"], "seaborn.Version.major,self,0,cls": ["0.12.0rc0", "0.12.0", "0.12.1"], "seaborn.Version.minor,self,0,cls": ["0.12.0rc0", "0.12.0", "0.12.1"], "seaborn.Version.micro,self,0,cls": ["0.12.0rc0", "0.12.0", "0.12.1"], "seaborn.user_cache_dir,appname;appauthor;version;opinion,4,func": ["0.12.0rc0", "0.12.0", "0.12.1"], "seaborn.Grid,self,0": ["0.12.0rc0", "0.12.0", "0.12.1"], "seaborn.Grid.tight_layout,self,0,cls": ["0.12.0rc0", "0.12.0", "0.12.1"], "seaborn.Grid.add_legend,self;legend_data;title;label_order;adjust_subtitles,4,cls": ["0.12.0rc0", "0.12.0", "0.12.1"], "seaborn.Grid.legend,self,0,cls": ["0.12.0rc0", "0.12.0", "0.12.1"], "seaborn.Grid.tick_params,self;axis,1,cls": ["0.12.0rc0", "0.12.0", "0.12.1"], "seaborn.color_palette,palette;n_colors;desat;as_cmap,4,func": ["0.12.0rc0", "0.12.0", "0.12.1"], "seaborn.hls_palette,n_colors;h;l;s;as_cmap,5,func": ["0.12.0rc0", "0.12.0", "0.12.1"], "seaborn.husl_palette,n_colors;h;s;l;as_cmap,5,func": ["0.12.0rc0", "0.12.0", "0.12.1"], "seaborn.mpl_palette,name;n_colors;as_cmap,2,func": ["0.12.0rc0", "0.12.0", "0.12.1"], "seaborn.dark_palette,color;n_colors;reverse;as_cmap;input,4,func": ["0.12.0rc0", "0.12.0", "0.12.1"], "seaborn.light_palette,color;n_colors;reverse;as_cmap;input,4,func": ["0.12.0rc0", "0.12.0", "0.12.1"], "seaborn.diverging_palette,h_neg;h_pos;s;l;sep;n;center;as_cmap,6,func": ["0.12.0rc0", "0.12.0", "0.12.1"], "seaborn.blend_palette,colors;n_colors;as_cmap;input,3,func": ["0.12.0rc0", "0.12.0", "0.12.1"], "seaborn.xkcd_palette,colors,0,func": ["0.12.0rc0", "0.12.0", "0.12.1"], "seaborn.crayon_palette,colors,0,func": ["0.12.0rc0", "0.12.0", "0.12.1"], "seaborn.cubehelix_palette,n_colors;start;rot;gamma;hue;light;dark;reverse;as_cmap,9,func": ["0.12.0rc0", "0.12.0", "0.12.1"], "seaborn.set_color_codes,palette,1,func": ["0.12.0rc0", "0.12.0", "0.12.1"], "seaborn.lineplot,data,1,func": ["0.12.0rc0", "0.12.0", "0.12.1"], "seaborn.scatterplot,data,1,func": ["0.12.0rc0", "0.12.0", "0.12.1"], "seaborn.relplot,data,1,func": ["0.12.0rc0", "0.12.0", "0.12.1"], "seaborn.VectorPlotter,self;data;variables,2": ["0.12.0rc0", "0.12.0", "0.12.1"], "seaborn.VectorPlotter.get_semantics,cls;kwargs;semantics,1,cls": ["0.12.0rc0", "0.12.0", "0.12.1"], "seaborn.VectorPlotter.has_xy_data,self,0,cls": ["0.12.0rc0", "0.12.0", "0.12.1"], "seaborn.VectorPlotter.var_levels,self,0,cls": ["0.12.0rc0", "0.12.0", "0.12.1"], "seaborn.VectorPlotter.assign_variables,self;data;variables,2,cls": ["0.12.0rc0", "0.12.0", "0.12.1"], "seaborn.VectorPlotter.iter_data,self;grouping_vars,1,cls": ["0.12.0rc0", "0.12.0", "0.12.1"], "seaborn.VectorPlotter.comp_data,self,0,cls": ["0.12.0rc0", "0.12.0", "0.12.1"], "seaborn.VectorPlotter.scale_native,self;axis,0,cls": ["0.12.0rc0", "0.12.0", "0.12.1"], "seaborn.VectorPlotter.scale_numeric,self;axis,0,cls": ["0.12.0rc0", "0.12.0", "0.12.1"], "seaborn.VectorPlotter.scale_datetime,self;axis,0,cls": ["0.12.0rc0", "0.12.0", "0.12.1"], "seaborn.VectorPlotter.scale_categorical,self;axis;order;formatter,2,cls": ["0.12.0rc0", "0.12.0", "0.12.1"], "seaborn.EstimateAggregator,self;estimator;errorbar,1": ["0.12.0rc0", "0.12.0", "0.12.1"], "seaborn.FacetGrid,self;data,0": ["0.12.0rc0", "0.12.0", "0.12.1"], "seaborn.FacetGrid.facet_data,self,0,cls": ["0.12.0rc0", "0.12.0", "0.12.1"], "seaborn.FacetGrid.map,self;func,0,cls": ["0.12.0rc0", "0.12.0", "0.12.1"], "seaborn.FacetGrid.map_dataframe,self;func,0,cls": ["0.12.0rc0", "0.12.0", "0.12.1"], "seaborn.FacetGrid.facet_axis,self;row_i;col_j;modify_state,1,cls": ["0.12.0rc0", "0.12.0", "0.12.1"], "seaborn.FacetGrid.despine,self,0,cls": ["0.12.0rc0", "0.12.0", "0.12.1"], "seaborn.FacetGrid.set_axis_labels,self;x_var;y_var;clear_inner,3,cls": ["0.12.0rc0", "0.12.0", "0.12.1"], "seaborn.FacetGrid.set_xlabels,self;label;clear_inner,2,cls": ["0.12.0rc0", "0.12.0", "0.12.1"], "seaborn.FacetGrid.set_ylabels,self;label;clear_inner,2,cls": ["0.12.0rc0", "0.12.0", "0.12.1"], "seaborn.FacetGrid.set_xticklabels,self;labels;step,2,cls": ["0.12.0rc0", "0.12.0", "0.12.1"], "seaborn.FacetGrid.set_yticklabels,self;labels,1,cls": ["0.12.0rc0", "0.12.0", "0.12.1"], "seaborn.FacetGrid.set_titles,self;template;row_template;col_template,3,cls": ["0.12.0rc0", "0.12.0", "0.12.1"], "seaborn.FacetGrid.refline,self,0,cls": ["0.12.0rc0", "0.12.0", "0.12.1"], "seaborn.FacetGrid.axes,self,0,cls": ["0.12.0rc0", "0.12.0", "0.12.1"], "seaborn.FacetGrid.ax,self,0,cls": ["0.12.0rc0", "0.12.0", "0.12.1"], "seaborn.FacetGrid.axes_dict,self,0,cls": ["0.12.0rc0", "0.12.0", "0.12.1"], "seaborn.DocstringComponents,self;comp_dict;strip_whitespace,1": ["0.12.0rc0", "0.12.0", "0.12.1"], "seaborn.DocstringComponents.from_nested_components,cls,0,cls": ["0.12.0rc0", "0.12.0", "0.12.1"], "seaborn.DocstringComponents.from_function_params,cls;func,0,cls": ["0.12.0rc0", "0.12.0", "0.12.1"], "seaborn.lmplot,data,1,func": ["0.12.0rc0", "0.12.0", "0.12.1"], "seaborn.regplot,data,1,func": ["0.12.0rc0", "0.12.0", "0.12.1"], "seaborn.residplot,data,1,func": ["0.12.0rc0", "0.12.0", "0.12.1"], "seaborn.boxplot,data,1,func": ["0.12.0rc0", "0.12.0", "0.12.1"], "seaborn.violinplot,data,1,func": ["0.12.0rc0", "0.12.0", "0.12.1"], "seaborn.boxenplot,data,1,func": ["0.12.0rc0", "0.12.0", "0.12.1"], "seaborn.stripplot,data,1,func": ["0.12.0rc0", "0.12.0", "0.12.1"], "seaborn.swarmplot,data,1,func": ["0.12.0rc0", "0.12.0", "0.12.1"], "seaborn.barplot,data,1,func": ["0.12.0rc0", "0.12.0", "0.12.1"], "seaborn.pointplot,data,1,func": ["0.12.0rc0", "0.12.0", "0.12.1"], "seaborn.countplot,data,1,func": ["0.12.0rc0", "0.12.0", "0.12.1"], "seaborn.catplot,data,1,func": ["0.12.0rc0", "0.12.0", "0.12.1"], "seaborn.Beeswarm,self;orient;width;warn_thresh,3": ["0.12.0rc0", "0.12.0", "0.12.1"], "seaborn.Beeswarm.beeswarm,self;orig_xyr,0,cls": ["0.12.0rc0", "0.12.0", "0.12.1"], "seaborn.Beeswarm.could_overlap,self;xyr_i;swarm,0,cls": ["0.12.0rc0", "0.12.0", "0.12.1"], "seaborn.Beeswarm.position_candidates,self;xyr_i;neighbors,0,cls": ["0.12.0rc0", "0.12.0", "0.12.1"], "seaborn.Beeswarm.first_non_overlapping_candidate,self;candidates;neighbors,0,cls": ["0.12.0rc0", "0.12.0", "0.12.1"], "seaborn.Beeswarm.add_gutters,self;points;center;log_scale,1,cls": ["0.12.0rc0", "0.12.0", "0.12.1"], "seaborn.histplot,data,1,func": ["0.12.0rc0", "0.12.0", "0.12.1"], "seaborn.kdeplot,data,1,func": ["0.12.0rc0", "0.12.0", "0.12.1"], "seaborn.ecdfplot,data,1,func": ["0.12.0rc0", "0.12.0", "0.12.1"], "seaborn.rugplot,data,1,func": ["0.12.0rc0", "0.12.0", "0.12.1"], "seaborn.displot,data,1,func": ["0.12.0rc0", "0.12.0", "0.12.1"], "seaborn.distplot,a;bins;hist;kde;rug;fit;hist_kws;kde_kws;rug_kws;fit_kws;color;vertical;norm_hist;axlabel;label;ax;x,17,func": ["0.12.0rc0", "0.12.0", "0.12.1"], "seaborn.KDE,self,0": ["0.12.0rc0", "0.12.0", "0.12.1"], "seaborn.KDE.define_support,self;x1;x2;weights;cache,3,cls": ["0.12.0rc0", "0.12.0", "0.12.1"], "seaborn.Histogram,self;stat;bins;binwidth;binrange;discrete;cumulative,6": ["0.12.0rc0", "0.12.0", "0.12.1"], "seaborn.Histogram.define_bin_params,self;x1;x2;weights;cache,3,cls": ["0.12.0rc0", "0.12.0", "0.12.1"], "seaborn.ECDF,self;stat;complementary,2": ["0.12.0rc0", "0.12.0", "0.12.1"], "seaborn.gaussian_kde,self;dataset;bw_method;weights,2": ["0.12.0rc0", "0.12.0", "0.12.1"], "seaborn.gaussian_kde.evaluate,self;points,0,cls": ["0.12.0rc0", "0.12.0", "0.12.1"], "seaborn.gaussian_kde.scotts_factor,self,0,cls": ["0.12.0rc0", "0.12.0", "0.12.1"], "seaborn.gaussian_kde.silverman_factor,self,0,cls": ["0.12.0rc0", "0.12.0", "0.12.1"], "seaborn.gaussian_kde.set_bandwidth,self;bw_method,1,cls": ["0.12.0rc0", "0.12.0", "0.12.1"], "seaborn.gaussian_kde.pdf,self;x,0,cls": ["0.12.0rc0", "0.12.0", "0.12.1"], "seaborn.gaussian_kde.weights,self,0,cls": ["0.12.0rc0", "0.12.0", "0.12.1"], "seaborn.gaussian_kde.neff,self,0,cls": ["0.12.0rc0", "0.12.0", "0.12.1"], "seaborn.heatmap,data,0,func": ["0.12.0rc0", "0.12.0", "0.12.1"], "seaborn.dendrogram,data,0,func": ["0.12.0rc0", "0.12.0", "0.12.1"], "seaborn.ClusterGrid,self;data;pivot_kws;z_score;standard_scale;figsize;row_colors;col_colors;mask;dendrogram_ratio;colors_ratio;cbar_pos,10": ["0.12.0rc0", "0.12.0", "0.12.1"], "seaborn.ClusterGrid.format_data,self;data;pivot_kws;z_score;standard_scale,2,cls": ["0.12.0rc0", "0.12.0", "0.12.1"], "seaborn.ClusterGrid.z_score,data2d;axis,1,cls": ["0.12.0rc0", "0.12.0", "0.12.1"], "seaborn.ClusterGrid.standard_scale,data2d;axis,1,cls": ["0.12.0rc0", "0.12.0", "0.12.1"], "seaborn.ClusterGrid.dim_ratios,self;colors;dendrogram_ratio;colors_ratio,0,cls": ["0.12.0rc0", "0.12.0", "0.12.1"], "seaborn.ClusterGrid.color_list_to_matrix_and_cmap,colors;ind;axis,1,cls": ["0.12.0rc0", "0.12.0", "0.12.1"], "seaborn.ClusterGrid.plot_dendrograms,self;row_cluster;col_cluster;metric;method;row_linkage;col_linkage;tree_kws,0,cls": ["0.12.0rc0", "0.12.0", "0.12.1"], "seaborn.ClusterGrid.plot_colors,self;xind;yind,0,cls": ["0.12.0rc0", "0.12.0", "0.12.1"], "seaborn.ClusterGrid.plot_matrix,self;colorbar_kws;xind;yind,0,cls": ["0.12.0rc0", "0.12.0", "0.12.1"], "seaborn.ClusterGrid.plot,self;metric;method;colorbar_kws;row_cluster;col_cluster;row_linkage;col_linkage;tree_kws,0,cls": ["0.12.0rc0", "0.12.0", "0.12.1"], "seaborn.clustermap,data,0,func": ["0.12.0rc0", "0.12.0", "0.12.1"], "seaborn.palplot,pal;size,1,func": ["0.12.0rc0", "0.12.0", "0.12.1"], "seaborn.dogplot,,0,func": ["0.12.0rc0", "0.12.0", "0.12.1"], "seaborn.PairGrid,self;data,0": ["0.12.0rc0", "0.12.0", "0.12.1"], "seaborn.PairGrid.map,self;func,0,cls": ["0.12.0rc0", "0.12.0", "0.12.1"], "seaborn.PairGrid.map_lower,self;func,0,cls": ["0.12.0rc0", "0.12.0", "0.12.1"], "seaborn.PairGrid.map_upper,self;func,0,cls": ["0.12.0rc0", "0.12.0", "0.12.1"], "seaborn.PairGrid.map_offdiag,self;func,0,cls": ["0.12.0rc0", "0.12.0", "0.12.1"], "seaborn.PairGrid.map_diag,self;func,0,cls": ["0.12.0rc0", "0.12.0", "0.12.1"], "seaborn.JointGrid,self;data,1": ["0.12.0rc0", "0.12.0", "0.12.1"], "seaborn.JointGrid.plot,self;joint_func;marginal_func,0,cls": ["0.12.0rc0", "0.12.0", "0.12.1"], "seaborn.JointGrid.plot_joint,self;func,0,cls": ["0.12.0rc0", "0.12.0", "0.12.1"], "seaborn.JointGrid.plot_marginals,self;func,0,cls": ["0.12.0rc0", "0.12.0", "0.12.1"], "seaborn.JointGrid.refline,self,0,cls": ["0.12.0rc0", "0.12.0", "0.12.1"], "seaborn.JointGrid.set_axis_labels,self;xlabel;ylabel,2,cls": ["0.12.0rc0", "0.12.0", "0.12.1"], "seaborn.pairplot,data,0,func": ["0.12.0rc0", "0.12.0", "0.12.1"], "seaborn.jointplot,data,1,func": ["0.12.0rc0", "0.12.0", "0.12.1"], "seaborn.choose_colorbrewer_palette,data_type;as_cmap,1,func": ["0.12.0rc0", "0.12.0", "0.12.1"], "seaborn.choose_dark_palette,input;as_cmap,2,func": ["0.12.0rc0", "0.12.0", "0.12.1"], "seaborn.choose_light_palette,input;as_cmap,2,func": ["0.12.0rc0", "0.12.0", "0.12.1"], "seaborn.choose_diverging_palette,as_cmap,1,func": ["0.12.0rc0", "0.12.0", "0.12.1"], "seaborn.choose_cubehelix_palette,as_cmap,1,func": ["0.12.0rc0", "0.12.0", "0.12.1"], "seaborn.relational.lineplot,data,1,func": ["0.12.0rc0", "0.12.0", "0.12.1"], "seaborn.relational.scatterplot,data,1,func": ["0.12.0rc0", "0.12.0", "0.12.1"], "seaborn.relational.relplot,data,1,func": ["0.12.0rc0", "0.12.0", "0.12.1"], "seaborn.relational.VectorPlotter,self;data;variables,2": ["0.12.0rc0", "0.12.0", "0.12.1"], "seaborn.relational.VectorPlotter.get_semantics,cls;kwargs;semantics,1,cls": ["0.12.0rc0", "0.12.0", "0.12.1"], "seaborn.relational.VectorPlotter.has_xy_data,self,0,cls": ["0.12.0rc0", "0.12.0", "0.12.1"], "seaborn.relational.VectorPlotter.var_levels,self,0,cls": ["0.12.0rc0", "0.12.0", "0.12.1"], "seaborn.relational.VectorPlotter.assign_variables,self;data;variables,2,cls": ["0.12.0rc0", "0.12.0", "0.12.1"], "seaborn.relational.VectorPlotter.iter_data,self;grouping_vars,1,cls": ["0.12.0rc0", "0.12.0", "0.12.1"], "seaborn.relational.VectorPlotter.comp_data,self,0,cls": ["0.12.0rc0", "0.12.0", "0.12.1"], "seaborn.relational.VectorPlotter.scale_native,self;axis,0,cls": ["0.12.0rc0", "0.12.0", "0.12.1"], "seaborn.relational.VectorPlotter.scale_numeric,self;axis,0,cls": ["0.12.0rc0", "0.12.0", "0.12.1"], "seaborn.relational.VectorPlotter.scale_datetime,self;axis,0,cls": ["0.12.0rc0", "0.12.0", "0.12.1"], "seaborn.relational.VectorPlotter.scale_categorical,self;axis;order;formatter,2,cls": ["0.12.0rc0", "0.12.0", "0.12.1"], "seaborn.relational.locator_to_legend_entries,locator;limits;dtype,0,func": ["0.12.0rc0", "0.12.0", "0.12.1"], "seaborn.relational.adjust_legend_subtitles,legend,0,func": ["0.12.0rc0", "0.12.0", "0.12.1"], "seaborn.relational.EstimateAggregator,self;estimator;errorbar,1": ["0.12.0rc0", "0.12.0", "0.12.1"], "seaborn.relational.FacetGrid,self;data,0": ["0.12.0rc0", "0.12.0", "0.12.1"], "seaborn.relational.FacetGrid.facet_data,self,0,cls": ["0.12.0rc0", "0.12.0", "0.12.1"], "seaborn.relational.FacetGrid.map,self;func,0,cls": ["0.12.0rc0", "0.12.0", "0.12.1"], "seaborn.relational.FacetGrid.map_dataframe,self;func,0,cls": ["0.12.0rc0", "0.12.0", "0.12.1"], "seaborn.relational.FacetGrid.facet_axis,self;row_i;col_j;modify_state,1,cls": ["0.12.0rc0", "0.12.0", "0.12.1"], "seaborn.relational.FacetGrid.despine,self,0,cls": ["0.12.0rc0", "0.12.0", "0.12.1"], "seaborn.relational.FacetGrid.set_axis_labels,self;x_var;y_var;clear_inner,3,cls": ["0.12.0rc0", "0.12.0", "0.12.1"], "seaborn.relational.FacetGrid.set_xlabels,self;label;clear_inner,2,cls": ["0.12.0rc0", "0.12.0", "0.12.1"], "seaborn.relational.FacetGrid.set_ylabels,self;label;clear_inner,2,cls": ["0.12.0rc0", "0.12.0", "0.12.1"], "seaborn.relational.FacetGrid.set_xticklabels,self;labels;step,2,cls": ["0.12.0rc0", "0.12.0", "0.12.1"], "seaborn.relational.FacetGrid.set_yticklabels,self;labels,1,cls": ["0.12.0rc0", "0.12.0", "0.12.1"], "seaborn.relational.FacetGrid.set_titles,self;template;row_template;col_template,3,cls": ["0.12.0rc0", "0.12.0", "0.12.1"], "seaborn.relational.FacetGrid.refline,self,0,cls": ["0.12.0rc0", "0.12.0", "0.12.1"], "seaborn.relational.FacetGrid.axes,self,0,cls": ["0.12.0rc0", "0.12.0", "0.12.1"], "seaborn.relational.FacetGrid.ax,self,0,cls": ["0.12.0rc0", "0.12.0", "0.12.1"], "seaborn.relational.FacetGrid.axes_dict,self,0,cls": ["0.12.0rc0", "0.12.0", "0.12.1"], "seaborn.relational.DocstringComponents,self;comp_dict;strip_whitespace,1": ["0.12.0rc0", "0.12.0", "0.12.1"], "seaborn.relational.DocstringComponents.from_nested_components,cls,0,cls": ["0.12.0rc0", "0.12.0", "0.12.1"], "seaborn.relational.DocstringComponents.from_function_params,cls;func,0,cls": ["0.12.0rc0", "0.12.0", "0.12.1"], "seaborn.widgets.choose_colorbrewer_palette,data_type;as_cmap,1,func": ["0.12.0rc0", "0.12.0", "0.12.1"], "seaborn.widgets.choose_dark_palette,input;as_cmap,2,func": ["0.12.0rc0", "0.12.0", "0.12.1"], "seaborn.widgets.choose_light_palette,input;as_cmap,2,func": ["0.12.0rc0", "0.12.0", "0.12.1"], "seaborn.widgets.choose_diverging_palette,as_cmap,1,func": ["0.12.0rc0", "0.12.0", "0.12.1"], "seaborn.widgets.choose_cubehelix_palette,as_cmap,1,func": ["0.12.0rc0", "0.12.0", "0.12.1"], "seaborn.widgets.palplot,pal;size,1,func": ["0.12.0rc0", "0.12.0", "0.12.1"], "seaborn.widgets.color_palette,palette;n_colors;desat;as_cmap,4,func": ["0.12.0rc0", "0.12.0", "0.12.1"], "seaborn.widgets.dark_palette,color;n_colors;reverse;as_cmap;input,4,func": ["0.12.0rc0", "0.12.0", "0.12.1"], "seaborn.widgets.light_palette,color;n_colors;reverse;as_cmap;input,4,func": ["0.12.0rc0", "0.12.0", "0.12.1"], "seaborn.widgets.diverging_palette,h_neg;h_pos;s;l;sep;n;center;as_cmap,6,func": ["0.12.0rc0", "0.12.0", "0.12.1"], "seaborn.widgets.cubehelix_palette,n_colors;start;rot;gamma;hue;light;dark;reverse;as_cmap,9,func": ["0.12.0rc0", "0.12.0", "0.12.1"], "seaborn.widgets.axes_style,style;rc,2,func": ["0.12.0rc0", "0.12.0", "0.12.1"], "seaborn.distributions.histplot,data,1,func": ["0.12.0rc0", "0.12.0", "0.12.1"], "seaborn.distributions.kdeplot,data,1,func": ["0.12.0rc0", "0.12.0", "0.12.1"], "seaborn.distributions.ecdfplot,data,1,func": ["0.12.0rc0", "0.12.0", "0.12.1"], "seaborn.distributions.rugplot,data,1,func": ["0.12.0rc0", "0.12.0", "0.12.1"], "seaborn.distributions.displot,data,1,func": ["0.12.0rc0", "0.12.0", "0.12.1"], "seaborn.distributions.distplot,a;bins;hist;kde;rug;fit;hist_kws;kde_kws;rug_kws;fit_kws;color;vertical;norm_hist;axlabel;label;ax;x,17,func": ["0.12.0rc0", "0.12.0", "0.12.1"], "seaborn.distributions.VectorPlotter,self;data;variables,2": ["0.12.0rc0", "0.12.0", "0.12.1"], "seaborn.distributions.VectorPlotter.get_semantics,cls;kwargs;semantics,1,cls": ["0.12.0rc0", "0.12.0", "0.12.1"], "seaborn.distributions.VectorPlotter.has_xy_data,self,0,cls": ["0.12.0rc0", "0.12.0", "0.12.1"], "seaborn.distributions.VectorPlotter.var_levels,self,0,cls": ["0.12.0rc0", "0.12.0", "0.12.1"], "seaborn.distributions.VectorPlotter.assign_variables,self;data;variables,2,cls": ["0.12.0rc0", "0.12.0", "0.12.1"], "seaborn.distributions.VectorPlotter.iter_data,self;grouping_vars,1,cls": ["0.12.0rc0", "0.12.0", "0.12.1"], "seaborn.distributions.VectorPlotter.comp_data,self,0,cls": ["0.12.0rc0", "0.12.0", "0.12.1"], "seaborn.distributions.VectorPlotter.scale_native,self;axis,0,cls": ["0.12.0rc0", "0.12.0", "0.12.1"], "seaborn.distributions.VectorPlotter.scale_numeric,self;axis,0,cls": ["0.12.0rc0", "0.12.0", "0.12.1"], "seaborn.distributions.VectorPlotter.scale_datetime,self;axis,0,cls": ["0.12.0rc0", "0.12.0", "0.12.1"], "seaborn.distributions.VectorPlotter.scale_categorical,self;axis;order;formatter,2,cls": ["0.12.0rc0", "0.12.0", "0.12.1"], "seaborn.distributions.KDE,self,0": ["0.12.0rc0", "0.12.0", "0.12.1"], "seaborn.distributions.KDE.define_support,self;x1;x2;weights;cache,3,cls": ["0.12.0rc0", "0.12.0", "0.12.1"], "seaborn.distributions.Histogram,self;stat;bins;binwidth;binrange;discrete;cumulative,6": ["0.12.0rc0", "0.12.0", "0.12.1"], "seaborn.distributions.Histogram.define_bin_params,self;x1;x2;weights;cache,3,cls": ["0.12.0rc0", "0.12.0", "0.12.1"], "seaborn.distributions.ECDF,self;stat;complementary,2": ["0.12.0rc0", "0.12.0", "0.12.1"], "seaborn.distributions.FacetGrid,self;data,0": ["0.12.0rc0", "0.12.0", "0.12.1"], "seaborn.distributions.FacetGrid.facet_data,self,0,cls": ["0.12.0rc0", "0.12.0", "0.12.1"], "seaborn.distributions.FacetGrid.map,self;func,0,cls": ["0.12.0rc0", "0.12.0", "0.12.1"], "seaborn.distributions.FacetGrid.map_dataframe,self;func,0,cls": ["0.12.0rc0", "0.12.0", "0.12.1"], "seaborn.distributions.FacetGrid.facet_axis,self;row_i;col_j;modify_state,1,cls": ["0.12.0rc0", "0.12.0", "0.12.1"], "seaborn.distributions.FacetGrid.despine,self,0,cls": ["0.12.0rc0", "0.12.0", "0.12.1"], "seaborn.distributions.FacetGrid.set_axis_labels,self;x_var;y_var;clear_inner,3,cls": ["0.12.0rc0", "0.12.0", "0.12.1"], "seaborn.distributions.FacetGrid.set_xlabels,self;label;clear_inner,2,cls": ["0.12.0rc0", "0.12.0", "0.12.1"], "seaborn.distributions.FacetGrid.set_ylabels,self;label;clear_inner,2,cls": ["0.12.0rc0", "0.12.0", "0.12.1"], "seaborn.distributions.FacetGrid.set_xticklabels,self;labels;step,2,cls": ["0.12.0rc0", "0.12.0", "0.12.1"], "seaborn.distributions.FacetGrid.set_yticklabels,self;labels,1,cls": ["0.12.0rc0", "0.12.0", "0.12.1"], "seaborn.distributions.FacetGrid.set_titles,self;template;row_template;col_template,3,cls": ["0.12.0rc0", "0.12.0", "0.12.1"], "seaborn.distributions.FacetGrid.refline,self,0,cls": ["0.12.0rc0", "0.12.0", "0.12.1"], "seaborn.distributions.FacetGrid.axes,self,0,cls": ["0.12.0rc0", "0.12.0", "0.12.1"], "seaborn.distributions.FacetGrid.ax,self,0,cls": ["0.12.0rc0", "0.12.0", "0.12.1"], "seaborn.distributions.FacetGrid.axes_dict,self,0,cls": ["0.12.0rc0", "0.12.0", "0.12.1"], "seaborn.distributions.remove_na,vector,0,func": ["0.12.0rc0", "0.12.0", "0.12.1"], "seaborn.distributions.color_palette,palette;n_colors;desat;as_cmap,4,func": ["0.12.0rc0", "0.12.0", "0.12.1"], "seaborn.distributions.gaussian_kde,self;dataset;bw_method;weights,2": ["0.12.0rc0", "0.12.0", "0.12.1"], "seaborn.distributions.gaussian_kde.evaluate,self;points,0,cls": ["0.12.0rc0", "0.12.0", "0.12.1"], "seaborn.distributions.gaussian_kde.scotts_factor,self,0,cls": ["0.12.0rc0", "0.12.0", "0.12.1"], "seaborn.distributions.gaussian_kde.silverman_factor,self,0,cls": ["0.12.0rc0", "0.12.0", "0.12.1"], "seaborn.distributions.gaussian_kde.set_bandwidth,self;bw_method,1,cls": ["0.12.0rc0", "0.12.0", "0.12.1"], "seaborn.distributions.gaussian_kde.pdf,self;x,0,cls": ["0.12.0rc0", "0.12.0", "0.12.1"], "seaborn.distributions.gaussian_kde.weights,self,0,cls": ["0.12.0rc0", "0.12.0", "0.12.1"], "seaborn.distributions.gaussian_kde.neff,self,0,cls": ["0.12.0rc0", "0.12.0", "0.12.1"], "seaborn.distributions.DocstringComponents,self;comp_dict;strip_whitespace,1": ["0.12.0rc0", "0.12.0", "0.12.1"], "seaborn.distributions.DocstringComponents.from_nested_components,cls,0,cls": ["0.12.0rc0", "0.12.0", "0.12.1"], "seaborn.distributions.DocstringComponents.from_function_params,cls;func,0,cls": ["0.12.0rc0", "0.12.0", "0.12.1"], "seaborn.utils.ci_to_errsize,cis;heights,0,func": ["0.12.0rc0", "0.12.0", "0.12.1"], "seaborn.utils.desaturate,color;prop,0,func": ["0.12.0rc0", "0.12.0", "0.12.1"], "seaborn.utils.saturate,color,0,func": ["0.12.0rc0", "0.12.0", "0.12.1"], "seaborn.utils.set_hls_values,color;h;l;s,3,func": ["0.12.0rc0", "0.12.0", "0.12.1"], "seaborn.utils.axlabel,xlabel;ylabel,0,func": ["0.12.0rc0", "0.12.0", "0.12.1"], "seaborn.utils.remove_na,vector,0,func": ["0.12.0rc0", "0.12.0", "0.12.1"], "seaborn.utils.get_color_cycle,,0,func": ["0.12.0rc0", "0.12.0", "0.12.1"], "seaborn.utils.despine,fig;ax;top;right;left;bottom;offset;trim,8,func": ["0.12.0rc0", "0.12.0", "0.12.1"], "seaborn.utils.move_legend,obj;loc,0,func": ["0.12.0rc0", "0.12.0", "0.12.1"], "seaborn.utils.ci,a;which;axis,2,func": ["0.12.0rc0", "0.12.0", "0.12.1"], "seaborn.utils.get_dataset_names,,0,func": ["0.12.0rc0", "0.12.0", "0.12.1"], "seaborn.utils.get_data_home,data_home,1,func": ["0.12.0rc0", "0.12.0", "0.12.1"], "seaborn.utils.load_dataset,name;cache;data_home,2,func": ["0.12.0rc0", "0.12.0", "0.12.1"], "seaborn.utils.axis_ticklabels_overlap,labels,0,func": ["0.12.0rc0", "0.12.0", "0.12.1"], "seaborn.utils.axes_ticklabels_overlap,ax,0,func": ["0.12.0rc0", "0.12.0", "0.12.1"], "seaborn.utils.locator_to_legend_entries,locator;limits;dtype,0,func": ["0.12.0rc0", "0.12.0", "0.12.1"], "seaborn.utils.relative_luminance,color,0,func": ["0.12.0rc0", "0.12.0", "0.12.1"], "seaborn.utils.to_utf8,obj,0,func": ["0.12.0rc0", "0.12.0", "0.12.1"], "seaborn.utils.adjust_legend_subtitles,legend,0,func": ["0.12.0rc0", "0.12.0", "0.12.1"], "seaborn.utils.Version,self;version,0": ["0.12.0rc0", "0.12.0", "0.12.1"], "seaborn.utils.Version.epoch,self,0,cls": ["0.12.0rc0", "0.12.0", "0.12.1"], "seaborn.utils.Version.release,self,0,cls": ["0.12.0rc0", "0.12.0", "0.12.1"], "seaborn.utils.Version.pre,self,0,cls": ["0.12.0rc0", "0.12.0", "0.12.1"], "seaborn.utils.Version.post,self,0,cls": ["0.12.0rc0", "0.12.0", "0.12.1"], "seaborn.utils.Version.dev,self,0,cls": ["0.12.0rc0", "0.12.0", "0.12.1"], "seaborn.utils.Version.local,self,0,cls": ["0.12.0rc0", "0.12.0", "0.12.1"], "seaborn.utils.Version.public,self,0,cls": ["0.12.0rc0", "0.12.0", "0.12.1"], "seaborn.utils.Version.base_version,self,0,cls": ["0.12.0rc0", "0.12.0", "0.12.1"], "seaborn.utils.Version.is_prerelease,self,0,cls": ["0.12.0rc0", "0.12.0", "0.12.1"], "seaborn.utils.Version.is_postrelease,self,0,cls": ["0.12.0rc0", "0.12.0", "0.12.1"], "seaborn.utils.Version.is_devrelease,self,0,cls": ["0.12.0rc0", "0.12.0", "0.12.1"], "seaborn.utils.Version.major,self,0,cls": ["0.12.0rc0", "0.12.0", "0.12.1"], "seaborn.utils.Version.minor,self,0,cls": ["0.12.0rc0", "0.12.0", "0.12.1"], "seaborn.utils.Version.micro,self,0,cls": ["0.12.0rc0", "0.12.0", "0.12.1"], "seaborn.utils.user_cache_dir,appname;appauthor;version;opinion,4,func": ["0.12.0rc0", "0.12.0", "0.12.1"], "seaborn.utils.Grid,self,0": ["0.12.0rc0", "0.12.0", "0.12.1"], "seaborn.utils.Grid.tight_layout,self,0,cls": ["0.12.0rc0", "0.12.0", "0.12.1"], "seaborn.utils.Grid.add_legend,self;legend_data;title;label_order;adjust_subtitles,4,cls": ["0.12.0rc0", "0.12.0", "0.12.1"], "seaborn.utils.Grid.legend,self,0,cls": ["0.12.0rc0", "0.12.0", "0.12.1"], "seaborn.utils.Grid.tick_params,self;axis,1,cls": ["0.12.0rc0", "0.12.0", "0.12.1"], "seaborn._decorators.share_init_params_with_map,cls,0,func": ["0.12.0rc0", "0.12.0", "0.12.1"], "seaborn._statistics.KDE,self,0": ["0.12.0rc0", "0.12.0", "0.12.1"], "seaborn._statistics.KDE.define_support,self;x1;x2;weights;cache,3,cls": ["0.12.0rc0", "0.12.0", "0.12.1"], "seaborn._statistics.Histogram,self;stat;bins;binwidth;binrange;discrete;cumulative,6": ["0.12.0rc0", "0.12.0", "0.12.1"], "seaborn._statistics.Histogram.define_bin_params,self;x1;x2;weights;cache,3,cls": ["0.12.0rc0", "0.12.0", "0.12.1"], "seaborn._statistics.ECDF,self;stat;complementary,2": ["0.12.0rc0", "0.12.0", "0.12.1"], "seaborn._statistics.EstimateAggregator,self;estimator;errorbar,1": ["0.12.0rc0", "0.12.0", "0.12.1"], "seaborn._testing.assert_artists_equal,list1;list2,0,func": ["0.12.0rc0", "0.12.0", "0.12.1"], "seaborn._testing.assert_legends_equal,leg1;leg2,0,func": ["0.12.0rc0", "0.12.0", "0.12.1"], "seaborn._testing.assert_plots_equal,ax1;ax2;labels,1,func": ["0.12.0rc0", "0.12.0", "0.12.1"], "seaborn._testing.assert_colors_equal,a;b;check_alpha,1,func": ["0.12.0rc0", "0.12.0", "0.12.1"], "seaborn._compat.MarkerStyle,marker;fillstyle,2,func": ["0.12.0rc0", "0.12.0", "0.12.1"], "seaborn._compat.norm_from_scale,scale;norm,0,func": ["0.12.0rc0", "0.12.0", "0.12.1"], "seaborn._compat.scale_factory,scale;axis,0,func": ["0.12.0rc0", "0.12.0", "0.12.1"], "seaborn._compat.set_scale_obj,ax;axis;scale,0,func": ["0.12.0rc0", "0.12.0", "0.12.1"], "seaborn.objects.Plot,self,0": ["0.12.0rc0", "0.12.0", "0.12.1"], "seaborn.objects.Plot.on,self;target,0,cls": ["0.12.0rc0", "0.12.0", "0.12.1"], "seaborn.objects.Plot.add,self;mark,0,cls": ["0.12.0rc0", "0.12.0", "0.12.1"], "seaborn.objects.Plot.pair,self;x;y;wrap;cross,4,cls": ["0.12.0rc0", "0.12.0", "0.12.1"], "seaborn.objects.Plot.facet,self;col;row;order;wrap,4,cls": ["0.12.0rc0", "0.12.0", "0.12.1"], "seaborn.objects.Plot.scale,self,0,cls": ["0.12.0rc0", "0.12.0", "0.12.1"], "seaborn.objects.Plot.share,self,0,cls": ["0.12.0rc0", "0.12.0", "0.12.1"], "seaborn.objects.Plot.limit,self,0,cls": ["0.12.0rc0", "0.12.0", "0.12.1"], "seaborn.objects.Plot.label,self,0,cls": ["0.12.0rc0", "0.12.0", "0.12.1"], "seaborn.objects.Plot.layout,self,0,cls": ["0.12.0rc0", "0.12.0", "0.12.1"], "seaborn.objects.Plot.theme,self,0,cls": ["0.12.0rc0", "0.12.0", "0.12.1"], "seaborn.objects.Plot.save,self;loc,0,cls": ["0.12.0rc0", "0.12.0", "0.12.1"], "seaborn.objects.Plot.show,self,0,cls": ["0.12.0rc0", "0.12.0", "0.12.1"], "seaborn.objects.Plot.plot,self;pyplot,1,cls": ["0.12.0rc0", "0.12.0", "0.12.1"], "seaborn.objects.Mark,,": ["0.12.0rc0", "0.12.0", "0.12.1"], "seaborn.objects.Area,,": ["0.12.0rc0", "0.12.0", "0.12.1"], "seaborn.objects.Band,,": ["0.12.0rc0", "0.12.0", "0.12.1"], "seaborn.objects.Bar,,": ["0.12.0rc0", "0.12.0", "0.12.1"], "seaborn.objects.Bars,,": ["0.12.0rc0", "0.12.0", "0.12.1"], "seaborn.objects.Line,,": ["0.12.0rc0", "0.12.0", "0.12.1"], "seaborn.objects.Lines,,": ["0.12.0rc0", "0.12.0", "0.12.1"], "seaborn.objects.Path,,": ["0.12.0rc0", "0.12.0", "0.12.1"], "seaborn.objects.Paths,,": ["0.12.0rc0", "0.12.0", "0.12.1"], "seaborn.objects.Range,,": ["0.12.0rc0", "0.12.0", "0.12.1"], "seaborn.objects.Dot,,": ["0.12.0rc0", "0.12.0", "0.12.1"], "seaborn.objects.Dots,,": ["0.12.0rc0", "0.12.0", "0.12.1"], "seaborn.objects.Stat,,": ["0.12.0rc0", "0.12.0", "0.12.1"], "seaborn.objects.Agg,,": ["0.12.0rc0", "0.12.0", "0.12.1"], "seaborn.objects.Est,,": ["0.12.0rc0", "0.12.0", "0.12.1"], "seaborn.objects.OLSFit,,": ["0.12.0rc0"], "seaborn.objects.PolyFit,,": ["0.12.0rc0", "0.12.0", "0.12.1"], "seaborn.objects.Hist,,": ["0.12.0rc0", "0.12.0", "0.12.1"], "seaborn.objects.Dodge,,": ["0.12.0rc0", "0.12.0", "0.12.1"], "seaborn.objects.Jitter,,": ["0.12.0rc0", "0.12.0", "0.12.1"], "seaborn.objects.Norm,,": ["0.12.0rc0", "0.12.0", "0.12.1"], "seaborn.objects.Shift,,": ["0.12.0rc0", "0.12.0", "0.12.1"], "seaborn.objects.Stack,,": ["0.12.0rc0", "0.12.0", "0.12.1"], "seaborn.objects.Nominal,,": ["0.12.0rc0", "0.12.0", "0.12.1"], "seaborn.objects.Nominal.tick,self;locator,1,cls": ["0.12.0rc0", "0.12.0", "0.12.1"], "seaborn.objects.Nominal.label,self;formatter,1,cls": ["0.12.0rc0", "0.12.0", "0.12.1"], "seaborn.objects.Continuous,,": ["0.12.0rc0", "0.12.0", "0.12.1"], "seaborn.objects.Continuous.tick,self;locator,1,cls": ["0.12.0rc0", "0.12.0", "0.12.1"], "seaborn.objects.Continuous.label,self;formatter,1,cls": ["0.12.0rc0", "0.12.0", "0.12.1"], "seaborn.objects.Temporal,,": ["0.12.0rc0", "0.12.0", "0.12.1"], "seaborn.objects.Temporal.tick,self;locator,1,cls": ["0.12.0rc0", "0.12.0", "0.12.1"], "seaborn.objects.Temporal.label,self;formatter,1,cls": ["0.12.0rc0", "0.12.0", "0.12.1"], "seaborn._core.subplots.Subplots,self;subplot_spec;facet_spec;pair_spec,0": ["0.12.0rc0", "0.12.0", "0.12.1"], "seaborn._core.subplots.Subplots.init_figure,self;pair_spec;pyplot;figure_kws;target,3,cls": ["0.12.0rc0", "0.12.0", "0.12.1"], "seaborn._core.subplots.FacetSpec,,": ["0.12.0rc0", "0.12.0", "0.12.1"], "seaborn._core.subplots.PairSpec,,": ["0.12.0rc0", "0.12.0", "0.12.1"], "seaborn._core.moves.Move,,": ["0.12.0rc0", "0.12.0", "0.12.1"], "seaborn._core.moves.Jitter,,": ["0.12.0rc0", "0.12.0", "0.12.1"], "seaborn._core.moves.Dodge,,": ["0.12.0rc0", "0.12.0", "0.12.1"], "seaborn._core.moves.Stack,,": ["0.12.0rc0", "0.12.0", "0.12.1"], "seaborn._core.moves.Shift,,": ["0.12.0rc0", "0.12.0", "0.12.1"], "seaborn._core.moves.Norm,,": ["0.12.0rc0", "0.12.0", "0.12.1"], "seaborn._core.moves.Scale,,": ["0.12.0rc0", "0.12.0", "0.12.1"], "seaborn._core.moves.Scale.tick,self,0,cls": ["0.12.0rc0", "0.12.0", "0.12.1"], "seaborn._core.moves.Scale.label,self,0,cls": ["0.12.0rc0", "0.12.0", "0.12.1"], "seaborn._core.plot.Layer,,": ["0.12.0rc0", "0.12.0", "0.12.1"], "seaborn._core.plot.FacetSpec,,": ["0.12.0rc0", "0.12.0", "0.12.1"], "seaborn._core.plot.PairSpec,,": ["0.12.0rc0", "0.12.0", "0.12.1"], "seaborn._core.plot.build_plot_signature,cls,0,func": ["0.12.0rc0", "0.12.0", "0.12.1"], "seaborn._core.plot.Plot,self,0": ["0.12.0rc0", "0.12.0", "0.12.1"], "seaborn._core.plot.Plot.on,self;target,0,cls": ["0.12.0rc0", "0.12.0", "0.12.1"], "seaborn._core.plot.Plot.add,self;mark,0,cls": ["0.12.0rc0", "0.12.0", "0.12.1"], "seaborn._core.plot.Plot.pair,self;x;y;wrap;cross,4,cls": ["0.12.0rc0", "0.12.0", "0.12.1"], "seaborn._core.plot.Plot.facet,self;col;row;order;wrap,4,cls": ["0.12.0rc0", "0.12.0", "0.12.1"], "seaborn._core.plot.Plot.scale,self,0,cls": ["0.12.0rc0", "0.12.0", "0.12.1"], "seaborn._core.plot.Plot.share,self,0,cls": ["0.12.0rc0", "0.12.0", "0.12.1"], "seaborn._core.plot.Plot.limit,self,0,cls": ["0.12.0rc0", "0.12.0", "0.12.1"], "seaborn._core.plot.Plot.label,self,0,cls": ["0.12.0rc0", "0.12.0", "0.12.1"], "seaborn._core.plot.Plot.layout,self,0,cls": ["0.12.0rc0", "0.12.0", "0.12.1"], "seaborn._core.plot.Plot.theme,self,0,cls": ["0.12.0rc0", "0.12.0", "0.12.1"], "seaborn._core.plot.Plot.save,self;loc,0,cls": ["0.12.0rc0", "0.12.0", "0.12.1"], "seaborn._core.plot.Plot.show,self,0,cls": ["0.12.0rc0", "0.12.0", "0.12.1"], "seaborn._core.plot.Plot.plot,self;pyplot,1,cls": ["0.12.0rc0", "0.12.0", "0.12.1"], "seaborn._core.plot.Plotter,self;pyplot;theme,0": ["0.12.0rc0", "0.12.0", "0.12.1"], "seaborn._core.plot.Plotter.save,self;loc,0,cls": ["0.12.0rc0", "0.12.0", "0.12.1"], "seaborn._core.plot.Plotter.show,self,0,cls": ["0.12.0rc0", "0.12.0", "0.12.1"], "seaborn._core.plot.theme_context,params,0,func": ["0.12.0rc0", "0.12.0", "0.12.1"], "seaborn._core.plot.Mark,,": ["0.12.0rc0", "0.12.0", "0.12.1"], "seaborn._core.plot.Stat,,": ["0.12.0rc0", "0.12.0", "0.12.1"], "seaborn._core.plot.PlotData,self;data;variables,0": ["0.12.0rc0", "0.12.0", "0.12.1"], "seaborn._core.plot.PlotData.join,self;data;variables,0,cls": ["0.12.0rc0", "0.12.0", "0.12.1"], "seaborn._core.plot.Move,,": ["0.12.0rc0", "0.12.0", "0.12.1"], "seaborn._core.plot.Scale,,": ["0.12.0rc0", "0.12.0", "0.12.1"], "seaborn._core.plot.Scale.tick,self,0,cls": ["0.12.0rc0", "0.12.0", "0.12.1"], "seaborn._core.plot.Scale.label,self,0,cls": ["0.12.0rc0", "0.12.0", "0.12.1"], "seaborn._core.plot.Nominal,,": ["0.12.0rc0", "0.12.0", "0.12.1"], "seaborn._core.plot.Nominal.tick,self;locator,1,cls": ["0.12.0rc0", "0.12.0", "0.12.1"], "seaborn._core.plot.Nominal.label,self;formatter,1,cls": ["0.12.0rc0", "0.12.0", "0.12.1"], "seaborn._core.plot.Subplots,self;subplot_spec;facet_spec;pair_spec,0": ["0.12.0rc0", "0.12.0", "0.12.1"], "seaborn._core.plot.Subplots.init_figure,self;pair_spec;pyplot;figure_kws;target,3,cls": ["0.12.0rc0", "0.12.0", "0.12.1"], "seaborn._core.plot.Property,self;variable,1": ["0.12.0rc0", "0.12.0", "0.12.1"], "seaborn._core.plot.Property.default_scale,self;data,0,cls": ["0.12.0rc0", "0.12.0", "0.12.1"], "seaborn._core.plot.Property.infer_scale,self;arg;data,0,cls": ["0.12.0rc0", "0.12.0", "0.12.1"], "seaborn._core.plot.Property.get_mapping,self;scale;data,0,cls": ["0.12.0rc0", "0.12.0", "0.12.1"], "seaborn._core.plot.Property.standardize,self;val,0,cls": ["0.12.0rc0", "0.12.0", "0.12.1"], "seaborn._core.plot.categorical_order,vector;order,1,func": ["0.12.0rc0", "0.12.0", "0.12.1"], "seaborn._core.plot.set_scale_obj,ax;axis;scale,0,func": ["0.12.0rc0", "0.12.0", "0.12.1"], "seaborn._core.plot.axes_style,style;rc,2,func": ["0.12.0rc0", "0.12.0", "0.12.1"], "seaborn._core.plot.plotting_context,context;font_scale;rc,3,func": ["0.12.0rc0", "0.12.0", "0.12.1"], "seaborn._core.plot.color_palette,palette;n_colors;desat;as_cmap,4,func": ["0.12.0rc0", "0.12.0", "0.12.1"], "seaborn._core.plot.Version,self;version,0": ["0.12.0rc0", "0.12.0", "0.12.1"], "seaborn._core.plot.Version.epoch,self,0,cls": ["0.12.0rc0", "0.12.0", "0.12.1"], "seaborn._core.plot.Version.release,self,0,cls": ["0.12.0rc0", "0.12.0", "0.12.1"], "seaborn._core.plot.Version.pre,self,0,cls": ["0.12.0rc0", "0.12.0", "0.12.1"], "seaborn._core.plot.Version.post,self,0,cls": ["0.12.0rc0", "0.12.0", "0.12.1"], "seaborn._core.plot.Version.dev,self,0,cls": ["0.12.0rc0", "0.12.0", "0.12.1"], "seaborn._core.plot.Version.local,self,0,cls": ["0.12.0rc0", "0.12.0", "0.12.1"], "seaborn._core.plot.Version.public,self,0,cls": ["0.12.0rc0", "0.12.0", "0.12.1"], "seaborn._core.plot.Version.base_version,self,0,cls": ["0.12.0rc0", "0.12.0", "0.12.1"], "seaborn._core.plot.Version.is_prerelease,self,0,cls": ["0.12.0rc0", "0.12.0", "0.12.1"], "seaborn._core.plot.Version.is_postrelease,self,0,cls": ["0.12.0rc0", "0.12.0", "0.12.1"], "seaborn._core.plot.Version.is_devrelease,self,0,cls": ["0.12.0rc0", "0.12.0", "0.12.1"], "seaborn._core.plot.Version.major,self,0,cls": ["0.12.0rc0", "0.12.0", "0.12.1"], "seaborn._core.plot.Version.minor,self,0,cls": ["0.12.0rc0", "0.12.0", "0.12.1"], "seaborn._core.plot.Version.micro,self,0,cls": ["0.12.0rc0", "0.12.0", "0.12.1"], "seaborn._core.properties.Property,self;variable,1": ["0.12.0rc0", "0.12.0", "0.12.1"], "seaborn._core.properties.Property.default_scale,self;data,0,cls": ["0.12.0rc0", "0.12.0", "0.12.1"], "seaborn._core.properties.Property.infer_scale,self;arg;data,0,cls": ["0.12.0rc0", "0.12.0", "0.12.1"], "seaborn._core.properties.Property.get_mapping,self;scale;data,0,cls": ["0.12.0rc0", "0.12.0", "0.12.1"], "seaborn._core.properties.Property.standardize,self;val,0,cls": ["0.12.0rc0", "0.12.0", "0.12.1"], "seaborn._core.properties.Coordinate,,": ["0.12.0rc0", "0.12.0", "0.12.1"], "seaborn._core.properties.IntervalProperty,,": ["0.12.0rc0", "0.12.0", "0.12.1"], "seaborn._core.properties.IntervalProperty.default_range,self,0,cls": ["0.12.0rc0", "0.12.0", "0.12.1"], "seaborn._core.properties.IntervalProperty.infer_scale,self;arg;data,0,cls": ["0.12.0rc0", "0.12.0", "0.12.1"], "seaborn._core.properties.IntervalProperty.get_mapping,self;scale;data,0,cls": ["0.12.0rc0", "0.12.0", "0.12.1"], "seaborn._core.properties.PointSize,,": ["0.12.0rc0", "0.12.0", "0.12.1"], "seaborn._core.properties.LineWidth,,": ["0.12.0rc0", "0.12.0", "0.12.1"], "seaborn._core.properties.LineWidth.default_range,self,0,cls": ["0.12.0rc0", "0.12.0", "0.12.1"], "seaborn._core.properties.EdgeWidth,,": ["0.12.0rc0", "0.12.0", "0.12.1"], "seaborn._core.properties.EdgeWidth.default_range,self,0,cls": ["0.12.0rc0", "0.12.0", "0.12.1"], "seaborn._core.properties.Stroke,,": ["0.12.0rc0", "0.12.0", "0.12.1"], "seaborn._core.properties.Alpha,,": ["0.12.0rc0", "0.12.0", "0.12.1"], "seaborn._core.properties.ObjectProperty,,": ["0.12.0rc0", "0.12.0", "0.12.1"], "seaborn._core.properties.ObjectProperty.default_scale,self;data,0,cls": ["0.12.0rc0", "0.12.0", "0.12.1"], "seaborn._core.properties.ObjectProperty.infer_scale,self;arg;data,0,cls": ["0.12.0rc0", "0.12.0", "0.12.1"], "seaborn._core.properties.ObjectProperty.get_mapping,self;scale;data,0,cls": ["0.12.0rc0", "0.12.0", "0.12.1"], "seaborn._core.properties.Marker,,": ["0.12.0rc0", "0.12.0", "0.12.1"], "seaborn._core.properties.Marker.standardize,self;val,0,cls": ["0.12.0rc0", "0.12.0", "0.12.1"], "seaborn._core.properties.LineStyle,,": ["0.12.0rc0", "0.12.0", "0.12.1"], "seaborn._core.properties.LineStyle.standardize,self;val,0,cls": ["0.12.0rc0", "0.12.0", "0.12.1"], "seaborn._core.properties.Color,,": ["0.12.0rc0", "0.12.0", "0.12.1"], "seaborn._core.properties.Color.standardize,self;val,0,cls": ["0.12.0rc0", "0.12.0", "0.12.1"], "seaborn._core.properties.Color.infer_scale,self;arg;data,0,cls": ["0.12.0rc0", "0.12.0", "0.12.1"], "seaborn._core.properties.Color.get_mapping,self;scale;data,0,cls": ["0.12.0rc0", "0.12.0", "0.12.1"], "seaborn._core.properties.Fill,,": ["0.12.0rc0", "0.12.0", "0.12.1"], "seaborn._core.properties.Fill.standardize,self;val,0,cls": ["0.12.0rc0", "0.12.0", "0.12.1"], "seaborn._core.properties.Fill.default_scale,self;data,0,cls": ["0.12.0rc0", "0.12.0", "0.12.1"], "seaborn._core.properties.Fill.infer_scale,self;arg;data,0,cls": ["0.12.0rc0", "0.12.0", "0.12.1"], "seaborn._core.properties.Fill.get_mapping,self;scale;data,0,cls": ["0.12.0rc0", "0.12.0", "0.12.1"], "seaborn._core.properties.Scale,,": ["0.12.0rc0", "0.12.0", "0.12.1"], "seaborn._core.properties.Scale.tick,self,0,cls": ["0.12.0rc0", "0.12.0", "0.12.1"], "seaborn._core.properties.Scale.label,self,0,cls": ["0.12.0rc0", "0.12.0", "0.12.1"], "seaborn._core.properties.Nominal,,": ["0.12.0rc0", "0.12.0", "0.12.1"], "seaborn._core.properties.Nominal.tick,self;locator,1,cls": ["0.12.0rc0", "0.12.0", "0.12.1"], "seaborn._core.properties.Nominal.label,self;formatter,1,cls": ["0.12.0rc0", "0.12.0", "0.12.1"], "seaborn._core.properties.Continuous,,": ["0.12.0rc0", "0.12.0", "0.12.1"], "seaborn._core.properties.Continuous.tick,self;locator,1,cls": ["0.12.0rc0", "0.12.0", "0.12.1"], "seaborn._core.properties.Continuous.label,self;formatter,1,cls": ["0.12.0rc0", "0.12.0", "0.12.1"], "seaborn._core.properties.Temporal,,": ["0.12.0rc0", "0.12.0", "0.12.1"], "seaborn._core.properties.Temporal.tick,self;locator,1,cls": ["0.12.0rc0", "0.12.0", "0.12.1"], "seaborn._core.properties.Temporal.label,self;formatter,1,cls": ["0.12.0rc0", "0.12.0", "0.12.1"], "seaborn._core.properties.categorical_order,vector;order,1,func": ["0.12.0rc0", "0.12.0", "0.12.1"], "seaborn._core.properties.variable_type,vector;boolean_type,1,func": ["0.12.0rc0", "0.12.0", "0.12.1"], "seaborn._core.properties.MarkerStyle,marker;fillstyle,2,func": ["0.12.0rc0", "0.12.0", "0.12.1"], "seaborn._core.properties.color_palette,palette;n_colors;desat;as_cmap,4,func": ["0.12.0rc0", "0.12.0", "0.12.1"], "seaborn._core.properties.blend_palette,colors;n_colors;as_cmap;input,3,func": ["0.12.0rc0", "0.12.0", "0.12.1"], "seaborn._core.properties.get_color_cycle,,0,func": ["0.12.0rc0", "0.12.0", "0.12.1"], "seaborn._core.scales.Scale,,": ["0.12.0rc0", "0.12.0", "0.12.1"], "seaborn._core.scales.Scale.tick,self,0,cls": ["0.12.0rc0", "0.12.0", "0.12.1"], "seaborn._core.scales.Scale.label,self,0,cls": ["0.12.0rc0", "0.12.0", "0.12.1"], "seaborn._core.scales.Nominal,,": ["0.12.0rc0", "0.12.0", "0.12.1"], "seaborn._core.scales.Nominal.tick,self;locator,1,cls": ["0.12.0rc0", "0.12.0", "0.12.1"], "seaborn._core.scales.Nominal.label,self;formatter,1,cls": ["0.12.0rc0", "0.12.0", "0.12.1"], "seaborn._core.scales.Ordinal,,": ["0.12.0rc0", "0.12.0", "0.12.1"], "seaborn._core.scales.Discrete,,": ["0.12.0rc0", "0.12.0", "0.12.1"], "seaborn._core.scales.ContinuousBase,,": ["0.12.0rc0", "0.12.0", "0.12.1"], "seaborn._core.scales.Continuous,,": ["0.12.0rc0", "0.12.0", "0.12.1"], "seaborn._core.scales.Continuous.tick,self;locator,1,cls": ["0.12.0rc0", "0.12.0", "0.12.1"], "seaborn._core.scales.Continuous.label,self;formatter,1,cls": ["0.12.0rc0", "0.12.0", "0.12.1"], "seaborn._core.scales.Temporal,,": ["0.12.0rc0", "0.12.0", "0.12.1"], "seaborn._core.scales.Temporal.tick,self;locator,1,cls": ["0.12.0rc0", "0.12.0", "0.12.1"], "seaborn._core.scales.Temporal.label,self;formatter,1,cls": ["0.12.0rc0", "0.12.0", "0.12.1"], "seaborn._core.scales.PseudoAxis,self;scale,0": ["0.12.0rc0", "0.12.0", "0.12.1"], "seaborn._core.scales.PseudoAxis.set_view_interval,self;vmin;vmax,0,cls": ["0.12.0rc0", "0.12.0", "0.12.1"], "seaborn._core.scales.PseudoAxis.get_view_interval,self,0,cls": ["0.12.0rc0", "0.12.0", "0.12.1"], "seaborn._core.scales.PseudoAxis.set_data_interval,self;vmin;vmax,0,cls": ["0.12.0rc0", "0.12.0", "0.12.1"], "seaborn._core.scales.PseudoAxis.get_data_interval,self,0,cls": ["0.12.0rc0", "0.12.0", "0.12.1"], "seaborn._core.scales.PseudoAxis.get_tick_space,self,0,cls": ["0.12.0rc0", "0.12.0", "0.12.1"], "seaborn._core.scales.PseudoAxis.set_major_locator,self;locator,0,cls": ["0.12.0rc0", "0.12.0", "0.12.1"], "seaborn._core.scales.PseudoAxis.set_major_formatter,self;formatter,0,cls": ["0.12.0rc0", "0.12.0", "0.12.1"], "seaborn._core.scales.PseudoAxis.set_minor_locator,self;locator,0,cls": ["0.12.0rc0", "0.12.0", "0.12.1"], "seaborn._core.scales.PseudoAxis.set_minor_formatter,self;formatter,0,cls": ["0.12.0rc0", "0.12.0", "0.12.1"], "seaborn._core.scales.PseudoAxis.set_units,self;units,0,cls": ["0.12.0rc0", "0.12.0", "0.12.1"], "seaborn._core.scales.PseudoAxis.update_units,self;x,0,cls": ["0.12.0rc0", "0.12.0", "0.12.1"], "seaborn._core.scales.PseudoAxis.convert_units,self;x,0,cls": ["0.12.0rc0", "0.12.0", "0.12.1"], "seaborn._core.scales.PseudoAxis.get_scale,self,0,cls": ["0.12.0rc0", "0.12.0", "0.12.1"], "seaborn._core.scales.PseudoAxis.get_majorticklocs,self,0,cls": ["0.12.0rc0", "0.12.0", "0.12.1"], "seaborn._core.scales.categorical_order,vector;order,1,func": ["0.12.0rc0", "0.12.0", "0.12.1"], "seaborn._core.scales.Property,self;variable,1": ["0.12.0rc0", "0.12.0", "0.12.1"], "seaborn._core.scales.Property.default_scale,self;data,0,cls": ["0.12.0rc0", "0.12.0", "0.12.1"], "seaborn._core.scales.Property.infer_scale,self;arg;data,0,cls": ["0.12.0rc0", "0.12.0", "0.12.1"], "seaborn._core.scales.Property.get_mapping,self;scale;data,0,cls": ["0.12.0rc0", "0.12.0", "0.12.1"], "seaborn._core.scales.Property.standardize,self;val,0,cls": ["0.12.0rc0", "0.12.0", "0.12.1"], "seaborn._core.rules.VarType,self;data,0": ["0.12.0rc0", "0.12.0", "0.12.1"], "seaborn._core.rules.variable_type,vector;boolean_type,1,func": ["0.12.0rc0", "0.12.0", "0.12.1"], "seaborn._core.rules.categorical_order,vector;order,1,func": ["0.12.0rc0", "0.12.0", "0.12.1"], "seaborn._core.groupby.GroupBy,self;order,0": ["0.12.0rc0", "0.12.0", "0.12.1"], "seaborn._core.groupby.GroupBy.agg,self;data,0,cls": ["0.12.0rc0", "0.12.0", "0.12.1"], "seaborn._core.groupby.GroupBy.apply,self;data;func,0,cls": ["0.12.0rc0", "0.12.0", "0.12.1"], "seaborn._core.groupby.categorical_order,vector;order,1,func": ["0.12.0rc0", "0.12.0", "0.12.1"], "seaborn._core.data.PlotData,self;data;variables,0": ["0.12.0rc0", "0.12.0", "0.12.1"], "seaborn._core.data.PlotData.join,self;data;variables,0,cls": ["0.12.0rc0", "0.12.0", "0.12.1"], "seaborn._marks.line.Path,,": ["0.12.0rc0", "0.12.0", "0.12.1"], "seaborn._marks.line.Line,,": ["0.12.0rc0", "0.12.0", "0.12.1"], "seaborn._marks.line.Paths,,": ["0.12.0rc0", "0.12.0", "0.12.1"], "seaborn._marks.line.Lines,,": ["0.12.0rc0", "0.12.0", "0.12.1"], "seaborn._marks.line.Range,,": ["0.12.0rc0", "0.12.0", "0.12.1"], "seaborn._marks.line.Mark,,": ["0.12.0rc0", "0.12.0", "0.12.1"], "seaborn._marks.line.Mappable,self;val;depend;rc;auto;grouping,5": ["0.12.0rc0", "0.12.0", "0.12.1"], "seaborn._marks.line.Mappable.depend,self,0,cls": ["0.12.0rc0", "0.12.0", "0.12.1"], "seaborn._marks.line.Mappable.grouping,self,0,cls": ["0.12.0rc0", "0.12.0", "0.12.1"], "seaborn._marks.line.Mappable.default,self,0,cls": ["0.12.0rc0", "0.12.0", "0.12.1"], "seaborn._marks.line.resolve_properties,mark;data;scales,0,func": ["0.12.0rc0", "0.12.0", "0.12.1"], "seaborn._marks.line.resolve_color,mark;data;prefix;scales,2,func": ["0.12.0rc0", "0.12.0", "0.12.1"], "seaborn._marks.line.Version,self;version,0": ["0.12.0rc0", "0.12.0", "0.12.1"], "seaborn._marks.line.Version.epoch,self,0,cls": ["0.12.0rc0", "0.12.0", "0.12.1"], "seaborn._marks.line.Version.release,self,0,cls": ["0.12.0rc0", "0.12.0", "0.12.1"], "seaborn._marks.line.Version.pre,self,0,cls": ["0.12.0rc0", "0.12.0", "0.12.1"], "seaborn._marks.line.Version.post,self,0,cls": ["0.12.0rc0", "0.12.0", "0.12.1"], "seaborn._marks.line.Version.dev,self,0,cls": ["0.12.0rc0", "0.12.0", "0.12.1"], "seaborn._marks.line.Version.local,self,0,cls": ["0.12.0rc0", "0.12.0", "0.12.1"], "seaborn._marks.line.Version.public,self,0,cls": ["0.12.0rc0", "0.12.0", "0.12.1"], "seaborn._marks.line.Version.base_version,self,0,cls": ["0.12.0rc0", "0.12.0", "0.12.1"], "seaborn._marks.line.Version.is_prerelease,self,0,cls": ["0.12.0rc0", "0.12.0", "0.12.1"], "seaborn._marks.line.Version.is_postrelease,self,0,cls": ["0.12.0rc0", "0.12.0", "0.12.1"], "seaborn._marks.line.Version.is_devrelease,self,0,cls": ["0.12.0rc0", "0.12.0", "0.12.1"], "seaborn._marks.line.Version.major,self,0,cls": ["0.12.0rc0", "0.12.0", "0.12.1"], "seaborn._marks.line.Version.minor,self,0,cls": ["0.12.0rc0", "0.12.0", "0.12.1"], "seaborn._marks.line.Version.micro,self,0,cls": ["0.12.0rc0", "0.12.0", "0.12.1"], "seaborn._marks.bar.BarBase,,": ["0.12.0rc0", "0.12.0", "0.12.1"], "seaborn._marks.bar.Bar,,": ["0.12.0rc0", "0.12.0", "0.12.1"], "seaborn._marks.bar.Bars,,": ["0.12.0rc0", "0.12.0", "0.12.1"], "seaborn._marks.bar.Mark,,": ["0.12.0rc0", "0.12.0", "0.12.1"], "seaborn._marks.bar.Mappable,self;val;depend;rc;auto;grouping,5": ["0.12.0rc0", "0.12.0", "0.12.1"], "seaborn._marks.bar.Mappable.depend,self,0,cls": ["0.12.0rc0", "0.12.0", "0.12.1"], "seaborn._marks.bar.Mappable.grouping,self,0,cls": ["0.12.0rc0", "0.12.0", "0.12.1"], "seaborn._marks.bar.Mappable.default,self,0,cls": ["0.12.0rc0", "0.12.0", "0.12.1"], "seaborn._marks.bar.resolve_properties,mark;data;scales,0,func": ["0.12.0rc0", "0.12.0", "0.12.1"], "seaborn._marks.bar.resolve_color,mark;data;prefix;scales,2,func": ["0.12.0rc0", "0.12.0", "0.12.1"], "seaborn._marks.bar.Version,self;version,0": ["0.12.0rc0", "0.12.0", "0.12.1"], "seaborn._marks.bar.Version.epoch,self,0,cls": ["0.12.0rc0", "0.12.0", "0.12.1"], "seaborn._marks.bar.Version.release,self,0,cls": ["0.12.0rc0", "0.12.0", "0.12.1"], "seaborn._marks.bar.Version.pre,self,0,cls": ["0.12.0rc0", "0.12.0", "0.12.1"], "seaborn._marks.bar.Version.post,self,0,cls": ["0.12.0rc0", "0.12.0", "0.12.1"], "seaborn._marks.bar.Version.dev,self,0,cls": ["0.12.0rc0", "0.12.0", "0.12.1"], "seaborn._marks.bar.Version.local,self,0,cls": ["0.12.0rc0", "0.12.0", "0.12.1"], "seaborn._marks.bar.Version.public,self,0,cls": ["0.12.0rc0", "0.12.0", "0.12.1"], "seaborn._marks.bar.Version.base_version,self,0,cls": ["0.12.0rc0", "0.12.0", "0.12.1"], "seaborn._marks.bar.Version.is_prerelease,self,0,cls": ["0.12.0rc0", "0.12.0", "0.12.1"], "seaborn._marks.bar.Version.is_postrelease,self,0,cls": ["0.12.0rc0", "0.12.0", "0.12.1"], "seaborn._marks.bar.Version.is_devrelease,self,0,cls": ["0.12.0rc0", "0.12.0", "0.12.1"], "seaborn._marks.bar.Version.major,self,0,cls": ["0.12.0rc0", "0.12.0", "0.12.1"], "seaborn._marks.bar.Version.minor,self,0,cls": ["0.12.0rc0", "0.12.0", "0.12.1"], "seaborn._marks.bar.Version.micro,self,0,cls": ["0.12.0rc0", "0.12.0", "0.12.1"], "seaborn._marks.bar.Scale,,": ["0.12.0rc0", "0.12.0", "0.12.1"], "seaborn._marks.bar.Scale.tick,self,0,cls": ["0.12.0rc0", "0.12.0", "0.12.1"], "seaborn._marks.bar.Scale.label,self,0,cls": ["0.12.0rc0", "0.12.0", "0.12.1"], "seaborn._marks.dot.DotBase,,": ["0.12.0rc0", "0.12.0", "0.12.1"], "seaborn._marks.dot.Dot,,": ["0.12.0rc0", "0.12.0", "0.12.1"], "seaborn._marks.dot.Dots,,": ["0.12.0rc0", "0.12.0", "0.12.1"], "seaborn._marks.dot.Mark,,": ["0.12.0rc0", "0.12.0", "0.12.1"], "seaborn._marks.dot.Mappable,self;val;depend;rc;auto;grouping,5": ["0.12.0rc0", "0.12.0", "0.12.1"], "seaborn._marks.dot.Mappable.depend,self,0,cls": ["0.12.0rc0", "0.12.0", "0.12.1"], "seaborn._marks.dot.Mappable.grouping,self,0,cls": ["0.12.0rc0", "0.12.0", "0.12.1"], "seaborn._marks.dot.Mappable.default,self,0,cls": ["0.12.0rc0", "0.12.0", "0.12.1"], "seaborn._marks.dot.resolve_properties,mark;data;scales,0,func": ["0.12.0rc0", "0.12.0", "0.12.1"], "seaborn._marks.dot.resolve_color,mark;data;prefix;scales,2,func": ["0.12.0rc0", "0.12.0", "0.12.1"], "seaborn._marks.dot.Scale,,": ["0.12.0rc0", "0.12.0", "0.12.1"], "seaborn._marks.dot.Scale.tick,self,0,cls": ["0.12.0rc0", "0.12.0", "0.12.1"], "seaborn._marks.dot.Scale.label,self,0,cls": ["0.12.0rc0", "0.12.0", "0.12.1"], "seaborn._marks.area.AreaBase,,": ["0.12.0rc0", "0.12.0", "0.12.1"], "seaborn._marks.area.Area,,": ["0.12.0rc0", "0.12.0", "0.12.1"], "seaborn._marks.area.Band,,": ["0.12.0rc0", "0.12.0", "0.12.1"], "seaborn._marks.area.Mark,,": ["0.12.0rc0", "0.12.0", "0.12.1"], "seaborn._marks.area.Mappable,self;val;depend;rc;auto;grouping,5": ["0.12.0rc0", "0.12.0", "0.12.1"], "seaborn._marks.area.Mappable.depend,self,0,cls": ["0.12.0rc0", "0.12.0", "0.12.1"], "seaborn._marks.area.Mappable.grouping,self,0,cls": ["0.12.0rc0", "0.12.0", "0.12.1"], "seaborn._marks.area.Mappable.default,self,0,cls": ["0.12.0rc0", "0.12.0", "0.12.1"], "seaborn._marks.area.resolve_properties,mark;data;scales,0,func": ["0.12.0rc0", "0.12.0", "0.12.1"], "seaborn._marks.area.resolve_color,mark;data;prefix;scales,2,func": ["0.12.0rc0", "0.12.0", "0.12.1"], "seaborn._marks.base.Mappable,self;val;depend;rc;auto;grouping,5": ["0.12.0rc0", "0.12.0", "0.12.1"], "seaborn._marks.base.Mappable.depend,self,0,cls": ["0.12.0rc0", "0.12.0", "0.12.1"], "seaborn._marks.base.Mappable.grouping,self,0,cls": ["0.12.0rc0", "0.12.0", "0.12.1"], "seaborn._marks.base.Mappable.default,self,0,cls": ["0.12.0rc0", "0.12.0", "0.12.1"], "seaborn._marks.base.Mark,,": ["0.12.0rc0", "0.12.0", "0.12.1"], "seaborn._marks.base.resolve_properties,mark;data;scales,0,func": ["0.12.0rc0", "0.12.0", "0.12.1"], "seaborn._marks.base.resolve_color,mark;data;prefix;scales,2,func": ["0.12.0rc0", "0.12.0", "0.12.1"], "seaborn._marks.base.MultiMark,,": ["0.12.0rc0"], "seaborn._marks.base.Scale,,": ["0.12.0rc0", "0.12.0", "0.12.1"], "seaborn._marks.base.Scale.tick,self,0,cls": ["0.12.0rc0", "0.12.0", "0.12.1"], "seaborn._marks.base.Scale.label,self,0,cls": ["0.12.0rc0", "0.12.0", "0.12.1"], "seaborn._marks.base.Property,self;variable,1": ["0.12.0rc0", "0.12.0", "0.12.1"], "seaborn._marks.base.Property.default_scale,self;data,0,cls": ["0.12.0rc0", "0.12.0", "0.12.1"], "seaborn._marks.base.Property.infer_scale,self;arg;data,0,cls": ["0.12.0rc0", "0.12.0", "0.12.1"], "seaborn._marks.base.Property.get_mapping,self;scale;data,0,cls": ["0.12.0rc0", "0.12.0", "0.12.1"], "seaborn._marks.base.Property.standardize,self;val,0,cls": ["0.12.0rc0", "0.12.0", "0.12.1"], "seaborn._stats.regression.PolyFit,,": ["0.12.0rc0", "0.12.0", "0.12.1"], "seaborn._stats.regression.OLSFit,,": ["0.12.0rc0", "0.12.0", "0.12.1"], "seaborn._stats.regression.Stat,,": ["0.12.0rc0", "0.12.0", "0.12.1"], "seaborn._stats.aggregation.Agg,,": ["0.12.0rc0", "0.12.0", "0.12.1"], "seaborn._stats.aggregation.Est,,": ["0.12.0rc0", "0.12.0", "0.12.1"], "seaborn._stats.aggregation.Rolling,,": ["0.12.0rc0", "0.12.0", "0.12.1"], "seaborn._stats.aggregation.Scale,,": ["0.12.0rc0", "0.12.0", "0.12.1"], "seaborn._stats.aggregation.Scale.tick,self,0,cls": ["0.12.0rc0", "0.12.0", "0.12.1"], "seaborn._stats.aggregation.Scale.label,self,0,cls": ["0.12.0rc0", "0.12.0", "0.12.1"], "seaborn._stats.aggregation.Stat,,": ["0.12.0rc0", "0.12.0", "0.12.1"], "seaborn._stats.aggregation.EstimateAggregator,self;estimator;errorbar,1": ["0.12.0rc0", "0.12.0", "0.12.1"], "seaborn._stats.histogram.Hist,,": ["0.12.0rc0", "0.12.0"], "seaborn._stats.histogram.Stat,,": ["0.12.0rc0", "0.12.0"], "seaborn._stats.base.Stat,,": ["0.12.0rc0", "0.12.0", "0.12.1"], "seaborn._stats.base.Scale,,": ["0.12.0rc0", "0.12.0", "0.12.1"], "seaborn._stats.base.Scale.tick,self,0,cls": ["0.12.0rc0", "0.12.0", "0.12.1"], "seaborn._stats.base.Scale.label,self,0,cls": ["0.12.0rc0", "0.12.0", "0.12.1"], "seaborn.external.version.InfinityType,,": ["0.12.0rc0", "0.12.0", "0.12.1"], "seaborn.external.version.NegativeInfinityType,,": ["0.12.0rc0", "0.12.0", "0.12.1"], "seaborn.external.version.InvalidVersion,,": ["0.12.0rc0", "0.12.0", "0.12.1"], "seaborn.external.version.Version,self;version,0": ["0.12.0rc0", "0.12.0", "0.12.1"], "seaborn.external.version.Version.epoch,self,0,cls": ["0.12.0rc0", "0.12.0", "0.12.1"], "seaborn.external.version.Version.release,self,0,cls": ["0.12.0rc0", "0.12.0", "0.12.1"], "seaborn.external.version.Version.pre,self,0,cls": ["0.12.0rc0", "0.12.0", "0.12.1"], "seaborn.external.version.Version.post,self,0,cls": ["0.12.0rc0", "0.12.0", "0.12.1"], "seaborn.external.version.Version.dev,self,0,cls": ["0.12.0rc0", "0.12.0", "0.12.1"], "seaborn.external.version.Version.local,self,0,cls": ["0.12.0rc0", "0.12.0", "0.12.1"], "seaborn.external.version.Version.public,self,0,cls": ["0.12.0rc0", "0.12.0", "0.12.1"], "seaborn.external.version.Version.base_version,self,0,cls": ["0.12.0rc0", "0.12.0", "0.12.1"], "seaborn.external.version.Version.is_prerelease,self,0,cls": ["0.12.0rc0", "0.12.0", "0.12.1"], "seaborn.external.version.Version.is_postrelease,self,0,cls": ["0.12.0rc0", "0.12.0", "0.12.1"], "seaborn.external.version.Version.is_devrelease,self,0,cls": ["0.12.0rc0", "0.12.0", "0.12.1"], "seaborn.external.version.Version.major,self,0,cls": ["0.12.0rc0", "0.12.0", "0.12.1"], "seaborn.external.version.Version.minor,self,0,cls": ["0.12.0rc0", "0.12.0", "0.12.1"], "seaborn.external.version.Version.micro,self,0,cls": ["0.12.0rc0", "0.12.0", "0.12.1"], "seaborn.external.kde.gaussian_kde,self;dataset;bw_method;weights,2": ["0.12.0rc0", "0.12.0", "0.12.1"], "seaborn.external.kde.gaussian_kde.evaluate,self;points,0,cls": ["0.12.0rc0", "0.12.0", "0.12.1"], "seaborn.external.kde.gaussian_kde.scotts_factor,self,0,cls": ["0.12.0rc0", "0.12.0", "0.12.1"], "seaborn.external.kde.gaussian_kde.silverman_factor,self,0,cls": ["0.12.0rc0", "0.12.0", "0.12.1"], "seaborn.external.kde.gaussian_kde.set_bandwidth,self;bw_method,1,cls": ["0.12.0rc0", "0.12.0", "0.12.1"], "seaborn.external.kde.gaussian_kde.pdf,self;x,0,cls": ["0.12.0rc0", "0.12.0", "0.12.1"], "seaborn.external.kde.gaussian_kde.weights,self,0,cls": ["0.12.0rc0", "0.12.0", "0.12.1"], "seaborn.external.kde.gaussian_kde.neff,self,0,cls": ["0.12.0rc0", "0.12.0", "0.12.1"], "seaborn.external.appdirs.user_cache_dir,appname;appauthor;version;opinion,4,func": ["0.12.0rc0", "0.12.0", "0.12.1"], "seaborn.external.husl.husl_to_rgb,h;s;l,0,func": ["0.12.0rc0", "0.12.0", "0.12.1"], "seaborn.external.husl.husl_to_hex,h;s;l,0,func": ["0.12.0rc0", "0.12.0", "0.12.1"], "seaborn.external.husl.rgb_to_husl,r;g;b,0,func": ["0.12.0rc0", "0.12.0", "0.12.1"], "seaborn.external.husl.hex_to_husl,hex,0,func": ["0.12.0rc0", "0.12.0", "0.12.1"], "seaborn.external.husl.huslp_to_rgb,h;s;l,0,func": ["0.12.0rc0", "0.12.0", "0.12.1"], "seaborn.external.husl.huslp_to_hex,h;s;l,0,func": ["0.12.0rc0", "0.12.0", "0.12.1"], "seaborn.external.husl.rgb_to_huslp,r;g;b,0,func": ["0.12.0rc0", "0.12.0", "0.12.1"], "seaborn.external.husl.hex_to_huslp,hex,0,func": ["0.12.0rc0", "0.12.0", "0.12.1"], "seaborn.external.husl.lch_to_rgb,l;c;h,0,func": ["0.12.0rc0", "0.12.0", "0.12.1"], "seaborn.external.husl.rgb_to_lch,r;g;b,0,func": ["0.12.0rc0", "0.12.0", "0.12.1"], "seaborn.external.husl.max_chroma,L;H,0,func": ["0.12.0rc0", "0.12.0", "0.12.1"], "seaborn.external.husl.max_chroma_pastel,L,0,func": ["0.12.0rc0", "0.12.0", "0.12.1"], "seaborn.external.husl.dot_product,a;b,0,func": ["0.12.0rc0", "0.12.0", "0.12.1"], "seaborn.external.husl.f,t,0,func": ["0.12.0rc0", "0.12.0", "0.12.1"], "seaborn.external.husl.f_inv,t,0,func": ["0.12.0rc0", "0.12.0", "0.12.1"], "seaborn.external.husl.from_linear,c,0,func": ["0.12.0rc0", "0.12.0", "0.12.1"], "seaborn.external.husl.to_linear,c,0,func": ["0.12.0rc0", "0.12.0", "0.12.1"], "seaborn.external.husl.rgb_prepare,triple,0,func": ["0.12.0rc0", "0.12.0", "0.12.1"], "seaborn.external.husl.hex_to_rgb,hex,0,func": ["0.12.0rc0", "0.12.0", "0.12.1"], "seaborn.external.husl.rgb_to_hex,triple,0,func": ["0.12.0rc0", "0.12.0", "0.12.1"], "seaborn.external.husl.xyz_to_rgb,triple,0,func": ["0.12.0rc0", "0.12.0", "0.12.1"], "seaborn.external.husl.rgb_to_xyz,triple,0,func": ["0.12.0rc0", "0.12.0", "0.12.1"], "seaborn.external.husl.xyz_to_luv,triple,0,func": ["0.12.0rc0", "0.12.0", "0.12.1"], "seaborn.external.husl.luv_to_xyz,triple,0,func": ["0.12.0rc0", "0.12.0", "0.12.1"], "seaborn.external.husl.luv_to_lch,triple,0,func": ["0.12.0rc0", "0.12.0", "0.12.1"], "seaborn.external.husl.lch_to_luv,triple,0,func": ["0.12.0rc0", "0.12.0", "0.12.1"], "seaborn.external.husl.husl_to_lch,triple,0,func": ["0.12.0rc0", "0.12.0", "0.12.1"], "seaborn.external.husl.lch_to_husl,triple,0,func": ["0.12.0rc0", "0.12.0", "0.12.1"], "seaborn.external.husl.huslp_to_lch,triple,0,func": ["0.12.0rc0", "0.12.0", "0.12.1"], "seaborn.external.husl.lch_to_huslp,triple,0,func": ["0.12.0rc0", "0.12.0", "0.12.1"], "seaborn.external.docscrape.strip_blank_lines,l,0,func": ["0.12.0rc0", "0.12.0", "0.12.1"], "seaborn.external.docscrape.Reader,self;data,0": ["0.12.0rc0", "0.12.0", "0.12.1"], "seaborn.external.docscrape.Reader.reset,self,0,cls": ["0.12.0rc0", "0.12.0", "0.12.1"], "seaborn.external.docscrape.Reader.read,self,0,cls": ["0.12.0rc0", "0.12.0", "0.12.1"], "seaborn.external.docscrape.Reader.seek_next_non_empty_line,self,0,cls": ["0.12.0rc0", "0.12.0", "0.12.1"], "seaborn.external.docscrape.Reader.eof,self,0,cls": ["0.12.0rc0", "0.12.0", "0.12.1"], "seaborn.external.docscrape.Reader.read_to_condition,self;condition_func,0,cls": ["0.12.0rc0", "0.12.0", "0.12.1"], "seaborn.external.docscrape.Reader.read_to_next_empty_line,self,0,cls": ["0.12.0rc0", "0.12.0", "0.12.1"], "seaborn.external.docscrape.Reader.read_to_next_unindented_line,self,0,cls": ["0.12.0rc0", "0.12.0", "0.12.1"], "seaborn.external.docscrape.Reader.peek,self;n,1,cls": ["0.12.0rc0", "0.12.0", "0.12.1"], "seaborn.external.docscrape.Reader.is_empty,self,0,cls": ["0.12.0rc0", "0.12.0", "0.12.1"], "seaborn.external.docscrape.ParseError,,": ["0.12.0rc0", "0.12.0", "0.12.1"], "seaborn.external.docscrape.NumpyDocString,self;docstring;config,1": ["0.12.0rc0", "0.12.0", "0.12.1"], "seaborn.external.docscrape.indent,str;indent,1,func": ["0.12.0rc0", "0.12.0", "0.12.1"], "seaborn.external.docscrape.dedent_lines,lines,0,func": ["0.12.0rc0", "0.12.0", "0.12.1"], "seaborn.external.docscrape.header,text;style,1,func": ["0.12.0rc0", "0.12.0", "0.12.1"], "seaborn.external.docscrape.FunctionDoc,self;func;role;doc;config,3": ["0.12.0rc0", "0.12.0", "0.12.1"], "seaborn.external.docscrape.FunctionDoc.get_func,self,0,cls": ["0.12.0rc0", "0.12.0", "0.12.1"], "seaborn.external.docscrape.ClassDoc,self;cls;doc;modulename;func_doc;config,4": ["0.12.0rc0", "0.12.0", "0.12.1"], "seaborn.external.docscrape.ClassDoc.methods,self,0,cls": ["0.12.0rc0", "0.12.0", "0.12.1"], "seaborn.external.docscrape.ClassDoc.properties,self,0,cls": ["0.12.0rc0", "0.12.0", "0.12.1"], "seaborn.matrix.get_colormap,name,0,func": ["0.12.0", "0.12.1"], "seaborn.palettes.get_colormap,name,0,func": ["0.12.0", "0.12.1"], "seaborn.cm.register_colormap,name;cmap,0,func": ["0.12.0", "0.12.1"], "seaborn.axisgrid.share_axis,ax0;ax1;which,0,func": ["0.12.0", "0.12.1"], "seaborn._compat.get_colormap,name,0,func": ["0.12.0", "0.12.1"], "seaborn._compat.register_colormap,name;cmap,0,func": ["0.12.0", "0.12.1"], "seaborn._compat.set_layout_engine,fig;engine,0,func": ["0.12.0", "0.12.1"], "seaborn._compat.share_axis,ax0;ax1;which,0,func": ["0.12.0", "0.12.1"], "seaborn.objects.Move,,": ["0.12.0", "0.12.1"], "seaborn.objects.Scale,,": ["0.12.0", "0.12.1"], "seaborn.objects.Scale.tick,self,0,cls": ["0.12.0", "0.12.1"], "seaborn.objects.Scale.label,self,0,cls": ["0.12.0", "0.12.1"], "seaborn._core.plot.Default,,": ["0.12.0", "0.12.1"], "seaborn._core.plot.set_layout_engine,fig;engine,0,func": ["0.12.0", "0.12.1"], "seaborn._marks.line.document_properties,mark,0,func": ["0.12.0", "0.12.1"], "seaborn._marks.bar.document_properties,mark,0,func": ["0.12.0", "0.12.1"], "seaborn._marks.dot.document_properties,mark,0,func": ["0.12.0", "0.12.1"], "seaborn._marks.area.document_properties,mark,0,func": ["0.12.0", "0.12.1"], "seaborn._marks.base.document_properties,mark,0,func": ["0.12.0", "0.12.1"], "seaborn.Hist,,": ["0.12.1"], "seaborn.interact,f,0,func": ["0.12.1"], "seaborn.widgets.interact,f,0,func": ["0.12.1"], "seaborn.distributions.Hist,,": ["0.12.1"], "seaborn.objects.Dash,,": ["0.12.1"], "seaborn.objects.Text,,": ["0.12.1"], "seaborn.objects.Count,,": ["0.12.1"], "seaborn.objects.Perc,,": ["0.12.1"], "seaborn._core.moves.Default,,": ["0.12.1"], "seaborn._core.properties.Offset,,": ["0.12.1"], "seaborn._core.properties.FontSize,,": ["0.12.1"], "seaborn._core.properties.FontSize.default_range,self,0,cls": ["0.12.1"], "seaborn._core.properties.TextAlignment,,": ["0.12.1"], "seaborn._core.properties.HorizontalAlignment,,": ["0.12.1"], "seaborn._core.properties.VerticalAlignment,,": ["0.12.1"], "seaborn._core.scales.Default,,": ["0.12.1"], "seaborn._core.typing.Default,,": ["0.12.1"], "seaborn._marks.line.Dash,,": ["0.12.1"], "seaborn._marks.text.Text,,": ["0.12.1"], "seaborn._marks.text.Mark,,": ["0.12.1"], "seaborn._marks.text.Mappable,self;val;depend;rc;auto;grouping,5": ["0.12.1"], "seaborn._marks.text.Mappable.depend,self,0,cls": ["0.12.1"], "seaborn._marks.text.Mappable.grouping,self,0,cls": ["0.12.1"], "seaborn._marks.text.Mappable.default,self,0,cls": ["0.12.1"], "seaborn._marks.text.resolve_properties,mark;data;scales,0,func": ["0.12.1"], "seaborn._marks.text.resolve_color,mark;data;prefix;scales,2,func": ["0.12.1"], "seaborn._marks.text.document_properties,mark,0,func": ["0.12.1"], "seaborn._stats.counting.Count,,": ["0.12.1"], "seaborn._stats.counting.Hist,,": ["0.12.1"], "seaborn._stats.counting.Scale,,": ["0.12.1"], "seaborn._stats.counting.Scale.tick,self,0,cls": ["0.12.1"], "seaborn._stats.counting.Scale.label,self,0,cls": ["0.12.1"], "seaborn._stats.counting.Stat,,": ["0.12.1"], "seaborn._stats.order.Perc,,": ["0.12.1"], "seaborn._stats.order.Scale,,": ["0.12.1"], "seaborn._stats.order.Scale.tick,self,0,cls": ["0.12.1"], "seaborn._stats.order.Scale.label,self,0,cls": ["0.12.1"], "seaborn._stats.order.Stat,,": ["0.12.1"], "seaborn._stats.order.Version,self;version,0": ["0.12.1"], "seaborn._stats.order.Version.epoch,self,0,cls": ["0.12.1"], "seaborn._stats.order.Version.release,self,0,cls": ["0.12.1"], "seaborn._stats.order.Version.pre,self,0,cls": ["0.12.1"], "seaborn._stats.order.Version.post,self,0,cls": ["0.12.1"], "seaborn._stats.order.Version.dev,self,0,cls": ["0.12.1"], "seaborn._stats.order.Version.local,self,0,cls": ["0.12.1"], "seaborn._stats.order.Version.public,self,0,cls": ["0.12.1"], "seaborn._stats.order.Version.base_version,self,0,cls": ["0.12.1"], "seaborn._stats.order.Version.is_prerelease,self,0,cls": ["0.12.1"], "seaborn._stats.order.Version.is_postrelease,self,0,cls": ["0.12.1"], "seaborn._stats.order.Version.is_devrelease,self,0,cls": ["0.12.1"], "seaborn._stats.order.Version.major,self,0,cls": ["0.12.1"], "seaborn._stats.order.Version.minor,self,0,cls": ["0.12.1"], "seaborn._stats.order.Version.micro,self,0,cls": ["0.12.1"]}, "version": ["0.1", "0.2.0", "0.2.1", "0.3", "0.3.1", "0.4.0", "0.5.0", "0.5.1", "0.6.0", "0.7.0", "0.7.1", "0.8", "0.8.1", "0.9.0", "0.9.1rc0", "0.9.1", "0.10.0rc0", "0.10.0", "0.10.1", "0.11.0rc0", "0.11.0", "0.11.1", "0.11.2rc0", "0.11.2", "0.12.0b0", "0.12.0b1", "0.12.0b2", "0.12.0b3", "0.12.0rc0", "0.12.0", "0.12.1"]}