{"module": ["setuptools/2.1/tmp/pkg_resources.py", "setuptools/2.1/tmp/setuptools", "setuptools/2.1/tmp/_markerlib", "setuptools/2.1/tmp/easy_install.py"], "API": {"pkg_resources.execfile,fn;globs;locs,2,func": ["2.1"], "pkg_resources.get_supported_platform,,0,func": ["2.1"], "pkg_resources.ResolutionError,,": ["2.1"], "pkg_resources.VersionConflict,,": ["2.1"], "pkg_resources.DistributionNotFound,,": ["2.1"], "pkg_resources.UnknownExtra,,": ["2.1"], "pkg_resources.register_loader_type,loader_type;provider_factory,0,func": ["2.1"], "pkg_resources.get_provider,moduleOrReq,0,func": ["2.1"], "pkg_resources.get_build_platform,,0,func": ["2.1"], "pkg_resources.compatible_platforms,provided;required,0,func": ["2.1"], "pkg_resources.run_script,dist_spec;script_name,0,func": ["2.1"], "pkg_resources.get_distribution,dist,0,func": ["2.1"], "pkg_resources.load_entry_point,dist;group;name,0,func": ["2.1"], "pkg_resources.get_entry_map,dist;group,1,func": ["2.1"], "pkg_resources.get_entry_info,dist;group;name,0,func": ["2.1"], "pkg_resources.IMetadataProvider,,": ["2.1"], "pkg_resources.IMetadataProvider.has_metadata,name,0,cls": ["2.1"], "pkg_resources.IMetadataProvider.get_metadata,name,0,cls": ["2.1"], "pkg_resources.IMetadataProvider.get_metadata_lines,name,0,cls": ["2.1"], "pkg_resources.IMetadataProvider.metadata_isdir,name,0,cls": ["2.1"], "pkg_resources.IMetadataProvider.metadata_listdir,name,0,cls": ["2.1"], "pkg_resources.IMetadataProvider.run_script,script_name;namespace,0,cls": ["2.1"], "pkg_resources.IResourceProvider,,": ["2.1"], "pkg_resources.IResourceProvider.get_resource_filename,manager;resource_name,0,cls": ["2.1"], "pkg_resources.IResourceProvider.get_resource_stream,manager;resource_name,0,cls": ["2.1"], "pkg_resources.IResourceProvider.get_resource_string,manager;resource_name,0,cls": ["2.1"], "pkg_resources.IResourceProvider.has_resource,resource_name,0,cls": ["2.1"], "pkg_resources.IResourceProvider.resource_isdir,resource_name,0,cls": ["2.1"], "pkg_resources.IResourceProvider.resource_listdir,resource_name,0,cls": ["2.1"], "pkg_resources.WorkingSet,self;entries,1": ["2.1"], "pkg_resources.WorkingSet.add_entry,self;entry,0,cls": ["2.1"], "pkg_resources.WorkingSet.find,self;req,0,cls": ["2.1"], "pkg_resources.WorkingSet.iter_entry_points,self;group;name,1,cls": ["2.1"], "pkg_resources.WorkingSet.run_script,self;requires;script_name,0,cls": ["2.1"], "pkg_resources.WorkingSet.add,self;dist;entry;insert,2,cls": ["2.1"], "pkg_resources.WorkingSet.resolve,self;requirements;env;installer,2,cls": ["2.1"], "pkg_resources.WorkingSet.find_plugins,self;plugin_env;full_env;installer;fallback,3,cls": ["2.1"], "pkg_resources.WorkingSet.require,self,0,cls": ["2.1"], "pkg_resources.WorkingSet.subscribe,self;callback,0,cls": ["2.1"], "pkg_resources.Environment,self;search_path;platform;python,3": ["2.1"], "pkg_resources.Environment.can_add,self;dist,0,cls": ["2.1"], "pkg_resources.Environment.remove,self;dist,0,cls": ["2.1"], "pkg_resources.Environment.scan,self;search_path,1,cls": ["2.1"], "pkg_resources.Environment.add,self;dist,0,cls": ["2.1"], "pkg_resources.Environment.best_match,self;req;working_set;installer,1,cls": ["2.1"], "pkg_resources.Environment.obtain,self;requirement;installer,1,cls": ["2.1"], "pkg_resources.ExtractionError,,": ["2.1"], "pkg_resources.ResourceManager,self,0": ["2.1"], "pkg_resources.ResourceManager.resource_exists,self;package_or_requirement;resource_name,0,cls": ["2.1"], "pkg_resources.ResourceManager.resource_isdir,self;package_or_requirement;resource_name,0,cls": ["2.1"], "pkg_resources.ResourceManager.resource_filename,self;package_or_requirement;resource_name,0,cls": ["2.1"], "pkg_resources.ResourceManager.resource_stream,self;package_or_requirement;resource_name,0,cls": ["2.1"], "pkg_resources.ResourceManager.resource_string,self;package_or_requirement;resource_name,0,cls": ["2.1"], "pkg_resources.ResourceManager.resource_listdir,self;package_or_requirement;resource_name,0,cls": ["2.1"], "pkg_resources.ResourceManager.extraction_error,self,0,cls": ["2.1"], "pkg_resources.ResourceManager.get_cache_path,self;archive_name;names,1,cls": ["2.1"], "pkg_resources.ResourceManager.postprocess,self;tempname;filename,0,cls": ["2.1"], "pkg_resources.ResourceManager.set_extraction_path,self;path,0,cls": ["2.1"], "pkg_resources.ResourceManager.cleanup_resources,self;force,1,cls": ["2.1"], "pkg_resources.get_default_cache,,0,func": ["2.1"], "pkg_resources.safe_name,name,0,func": ["2.1"], "pkg_resources.safe_version,version,0,func": ["2.1"], "pkg_resources.safe_extra,extra,0,func": ["2.1"], "pkg_resources.to_filename,name,0,func": ["2.1"], "pkg_resources.MarkerEvaluation,,": ["2.1"], "pkg_resources.MarkerEvaluation.is_invalid_marker,cls;text,0,cls": ["2.1"], "pkg_resources.MarkerEvaluation.normalize_exception,exc,0,cls": ["2.1"], "pkg_resources.MarkerEvaluation.and_test,cls;nodelist,0,cls": ["2.1"], "pkg_resources.MarkerEvaluation.test,cls;nodelist,0,cls": ["2.1"], "pkg_resources.MarkerEvaluation.atom,cls;nodelist,0,cls": ["2.1"], "pkg_resources.MarkerEvaluation.comparison,cls;nodelist,0,cls": ["2.1"], "pkg_resources.MarkerEvaluation.get_op,cls;op,0,cls": ["2.1"], "pkg_resources.MarkerEvaluation.evaluate_marker,cls;text;extra,1,cls": ["2.1"], "pkg_resources.MarkerEvaluation.interpret,cls;nodelist,0,cls": ["2.1"], "pkg_resources.MarkerEvaluation.evaluate,cls;nodelist,0,cls": ["2.1"], "pkg_resources.NullProvider,self;module,0": ["2.1"], "pkg_resources.NullProvider.get_resource_filename,self;manager;resource_name,0,cls": ["2.1"], "pkg_resources.NullProvider.get_resource_stream,self;manager;resource_name,0,cls": ["2.1"], "pkg_resources.NullProvider.get_resource_string,self;manager;resource_name,0,cls": ["2.1"], "pkg_resources.NullProvider.has_resource,self;resource_name,0,cls": ["2.1"], "pkg_resources.NullProvider.has_metadata,self;name,0,cls": ["2.1"], "pkg_resources.NullProvider.get_metadata,self;name,0,cls": ["2.1"], "pkg_resources.NullProvider.get_metadata_lines,self;name,0,cls": ["2.1"], "pkg_resources.NullProvider.resource_isdir,self;resource_name,0,cls": ["2.1"], "pkg_resources.NullProvider.metadata_isdir,self;name,0,cls": ["2.1"], "pkg_resources.NullProvider.resource_listdir,self;resource_name,0,cls": ["2.1"], "pkg_resources.NullProvider.metadata_listdir,self;name,0,cls": ["2.1"], "pkg_resources.NullProvider.run_script,self;script_name;namespace,0,cls": ["2.1"], "pkg_resources.EggProvider,self;module,0": ["2.1"], "pkg_resources.DefaultProvider,,": ["2.1"], "pkg_resources.DefaultProvider.get_resource_stream,self;manager;resource_name,0,cls": ["2.1"], "pkg_resources.EmptyProvider,self,0": ["2.1"], "pkg_resources.build_zipmanifest,path,0,func": ["2.1"], "pkg_resources.ZipProvider,self;module,0": ["2.1"], "pkg_resources.ZipProvider.get_resource_filename,self;manager;resource_name,0,cls": ["2.1"], "pkg_resources.FileMetadata,self;path,0": ["2.1"], "pkg_resources.FileMetadata.has_metadata,self;name,0,cls": ["2.1"], "pkg_resources.FileMetadata.get_metadata,self;name,0,cls": ["2.1"], "pkg_resources.FileMetadata.get_metadata_lines,self;name,0,cls": ["2.1"], "pkg_resources.PathMetadata,self;path;egg_info,0": ["2.1"], "pkg_resources.EggMetadata,self;importer,0": ["2.1"], "pkg_resources.register_finder,importer_type;distribution_finder,0,func": ["2.1"], "pkg_resources.find_distributions,path_item;only,1,func": ["2.1"], "pkg_resources.find_eggs_in_zip,importer;path_item;only,1,func": ["2.1"], "pkg_resources.find_nothing,importer;path_item;only,1,func": ["2.1"], "pkg_resources.find_on_path,importer;path_item;only,1,func": ["2.1"], "pkg_resources.register_namespace_handler,importer_type;namespace_handler,0,func": ["2.1"], "pkg_resources.declare_namespace,packageName,0,func": ["2.1"], "pkg_resources.fixup_namespace_packages,path_item;parent,1,func": ["2.1"], "pkg_resources.file_ns_handler,importer;path_item;packageName;module,0,func": ["2.1"], "pkg_resources.null_ns_handler,importer;path_item;packageName;module,0,func": ["2.1"], "pkg_resources.normalize_path,filename,0,func": ["2.1"], "pkg_resources.yield_lines,strs,0,func": ["2.1"], "pkg_resources.parse_version,s,0,func": ["2.1"], "pkg_resources.EntryPoint,self;name;module_name;attrs;extras;dist,3": ["2.1"], "pkg_resources.EntryPoint.load,self;require;env;installer,3,cls": ["2.1"], "pkg_resources.EntryPoint.require,self;env;installer,2,cls": ["2.1"], "pkg_resources.EntryPoint.parse,cls;src;dist,1,cls": ["2.1"], "pkg_resources.EntryPoint.parse_group,cls;group;lines;dist,1,cls": ["2.1"], "pkg_resources.EntryPoint.parse_map,cls;data;dist,1,cls": ["2.1"], "pkg_resources.Distribution,self;location;metadata;project_name;version;py_version;platform;precedence,7": ["2.1"], "pkg_resources.Distribution.from_location,cls;location;basename;metadata,1,cls": ["2.1"], "pkg_resources.Distribution.key,self,0,cls": ["2.1"], "pkg_resources.Distribution.parsed_version,self,0,cls": ["2.1"], "pkg_resources.Distribution.version,self,0,cls": ["2.1"], "pkg_resources.Distribution.requires,self;extras,1,cls": ["2.1"], "pkg_resources.Distribution.activate,self;path,1,cls": ["2.1"], "pkg_resources.Distribution.egg_name,self,0,cls": ["2.1"], "pkg_resources.Distribution.from_filename,cls;filename;metadata,1,cls": ["2.1"], "pkg_resources.Distribution.as_requirement,self,0,cls": ["2.1"], "pkg_resources.Distribution.load_entry_point,self;group;name,0,cls": ["2.1"], "pkg_resources.Distribution.get_entry_map,self;group,1,cls": ["2.1"], "pkg_resources.Distribution.get_entry_info,self;group;name,0,cls": ["2.1"], "pkg_resources.Distribution.insert_on,self;path;loc,1,cls": ["2.1"], "pkg_resources.Distribution.check_version_conflict,self,0,cls": ["2.1"], "pkg_resources.Distribution.has_version,self,0,cls": ["2.1"], "pkg_resources.Distribution.clone,self,0,cls": ["2.1"], "pkg_resources.Distribution.extras,self,0,cls": ["2.1"], "pkg_resources.DistInfoDistribution,,": ["2.1"], "pkg_resources.issue_warning,,0,func": ["2.1"], "pkg_resources.parse_requirements,strs,0,func": ["2.1"], "pkg_resources.Requirement,self;project_name;specs;extras,0": ["2.1"], "pkg_resources.Requirement.parse,s,0,cls": ["2.1"], "pkg_resources.ensure_directory,path,0,func": ["2.1"], "pkg_resources.split_sections,s,0,func": ["2.1"], "setuptools.ssl_support.CertificateError,,": ["2.1"], "setuptools.ssl_support.match_hostname,cert;hostname,0,func": ["2.1"], "setuptools.ssl_support.VerifyingHTTPSHandler,self;ca_bundle,0": ["2.1"], "setuptools.ssl_support.VerifyingHTTPSHandler.https_open,self;req,0,cls": ["2.1"], "setuptools.ssl_support.VerifyingHTTPSConn,self;host;ca_bundle,0": ["2.1"], "setuptools.ssl_support.VerifyingHTTPSConn.connect,self,0,cls": ["2.1"], "setuptools.ssl_support.opener_for,ca_bundle,1,func": ["2.1"], "setuptools.ssl_support.get_win_certfile,,0,func": ["2.1"], "setuptools.ssl_support.find_ca_bundle,,0,func": ["2.1"], "setuptools.svn_utils.joinpath,prefix,0,func": ["2.1"], "setuptools.svn_utils.determine_console_encoding,,0,func": ["2.1"], "setuptools.svn_utils.decode_as_string,text;encoding,1,func": ["2.1"], "setuptools.svn_utils.parse_dir_entries,decoded_str,0,func": ["2.1"], "setuptools.svn_utils.parse_externals_xml,decoded_str;prefix,1,func": ["2.1"], "setuptools.svn_utils.parse_external_prop,lines,0,func": ["2.1"], "setuptools.svn_utils.parse_prop_file,filename;key,0,func": ["2.1"], "setuptools.svn_utils.SvnInfo,self;path,1": ["2.1"], "setuptools.svn_utils.SvnInfo.get_svn_version,,0,cls": ["2.1"], "setuptools.svn_utils.SvnInfo.load,cls;dirname,1,cls": ["2.1"], "setuptools.svn_utils.SvnInfo.get_revision,self,0,cls": ["2.1"], "setuptools.svn_utils.SvnInfo.entries,self,0,cls": ["2.1"], "setuptools.svn_utils.SvnInfo.externals,self,0,cls": ["2.1"], "setuptools.svn_utils.SvnInfo.iter_externals,self,0,cls": ["2.1"], "setuptools.svn_utils.SvnInfo.iter_files,self,0,cls": ["2.1"], "setuptools.svn_utils.SvnInfo.iter_dirs,self;include_root,1,cls": ["2.1"], "setuptools.svn_utils.SvnInfo.get_entries,self,0,cls": ["2.1"], "setuptools.svn_utils.SvnInfo.get_externals,self,0,cls": ["2.1"], "setuptools.svn_utils.Svn13Info,,": ["2.1"], "setuptools.svn_utils.Svn13Info.get_entries,self,0,cls": ["2.1"], "setuptools.svn_utils.Svn13Info.get_externals,self,0,cls": ["2.1"], "setuptools.svn_utils.Svn15Info,,": ["2.1"], "setuptools.svn_utils.Svn15Info.get_externals,self,0,cls": ["2.1"], "setuptools.svn_utils.SvnFileInfo,self;path,1": ["2.1"], "setuptools.svn_utils.SvnFileInfo.get_entries,self,0,cls": ["2.1"], "setuptools.svn_utils.SvnFileInfo.get_revision,self,0,cls": ["2.1"], "setuptools.svn_utils.SvnFileInfo.get_externals,self,0,cls": ["2.1"], "setuptools.svn_utils.svn_finder,dirname,1,func": ["2.1"], "setuptools.svn_utils.SVNEntriesFile,self;data,0": ["2.1"], "setuptools.svn_utils.SVNEntriesFile.load,class_;base,0,cls": ["2.1"], "setuptools.svn_utils.SVNEntriesFile.read,class_;fileobj,0,cls": ["2.1"], "setuptools.svn_utils.SVNEntriesFile.parse_revision,self,0,cls": ["2.1"], "setuptools.svn_utils.SVNEntriesFileText,,": ["2.1"], "setuptools.svn_utils.SVNEntriesFileText.get_sections,self,0,cls": ["2.1"], "setuptools.svn_utils.SVNEntriesFileText.is_valid,self,0,cls": ["2.1"], "setuptools.svn_utils.SVNEntriesFileText.get_url,self,0,cls": ["2.1"], "setuptools.svn_utils.SVNEntriesFileText.parse_revision_numbers,self,0,cls": ["2.1"], "setuptools.svn_utils.SVNEntriesFileText.get_undeleted_records,self,0,cls": ["2.1"], "setuptools.svn_utils.SVNEntriesFileXML,,": ["2.1"], "setuptools.svn_utils.SVNEntriesFileXML.is_valid,self,0,cls": ["2.1"], "setuptools.svn_utils.SVNEntriesFileXML.get_url,self,0,cls": ["2.1"], "setuptools.svn_utils.SVNEntriesFileXML.parse_revision_numbers,self,0,cls": ["2.1"], "setuptools.svn_utils.SVNEntriesFileXML.get_undeleted_records,self,0,cls": ["2.1"], "setuptools.package_index.parse_bdist_wininst,name,0,func": ["2.1"], "setuptools.package_index.egg_info_for_url,url,0,func": ["2.1"], "setuptools.package_index.distros_for_url,url;metadata,1,func": ["2.1"], "setuptools.package_index.distros_for_location,location;basename;metadata,1,func": ["2.1"], "setuptools.package_index.distros_for_filename,filename;metadata,1,func": ["2.1"], "setuptools.package_index.interpret_distro_name,location;basename;metadata;py_version;precedence;platform,3,func": ["2.1"], "setuptools.package_index.unique_everseen,iterable;key,1,func": ["2.1"], "setuptools.package_index.unique_values,func,0,func": ["2.1"], "setuptools.package_index.find_external_links,url;page,0,func": ["2.1"], "setuptools.package_index.ContentChecker,,": ["2.1"], "setuptools.package_index.ContentChecker.feed,self;block,0,cls": ["2.1"], "setuptools.package_index.ContentChecker.is_valid,self,0,cls": ["2.1"], "setuptools.package_index.ContentChecker.report,self;reporter;template,0,cls": ["2.1"], "setuptools.package_index.HashChecker,self;hash_name;expected,0": ["2.1"], "setuptools.package_index.HashChecker.from_url,cls;url,0,cls": ["2.1"], "setuptools.package_index.HashChecker.feed,self;block,0,cls": ["2.1"], "setuptools.package_index.HashChecker.is_valid,self,0,cls": ["2.1"], "setuptools.package_index.HashChecker.report,self;reporter;template,0,cls": ["2.1"], "setuptools.package_index.PackageIndex,self;index_url;hosts;ca_bundle;verify_ssl,4": ["2.1"], "setuptools.package_index.PackageIndex.process_url,self;url;retrieve,1,cls": ["2.1"], "setuptools.package_index.PackageIndex.process_filename,self;fn;nested,1,cls": ["2.1"], "setuptools.package_index.PackageIndex.url_ok,self;url;fatal,1,cls": ["2.1"], "setuptools.package_index.PackageIndex.scan_egg_links,self;search_path,0,cls": ["2.1"], "setuptools.package_index.PackageIndex.scan_egg_link,self;path;entry,0,cls": ["2.1"], "setuptools.package_index.PackageIndex.process_index,self;url;page,0,cls": ["2.1"], "setuptools.package_index.PackageIndex.need_version_info,self;url,0,cls": ["2.1"], "setuptools.package_index.PackageIndex.scan_all,self;msg,1,cls": ["2.1"], "setuptools.package_index.PackageIndex.find_packages,self;requirement,0,cls": ["2.1"], "setuptools.package_index.PackageIndex.obtain,self;requirement;installer,1,cls": ["2.1"], "setuptools.package_index.PackageIndex.check_hash,self;checker;filename;tfp,0,cls": ["2.1"], "setuptools.package_index.PackageIndex.add_find_links,self;urls,0,cls": ["2.1"], "setuptools.package_index.PackageIndex.prescan,self,0,cls": ["2.1"], "setuptools.package_index.PackageIndex.not_found_in_index,self;requirement,0,cls": ["2.1"], "setuptools.package_index.PackageIndex.download,self;spec;tmpdir,0,cls": ["2.1"], "setuptools.package_index.PackageIndex.fetch_distribution,self;requirement;tmpdir;force_scan;source;develop_ok;local_index,4,cls": ["2.1"], "setuptools.package_index.PackageIndex.fetch,self;requirement;tmpdir;force_scan;source,2,cls": ["2.1"], "setuptools.package_index.PackageIndex.gen_setup,self;filename;fragment;tmpdir,0,cls": ["2.1"], "setuptools.package_index.PackageIndex.reporthook,self;url;filename;blocknum;blksize;size,0,cls": ["2.1"], "setuptools.package_index.PackageIndex.open_url,self;url;warning,1,cls": ["2.1"], "setuptools.package_index.PackageIndex.scan_url,self;url,0,cls": ["2.1"], "setuptools.package_index.PackageIndex.debug,self;msg,0,cls": ["2.1"], "setuptools.package_index.PackageIndex.info,self;msg,0,cls": ["2.1"], "setuptools.package_index.PackageIndex.warn,self;msg,0,cls": ["2.1"], "setuptools.package_index.uchr,c,0,func": ["2.1"], "setuptools.package_index.decode_entity,match,0,func": ["2.1"], "setuptools.package_index.htmldecode,text,0,func": ["2.1"], "setuptools.package_index.socket_timeout,timeout,1,func": ["2.1"], "setuptools.package_index.Credential,self;username;password,0": ["2.1"], "setuptools.package_index.PyPIConfig,self,0": ["2.1"], "setuptools.package_index.PyPIConfig.creds_by_repository,self,0,cls": ["2.1"], "setuptools.package_index.PyPIConfig.find_credential,self;url,0,cls": ["2.1"], "setuptools.package_index.open_with_auth,url;opener,1,func": ["2.1"], "setuptools.package_index.fix_sf_url,url,0,func": ["2.1"], "setuptools.package_index.local_open,url,0,func": ["2.1"], "setuptools.package_index.strip_fragment,url,0,func": ["2.1"], "setuptools.package_index.get_all_headers,message;key,0,func": ["2.1"], "setuptools.package_index.samefile,p1;p2,0,func": ["2.1"], "setuptools.archive_util.UnrecognizedFormat,,": ["2.1"], "setuptools.archive_util.default_filter,src;dst,0,func": ["2.1"], "setuptools.archive_util.unpack_archive,filename;extract_dir;progress_filter;drivers,2,func": ["2.1"], "setuptools.archive_util.unpack_directory,filename;extract_dir;progress_filter,1,func": ["2.1"], "setuptools.archive_util.unpack_zipfile,filename;extract_dir;progress_filter,1,func": ["2.1"], "setuptools.archive_util.unpack_tarfile,filename;extract_dir;progress_filter,1,func": ["2.1"], "setuptools.compat.execfile,fn;globs;locs,2,func": ["2.1"], "setuptools.compat.reraise,tp;value;tb,1,func": ["2.1"], "setuptools.py31compat.get_path,name,0,func": ["2.1"], "setuptools.depends.Require,self;name;requested_version;module;homepage;attribute;format,3": ["2.1"], "setuptools.depends.Require.full_name,self,0,cls": ["2.1"], "setuptools.depends.Require.version_ok,self;version,0,cls": ["2.1"], "setuptools.depends.Require.get_version,self;paths;default,2,cls": ["2.1"], "setuptools.depends.Require.is_present,self;paths,1,cls": ["2.1"], "setuptools.depends.Require.is_current,self;paths,1,cls": ["2.1"], "setuptools.depends.find_module,module;paths,1,func": ["2.1"], "setuptools.depends.get_module_constant,module;symbol;default;paths,2,func": ["2.1"], "setuptools.depends.extract_constant,code;symbol;default,1,func": ["2.1"], "setuptools.py27compat.get_all_headers,message;key,0,func": ["2.1"], "setuptools.py26compat.strip_fragment,url,0,func": ["2.1"], "setuptools.find_packages,where;exclude,2,func": ["2.1"], "setuptools.Command,self;dist,0": ["2.1"], "setuptools.Command.reinitialize_command,self;command;reinit_subcommands,1,cls": ["2.1"], "setuptools.findall,dir,1,func": ["2.1"], "setuptools.Extension,self,0": ["2.1"], "setuptools.Distribution,self;attrs,1": ["2.1"], "setuptools.Distribution.patch_missing_pkg_info,self;attrs,0,cls": ["2.1"], "setuptools.Distribution.parse_command_line,self,0,cls": ["2.1"], "setuptools.Distribution.fetch_build_eggs,self;requires,0,cls": ["2.1"], "setuptools.Distribution.finalize_options,self,0,cls": ["2.1"], "setuptools.Distribution.fetch_build_egg,self;req,0,cls": ["2.1"], "setuptools.Distribution.get_command_class,self;command,0,cls": ["2.1"], "setuptools.Distribution.print_commands,self,0,cls": ["2.1"], "setuptools.Distribution.feature_is_included,self;name,0,cls": ["2.1"], "setuptools.Distribution.include_feature,self;name,0,cls": ["2.1"], "setuptools.Distribution.include,self,0,cls": ["2.1"], "setuptools.Distribution.exclude_package,self;package,0,cls": ["2.1"], "setuptools.Distribution.has_contents_for,self;package,0,cls": ["2.1"], "setuptools.Distribution.exclude,self,0,cls": ["2.1"], "setuptools.Distribution.get_cmdline_options,self,0,cls": ["2.1"], "setuptools.Distribution.iter_distribution_names,self,0,cls": ["2.1"], "setuptools.Distribution.handle_display_options,self;option_order,0,cls": ["2.1"], "setuptools.Feature,self;description;standard;available;optional;require_features;remove,5": ["2.1"], "setuptools.Feature.warn_deprecated,,0,cls": ["2.1"], "setuptools.Feature.include_by_default,self,0,cls": ["2.1"], "setuptools.Feature.include_in,self;dist,0,cls": ["2.1"], "setuptools.Feature.exclude_from,self;dist,0,cls": ["2.1"], "setuptools.Feature.validate,self;dist,0,cls": ["2.1"], "setuptools.Require,self;name;requested_version;module;homepage;attribute;format,3": ["2.1"], "setuptools.Require.full_name,self,0,cls": ["2.1"], "setuptools.Require.version_ok,self;version,0,cls": ["2.1"], "setuptools.Require.get_version,self;paths;default,2,cls": ["2.1"], "setuptools.Require.is_present,self;paths,1,cls": ["2.1"], "setuptools.Require.is_current,self;paths,1,cls": ["2.1"], "setuptools.sandbox.run_setup,setup_script;args,0,func": ["2.1"], "setuptools.sandbox.AbstractSandbox,self,0": ["2.1"], "setuptools.sandbox.AbstractSandbox.run,self;func,0,cls": ["2.1"], "setuptools.sandbox.DirectorySandbox,self;sandbox;exceptions,1": ["2.1"], "setuptools.sandbox.DirectorySandbox.tmpnam,self,0,cls": ["2.1"], "setuptools.sandbox.DirectorySandbox.open,self;file;flags;mode,1,cls": ["2.1"], "setuptools.sandbox.SandboxViolation,,": ["2.1"], "setuptools.sandbox.execfile,fn;globs;locs,2,func": ["2.1"], "setuptools.extension.have_pyrex,,0,func": ["2.1"], "setuptools.extension.Extension,self,0": ["2.1"], "setuptools.extension.Library,,": ["2.1"], "setuptools.dist.check_importable,dist;attr;value,0,func": ["2.1"], "setuptools.dist.assert_string_list,dist;attr;value,0,func": ["2.1"], "setuptools.dist.check_nsp,dist;attr;value,0,func": ["2.1"], "setuptools.dist.check_extras,dist;attr;value,0,func": ["2.1"], "setuptools.dist.assert_bool,dist;attr;value,0,func": ["2.1"], "setuptools.dist.check_requirements,dist;attr;value,0,func": ["2.1"], "setuptools.dist.check_entry_points,dist;attr;value,0,func": ["2.1"], "setuptools.dist.check_test_suite,dist;attr;value,0,func": ["2.1"], "setuptools.dist.check_package_data,dist;attr;value,0,func": ["2.1"], "setuptools.dist.check_packages,dist;attr;value,0,func": ["2.1"], "setuptools.dist.Distribution,self;attrs,1": ["2.1"], "setuptools.dist.Distribution.patch_missing_pkg_info,self;attrs,0,cls": ["2.1"], "setuptools.dist.Distribution.parse_command_line,self,0,cls": ["2.1"], "setuptools.dist.Distribution.fetch_build_eggs,self;requires,0,cls": ["2.1"], "setuptools.dist.Distribution.finalize_options,self,0,cls": ["2.1"], "setuptools.dist.Distribution.fetch_build_egg,self;req,0,cls": ["2.1"], "setuptools.dist.Distribution.get_command_class,self;command,0,cls": ["2.1"], "setuptools.dist.Distribution.print_commands,self,0,cls": ["2.1"], "setuptools.dist.Distribution.feature_is_included,self;name,0,cls": ["2.1"], "setuptools.dist.Distribution.include_feature,self;name,0,cls": ["2.1"], "setuptools.dist.Distribution.include,self,0,cls": ["2.1"], "setuptools.dist.Distribution.exclude_package,self;package,0,cls": ["2.1"], "setuptools.dist.Distribution.has_contents_for,self;package,0,cls": ["2.1"], "setuptools.dist.Distribution.exclude,self,0,cls": ["2.1"], "setuptools.dist.Distribution.get_cmdline_options,self,0,cls": ["2.1"], "setuptools.dist.Distribution.iter_distribution_names,self,0,cls": ["2.1"], "setuptools.dist.Distribution.handle_display_options,self;option_order,0,cls": ["2.1"], "setuptools.dist.Feature,self;description;standard;available;optional;require_features;remove,5": ["2.1"], "setuptools.dist.Feature.warn_deprecated,,0,cls": ["2.1"], "setuptools.dist.Feature.include_by_default,self,0,cls": ["2.1"], "setuptools.dist.Feature.include_in,self;dist,0,cls": ["2.1"], "setuptools.dist.Feature.exclude_from,self;dist,0,cls": ["2.1"], "setuptools.dist.Feature.validate,self;dist,0,cls": ["2.1"], "setuptools.dist.Require,self;name;requested_version;module;homepage;attribute;format,3": ["2.1"], "setuptools.dist.Require.full_name,self,0,cls": ["2.1"], "setuptools.dist.Require.version_ok,self;version,0,cls": ["2.1"], "setuptools.dist.Require.get_version,self;paths;default,2,cls": ["2.1"], "setuptools.dist.Require.is_present,self;paths,1,cls": ["2.1"], "setuptools.dist.Require.is_current,self;paths,1,cls": ["2.1"], "setuptools.dist.easy_install,,": ["2.1"], "setuptools.dist.easy_install.initialize_options,self,0,cls": ["2.1"], "setuptools.dist.easy_install.delete_blockers,self;blockers,0,cls": ["2.1"], "setuptools.dist.easy_install.finalize_options,self,0,cls": ["2.1"], "setuptools.dist.easy_install.expand_basedirs,self,0,cls": ["2.1"], "setuptools.dist.easy_install.expand_dirs,self,0,cls": ["2.1"], "setuptools.dist.easy_install.run,self,0,cls": ["2.1"], "setuptools.dist.easy_install.pseudo_tempname,self,0,cls": ["2.1"], "setuptools.dist.easy_install.warn_deprecated_options,self,0,cls": ["2.1"], "setuptools.dist.easy_install.check_site_dir,self,0,cls": ["2.1"], "setuptools.dist.easy_install.cant_write_to_target,self,0,cls": ["2.1"], "setuptools.dist.easy_install.check_pth_processing,self,0,cls": ["2.1"], "setuptools.dist.easy_install.install_egg_scripts,self;dist,0,cls": ["2.1"], "setuptools.dist.easy_install.add_output,self;path,0,cls": ["2.1"], "setuptools.dist.easy_install.not_editable,self;spec,0,cls": ["2.1"], "setuptools.dist.easy_install.check_editable,self;spec,0,cls": ["2.1"], "setuptools.dist.easy_install.easy_install,self;spec;deps,1,cls": ["2.1"], "setuptools.dist.easy_install.install_item,self;spec;download;tmpdir;deps;install_needed,1,cls": ["2.1"], "setuptools.dist.easy_install.select_scheme,self;name,0,cls": ["2.1"], "setuptools.dist.easy_install.process_distribution,self;requirement;dist;deps,1,cls": ["2.1"], "setuptools.dist.easy_install.should_unzip,self;dist,0,cls": ["2.1"], "setuptools.dist.easy_install.maybe_move,self;spec;dist_filename;setup_base,0,cls": ["2.1"], "setuptools.dist.easy_install.install_wrapper_scripts,self;dist,0,cls": ["2.1"], "setuptools.dist.easy_install.install_script,self;dist;script_name;script_text;dev_path,1,cls": ["2.1"], "setuptools.dist.easy_install.write_script,self;script_name;contents;mode;blockers,2,cls": ["2.1"], "setuptools.dist.easy_install.install_eggs,self;spec;dist_filename;tmpdir,0,cls": ["2.1"], "setuptools.dist.easy_install.egg_distribution,self;egg_path,0,cls": ["2.1"], "setuptools.dist.easy_install.install_egg,self;egg_path;tmpdir,0,cls": ["2.1"], "setuptools.dist.easy_install.install_exe,self;dist_filename;tmpdir,0,cls": ["2.1"], "setuptools.dist.easy_install.exe_to_egg,self;dist_filename;egg_tmp,0,cls": ["2.1"], "setuptools.dist.easy_install.installation_report,self;req;dist;what,1,cls": ["2.1"], "setuptools.dist.easy_install.report_editable,self;spec;setup_script,0,cls": ["2.1"], "setuptools.dist.easy_install.run_setup,self;setup_script;setup_base;args,0,cls": ["2.1"], "setuptools.dist.easy_install.build_and_install,self;setup_script;setup_base,0,cls": ["2.1"], "setuptools.dist.easy_install.update_pth,self;dist,0,cls": ["2.1"], "setuptools.dist.easy_install.unpack_progress,self;src;dst,0,cls": ["2.1"], "setuptools.dist.easy_install.unpack_and_compile,self;egg_path;destination,0,cls": ["2.1"], "setuptools.dist.easy_install.byte_compile,self;to_compile,0,cls": ["2.1"], "setuptools.dist.easy_install.no_default_version_msg,self,0,cls": ["2.1"], "setuptools.dist.easy_install.install_site_py,self,0,cls": ["2.1"], "setuptools.dist.easy_install.create_home_path,self,0,cls": ["2.1"], "setuptools.lib2to3_ex.DistutilsRefactoringTool,,": ["2.1"], "setuptools.lib2to3_ex.DistutilsRefactoringTool.log_error,self;msg,0,cls": ["2.1"], "setuptools.lib2to3_ex.DistutilsRefactoringTool.log_message,self;msg,0,cls": ["2.1"], "setuptools.lib2to3_ex.DistutilsRefactoringTool.log_debug,self;msg,0,cls": ["2.1"], "setuptools.lib2to3_ex.Mixin2to3,,": ["2.1"], "setuptools.lib2to3_ex.Mixin2to3.run_2to3,self;files;doctests,1,cls": ["2.1"], "setuptools.command.bdist_egg.strip_module,filename,0,func": ["2.1"], "setuptools.command.bdist_egg.write_stub,resource;pyfile,0,func": ["2.1"], "setuptools.command.bdist_egg.bdist_egg,,": ["2.1"], "setuptools.command.bdist_egg.bdist_egg.initialize_options,self,0,cls": ["2.1"], "setuptools.command.bdist_egg.bdist_egg.finalize_options,self,0,cls": ["2.1"], "setuptools.command.bdist_egg.bdist_egg.do_install_data,self,0,cls": ["2.1"], "setuptools.command.bdist_egg.bdist_egg.get_outputs,self,0,cls": ["2.1"], "setuptools.command.bdist_egg.bdist_egg.call_command,self;cmdname,0,cls": ["2.1"], "setuptools.command.bdist_egg.bdist_egg.run,self,0,cls": ["2.1"], "setuptools.command.bdist_egg.bdist_egg.zap_pyfiles,self,0,cls": ["2.1"], "setuptools.command.bdist_egg.bdist_egg.zip_safe,self,0,cls": ["2.1"], "setuptools.command.bdist_egg.bdist_egg.make_init_files,self,0,cls": ["2.1"], "setuptools.command.bdist_egg.bdist_egg.gen_header,self,0,cls": ["2.1"], "setuptools.command.bdist_egg.bdist_egg.copy_metadata_to,self;target_dir,0,cls": ["2.1"], "setuptools.command.bdist_egg.bdist_egg.get_ext_outputs,self,0,cls": ["2.1"], "setuptools.command.bdist_egg.walk_egg,egg_dir,0,func": ["2.1"], "setuptools.command.bdist_egg.analyze_egg,egg_dir;stubs,0,func": ["2.1"], "setuptools.command.bdist_egg.write_safety_flag,egg_dir;safe,0,func": ["2.1"], "setuptools.command.bdist_egg.scan_module,egg_dir;base;name;stubs,0,func": ["2.1"], "setuptools.command.bdist_egg.iter_symbols,code,0,func": ["2.1"], "setuptools.command.bdist_egg.can_scan,,0,func": ["2.1"], "setuptools.command.bdist_egg.make_zipfile,zip_filename;base_dir;verbose;dry_run;compress;mode,4,func": ["2.1"], "setuptools.command.bdist_egg.Library,,": ["2.1"], "setuptools.command.alias.shquote,arg,0,func": ["2.1"], "setuptools.command.alias.alias,,": ["2.1"], "setuptools.command.alias.alias.initialize_options,self,0,cls": ["2.1"], "setuptools.command.alias.alias.finalize_options,self,0,cls": ["2.1"], "setuptools.command.alias.alias.run,self,0,cls": ["2.1"], "setuptools.command.alias.format_alias,name;aliases,0,func": ["2.1"], "setuptools.command.alias.edit_config,filename;settings;dry_run,1,func": ["2.1"], "setuptools.command.alias.option_base,,": ["2.1"], "setuptools.command.alias.option_base.initialize_options,self,0,cls": ["2.1"], "setuptools.command.alias.option_base.finalize_options,self,0,cls": ["2.1"], "setuptools.command.alias.config_file,kind,1,func": ["2.1"], "setuptools.command.build_ext.if_dl,s,0,func": ["2.1"], "setuptools.command.build_ext.build_ext,,": ["2.1"], "setuptools.command.build_ext.build_ext.run,self,0,cls": ["2.1"], "setuptools.command.build_ext.build_ext.copy_extensions_to_source,self,0,cls": ["2.1"], "setuptools.command.build_ext.build_ext.swig_sources,self;sources,0,cls": ["2.1"], "setuptools.command.build_ext.build_ext.get_ext_filename,self;fullname,0,cls": ["2.1"], "setuptools.command.build_ext.build_ext.initialize_options,self,0,cls": ["2.1"], "setuptools.command.build_ext.build_ext.finalize_options,self,0,cls": ["2.1"], "setuptools.command.build_ext.build_ext.setup_shlib_compiler,self,0,cls": ["2.1"], "setuptools.command.build_ext.build_ext.get_export_symbols,self;ext,0,cls": ["2.1"], "setuptools.command.build_ext.build_ext.build_extension,self;ext,0,cls": ["2.1"], "setuptools.command.build_ext.build_ext.links_to_dynamic,self;ext,0,cls": ["2.1"], "setuptools.command.build_ext.build_ext.get_outputs,self,0,cls": ["2.1"], "setuptools.command.build_ext.build_ext.write_stub,self;output_dir;ext;compile,1,cls": ["2.1"], "setuptools.command.build_ext.link_shared_object,self;objects;output_libname;output_dir;libraries;library_dirs;runtime_library_dirs;export_symbols;debug;extra_preargs;extra_postargs;build_temp;target_lang,10,func": ["2.1"], "setuptools.command.build_ext.Library,,": ["2.1"], "setuptools.command.easy_install.is_64bit,,0,func": ["2.1"], "setuptools.command.easy_install.samefile,p1;p2,0,func": ["2.1"], "setuptools.command.easy_install.isascii,s,0,func": ["2.1"], "setuptools.command.easy_install.easy_install,,": ["2.1"], "setuptools.command.easy_install.easy_install.initialize_options,self,0,cls": ["2.1"], "setuptools.command.easy_install.easy_install.delete_blockers,self;blockers,0,cls": ["2.1"], "setuptools.command.easy_install.easy_install.finalize_options,self,0,cls": ["2.1"], "setuptools.command.easy_install.easy_install.expand_basedirs,self,0,cls": ["2.1"], "setuptools.command.easy_install.easy_install.expand_dirs,self,0,cls": ["2.1"], "setuptools.command.easy_install.easy_install.run,self,0,cls": ["2.1"], "setuptools.command.easy_install.easy_install.pseudo_tempname,self,0,cls": ["2.1"], "setuptools.command.easy_install.easy_install.warn_deprecated_options,self,0,cls": ["2.1"], "setuptools.command.easy_install.easy_install.check_site_dir,self,0,cls": ["2.1"], "setuptools.command.easy_install.easy_install.cant_write_to_target,self,0,cls": ["2.1"], "setuptools.command.easy_install.easy_install.check_pth_processing,self,0,cls": ["2.1"], "setuptools.command.easy_install.easy_install.install_egg_scripts,self;dist,0,cls": ["2.1"], "setuptools.command.easy_install.easy_install.add_output,self;path,0,cls": ["2.1"], "setuptools.command.easy_install.easy_install.not_editable,self;spec,0,cls": ["2.1"], "setuptools.command.easy_install.easy_install.check_editable,self;spec,0,cls": ["2.1"], "setuptools.command.easy_install.easy_install.easy_install,self;spec;deps,1,cls": ["2.1"], "setuptools.command.easy_install.easy_install.install_item,self;spec;download;tmpdir;deps;install_needed,1,cls": ["2.1"], "setuptools.command.easy_install.easy_install.select_scheme,self;name,0,cls": ["2.1"], "setuptools.command.easy_install.easy_install.process_distribution,self;requirement;dist;deps,1,cls": ["2.1"], "setuptools.command.easy_install.easy_install.should_unzip,self;dist,0,cls": ["2.1"], "setuptools.command.easy_install.easy_install.maybe_move,self;spec;dist_filename;setup_base,0,cls": ["2.1"], "setuptools.command.easy_install.easy_install.install_wrapper_scripts,self;dist,0,cls": ["2.1"], "setuptools.command.easy_install.easy_install.install_script,self;dist;script_name;script_text;dev_path,1,cls": ["2.1"], "setuptools.command.easy_install.easy_install.write_script,self;script_name;contents;mode;blockers,2,cls": ["2.1"], "setuptools.command.easy_install.easy_install.install_eggs,self;spec;dist_filename;tmpdir,0,cls": ["2.1"], "setuptools.command.easy_install.easy_install.egg_distribution,self;egg_path,0,cls": ["2.1"], "setuptools.command.easy_install.easy_install.install_egg,self;egg_path;tmpdir,0,cls": ["2.1"], "setuptools.command.easy_install.easy_install.install_exe,self;dist_filename;tmpdir,0,cls": ["2.1"], "setuptools.command.easy_install.easy_install.exe_to_egg,self;dist_filename;egg_tmp,0,cls": ["2.1"], "setuptools.command.easy_install.easy_install.installation_report,self;req;dist;what,1,cls": ["2.1"], "setuptools.command.easy_install.easy_install.report_editable,self;spec;setup_script,0,cls": ["2.1"], "setuptools.command.easy_install.easy_install.run_setup,self;setup_script;setup_base;args,0,cls": ["2.1"], "setuptools.command.easy_install.easy_install.build_and_install,self;setup_script;setup_base,0,cls": ["2.1"], "setuptools.command.easy_install.easy_install.update_pth,self;dist,0,cls": ["2.1"], "setuptools.command.easy_install.easy_install.unpack_progress,self;src;dst,0,cls": ["2.1"], "setuptools.command.easy_install.easy_install.unpack_and_compile,self;egg_path;destination,0,cls": ["2.1"], "setuptools.command.easy_install.easy_install.byte_compile,self;to_compile,0,cls": ["2.1"], "setuptools.command.easy_install.easy_install.no_default_version_msg,self,0,cls": ["2.1"], "setuptools.command.easy_install.easy_install.install_site_py,self,0,cls": ["2.1"], "setuptools.command.easy_install.easy_install.create_home_path,self,0,cls": ["2.1"], "setuptools.command.easy_install.get_site_dirs,,0,func": ["2.1"], "setuptools.command.easy_install.expand_paths,inputs,0,func": ["2.1"], "setuptools.command.easy_install.extract_wininst_cfg,dist_filename,0,func": ["2.1"], "setuptools.command.easy_install.get_exe_prefixes,exe_filename,0,func": ["2.1"], "setuptools.command.easy_install.parse_requirement_arg,spec,0,func": ["2.1"], "setuptools.command.easy_install.PthDistributions,self;filename;sitedirs,1": ["2.1"], "setuptools.command.easy_install.PthDistributions.save,self,0,cls": ["2.1"], "setuptools.command.easy_install.PthDistributions.add,self;dist,0,cls": ["2.1"], "setuptools.command.easy_install.PthDistributions.remove,self;dist,0,cls": ["2.1"], "setuptools.command.easy_install.PthDistributions.make_relative,self;path,0,cls": ["2.1"], "setuptools.command.easy_install.get_script_header,script_text;executable;wininst,2,func": ["2.1"], "setuptools.command.easy_install.auto_chmod,func;arg;exc,0,func": ["2.1"], "setuptools.command.easy_install.uncache_zipdir,path,0,func": ["2.1"], "setuptools.command.easy_install.is_python,text;filename,1,func": ["2.1"], "setuptools.command.easy_install.is_sh,executable,0,func": ["2.1"], "setuptools.command.easy_install.nt_quote_arg,arg,0,func": ["2.1"], "setuptools.command.easy_install.is_python_script,script_text;filename,0,func": ["2.1"], "setuptools.command.easy_install.chmod,path;mode,0,func": ["2.1"], "setuptools.command.easy_install.fix_jython_executable,executable;options,0,func": ["2.1"], "setuptools.command.easy_install.ScriptWriter,,": ["2.1"], "setuptools.command.easy_install.ScriptWriter.get_script_args,cls;dist;executable;wininst,2,cls": ["2.1"], "setuptools.command.easy_install.ScriptWriter.get_writer,cls;force_windows,0,cls": ["2.1"], "setuptools.command.easy_install.WindowsScriptWriter,,": ["2.1"], "setuptools.command.easy_install.WindowsScriptWriter.get_writer,cls,0,cls": ["2.1"], "setuptools.command.easy_install.WindowsExecutableLauncherWriter,,": ["2.1"], "setuptools.command.easy_install.get_win_launcher,type,0,func": ["2.1"], "setuptools.command.easy_install.load_launcher_manifest,name,0,func": ["2.1"], "setuptools.command.easy_install.rmtree,path;ignore_errors;onerror,2,func": ["2.1"], "setuptools.command.easy_install.current_umask,,0,func": ["2.1"], "setuptools.command.easy_install.bootstrap,,0,func": ["2.1"], "setuptools.command.easy_install.main,argv,1,func": ["2.1"], "setuptools.command.easy_install.run_setup,setup_script;args,0,func": ["2.1"], "setuptools.command.easy_install.get_path,name,0,func": ["2.1"], "setuptools.command.easy_install.unpack_archive,filename;extract_dir;progress_filter;drivers,2,func": ["2.1"], "setuptools.command.easy_install.PackageIndex,self;index_url;hosts;ca_bundle;verify_ssl,4": ["2.1"], "setuptools.command.easy_install.PackageIndex.process_url,self;url;retrieve,1,cls": ["2.1"], "setuptools.command.easy_install.PackageIndex.process_filename,self;fn;nested,1,cls": ["2.1"], "setuptools.command.easy_install.PackageIndex.url_ok,self;url;fatal,1,cls": ["2.1"], "setuptools.command.easy_install.PackageIndex.scan_egg_links,self;search_path,0,cls": ["2.1"], "setuptools.command.easy_install.PackageIndex.scan_egg_link,self;path;entry,0,cls": ["2.1"], "setuptools.command.easy_install.PackageIndex.process_index,self;url;page,0,cls": ["2.1"], "setuptools.command.easy_install.PackageIndex.need_version_info,self;url,0,cls": ["2.1"], "setuptools.command.easy_install.PackageIndex.scan_all,self;msg,1,cls": ["2.1"], "setuptools.command.easy_install.PackageIndex.find_packages,self;requirement,0,cls": ["2.1"], "setuptools.command.easy_install.PackageIndex.obtain,self;requirement;installer,1,cls": ["2.1"], "setuptools.command.easy_install.PackageIndex.check_hash,self;checker;filename;tfp,0,cls": ["2.1"], "setuptools.command.easy_install.PackageIndex.add_find_links,self;urls,0,cls": ["2.1"], "setuptools.command.easy_install.PackageIndex.prescan,self,0,cls": ["2.1"], "setuptools.command.easy_install.PackageIndex.not_found_in_index,self;requirement,0,cls": ["2.1"], "setuptools.command.easy_install.PackageIndex.download,self;spec;tmpdir,0,cls": ["2.1"], "setuptools.command.easy_install.PackageIndex.fetch_distribution,self;requirement;tmpdir;force_scan;source;develop_ok;local_index,4,cls": ["2.1"], "setuptools.command.easy_install.PackageIndex.fetch,self;requirement;tmpdir;force_scan;source,2,cls": ["2.1"], "setuptools.command.easy_install.PackageIndex.gen_setup,self;filename;fragment;tmpdir,0,cls": ["2.1"], "setuptools.command.easy_install.PackageIndex.reporthook,self;url;filename;blocknum;blksize;size,0,cls": ["2.1"], "setuptools.command.easy_install.PackageIndex.open_url,self;url;warning,1,cls": ["2.1"], "setuptools.command.easy_install.PackageIndex.scan_url,self;url,0,cls": ["2.1"], "setuptools.command.easy_install.PackageIndex.debug,self;msg,0,cls": ["2.1"], "setuptools.command.easy_install.PackageIndex.info,self;msg,0,cls": ["2.1"], "setuptools.command.easy_install.PackageIndex.warn,self;msg,0,cls": ["2.1"], "setuptools.command.easy_install.reraise,tp;value;tb,1,func": ["2.1"], "setuptools.command.easy_install.Distribution,self;attrs,1": ["2.1"], "setuptools.command.easy_install.Distribution.patch_missing_pkg_info,self;attrs,0,cls": ["2.1"], "setuptools.command.easy_install.Distribution.parse_command_line,self,0,cls": ["2.1"], "setuptools.command.easy_install.Distribution.fetch_build_eggs,self;requires,0,cls": ["2.1"], "setuptools.command.easy_install.Distribution.finalize_options,self,0,cls": ["2.1"], "setuptools.command.easy_install.Distribution.fetch_build_egg,self;req,0,cls": ["2.1"], "setuptools.command.easy_install.Distribution.get_command_class,self;command,0,cls": ["2.1"], "setuptools.command.easy_install.Distribution.print_commands,self,0,cls": ["2.1"], "setuptools.command.easy_install.Distribution.feature_is_included,self;name,0,cls": ["2.1"], "setuptools.command.easy_install.Distribution.include_feature,self;name,0,cls": ["2.1"], "setuptools.command.easy_install.Distribution.include,self,0,cls": ["2.1"], "setuptools.command.easy_install.Distribution.exclude_package,self;package,0,cls": ["2.1"], "setuptools.command.easy_install.Distribution.has_contents_for,self;package,0,cls": ["2.1"], "setuptools.command.easy_install.Distribution.exclude,self,0,cls": ["2.1"], "setuptools.command.easy_install.Distribution.get_cmdline_options,self,0,cls": ["2.1"], "setuptools.command.easy_install.Distribution.iter_distribution_names,self,0,cls": ["2.1"], "setuptools.command.easy_install.Distribution.handle_display_options,self;option_order,0,cls": ["2.1"], "setuptools.command.install_scripts.install_scripts,,": ["2.1"], "setuptools.command.install_scripts.install_scripts.initialize_options,self,0,cls": ["2.1"], "setuptools.command.install_scripts.install_scripts.run,self,0,cls": ["2.1"], "setuptools.command.install_scripts.install_scripts.write_script,self;script_name;contents;mode,1,cls": ["2.1"], "setuptools.command.install_scripts.chmod,path;mode,0,func": ["2.1"], "setuptools.command.install_scripts.current_umask,,0,func": ["2.1"], "setuptools.command.register.register,,": ["2.1"], "setuptools.command.register.register.run,self,0,cls": ["2.1"], "setuptools.command.bdist_wininst.bdist_wininst,,": ["2.1"], "setuptools.command.bdist_wininst.bdist_wininst.create_exe,self;arcname;fullname;bitmap,1,cls": ["2.1"], "setuptools.command.bdist_wininst.bdist_wininst.reinitialize_command,self;command;reinit_subcommands,1,cls": ["2.1"], "setuptools.command.bdist_wininst.bdist_wininst.run,self,0,cls": ["2.1"], "setuptools.command.bdist_wininst.bdist_wininst.get_installer_filename,self;fullname,0,cls": ["2.1"], "setuptools.command.install_lib.install_lib,,": ["2.1"], "setuptools.command.install_lib.install_lib.run,self,0,cls": ["2.1"], "setuptools.command.install_lib.install_lib.get_exclusions,self,0,cls": ["2.1"], "setuptools.command.install_lib.install_lib.copy_tree,self;infile;outfile;preserve_mode;preserve_times;preserve_symlinks;level,4,cls": ["2.1"], "setuptools.command.install_lib.install_lib.get_outputs,self,0,cls": ["2.1"], "setuptools.command.install_lib.unpack_directory,filename;extract_dir;progress_filter,1,func": ["2.1"], "setuptools.command.upload_docs.b,s;encoding,1,func": ["2.1"], "setuptools.command.upload_docs.upload_docs,,": ["2.1"], "setuptools.command.upload_docs.upload_docs.has_sphinx,self,0,cls": ["2.1"], "setuptools.command.upload_docs.upload_docs.initialize_options,self,0,cls": ["2.1"], "setuptools.command.upload_docs.upload_docs.finalize_options,self,0,cls": ["2.1"], "setuptools.command.upload_docs.upload_docs.create_zipfile,self;filename,0,cls": ["2.1"], "setuptools.command.upload_docs.upload_docs.run,self,0,cls": ["2.1"], "setuptools.command.upload_docs.upload_docs.upload_file,self;filename,0,cls": ["2.1"], "setuptools.command.build_py.Mixin2to3,,": ["2.1"], "setuptools.command.build_py.Mixin2to3.run_2to3,self;files;doctests,1,cls": ["2.1"], "setuptools.command.build_py.build_py,,": ["2.1"], "setuptools.command.build_py.build_py.finalize_options,self,0,cls": ["2.1"], "setuptools.command.build_py.build_py.run,self,0,cls": ["2.1"], "setuptools.command.build_py.build_py.build_module,self;module;module_file;package,0,cls": ["2.1"], "setuptools.command.build_py.build_py.find_data_files,self;package;src_dir,0,cls": ["2.1"], "setuptools.command.build_py.build_py.build_package_data,self,0,cls": ["2.1"], "setuptools.command.build_py.build_py.analyze_manifest,self,0,cls": ["2.1"], "setuptools.command.build_py.build_py.get_data_files,self,0,cls": ["2.1"], "setuptools.command.build_py.build_py.get_outputs,self;include_bytecode,1,cls": ["2.1"], "setuptools.command.build_py.build_py.check_package,self;package;package_dir,0,cls": ["2.1"], "setuptools.command.build_py.build_py.initialize_options,self,0,cls": ["2.1"], "setuptools.command.build_py.build_py.get_package_dir,self;package,0,cls": ["2.1"], "setuptools.command.build_py.build_py.exclude_data_files,self;package;src_dir;files,0,cls": ["2.1"], "setuptools.command.build_py.assert_relative,path,0,func": ["2.1"], "setuptools.command.sdist.walk_revctrl,dirname,1,func": ["2.1"], "setuptools.command.sdist.re_finder,self;path;pattern;postproc,1": ["2.1"], "setuptools.command.sdist.sdist,,": ["2.1"], "setuptools.command.sdist.sdist.run,self,0,cls": ["2.1"], "setuptools.command.sdist.sdist.add_defaults,self,0,cls": ["2.1"], "setuptools.command.sdist.sdist.check_readme,self,0,cls": ["2.1"], "setuptools.command.sdist.sdist.make_release_tree,self;base_dir;files,0,cls": ["2.1"], "setuptools.command.sdist.sdist.read_manifest,self,0,cls": ["2.1"], "setuptools.command.test.ScanningLoader,,": ["2.1"], "setuptools.command.test.ScanningLoader.loadTestsFromModule,self;module,0,cls": ["2.1"], "setuptools.command.test.test,,": ["2.1"], "setuptools.command.test.test.initialize_options,self,0,cls": ["2.1"], "setuptools.command.test.test.finalize_options,self,0,cls": ["2.1"], "setuptools.command.test.test.with_project_on_sys_path,self;func,0,cls": ["2.1"], "setuptools.command.test.test.run,self,0,cls": ["2.1"], "setuptools.command.test.test.run_tests,self,0,cls": ["2.1"], "setuptools.command.saveopts.saveopts,,": ["2.1"], "setuptools.command.saveopts.saveopts.run,self,0,cls": ["2.1"], "setuptools.command.saveopts.edit_config,filename;settings;dry_run,1,func": ["2.1"], "setuptools.command.saveopts.option_base,,": ["2.1"], "setuptools.command.saveopts.option_base.initialize_options,self,0,cls": ["2.1"], "setuptools.command.saveopts.option_base.finalize_options,self,0,cls": ["2.1"], "setuptools.command.bdist_rpm.bdist_rpm,,": ["2.1"], "setuptools.command.bdist_rpm.bdist_rpm.initialize_options,self,0,cls": ["2.1"], "setuptools.command.bdist_rpm.bdist_rpm.move_file,self;src;dst;level,1,cls": ["2.1"], "setuptools.command.bdist_rpm.bdist_rpm.run,self,0,cls": ["2.1"], "setuptools.command.egg_info.egg_info,,": ["2.1"], "setuptools.command.egg_info.egg_info.initialize_options,self,0,cls": ["2.1"], "setuptools.command.egg_info.egg_info.save_version_info,self;filename,0,cls": ["2.1"], "setuptools.command.egg_info.egg_info.finalize_options,self,0,cls": ["2.1"], "setuptools.command.egg_info.egg_info.write_or_delete_file,self;what;filename;data;force,1,cls": ["2.1"], "setuptools.command.egg_info.egg_info.write_file,self;what;filename;data,0,cls": ["2.1"], "setuptools.command.egg_info.egg_info.delete_file,self;filename,0,cls": ["2.1"], "setuptools.command.egg_info.egg_info.tagged_version,self,0,cls": ["2.1"], "setuptools.command.egg_info.egg_info.run,self,0,cls": ["2.1"], "setuptools.command.egg_info.egg_info.tags,self,0,cls": ["2.1"], "setuptools.command.egg_info.egg_info.get_svn_revision,,0,cls": ["2.1"], "setuptools.command.egg_info.egg_info.find_sources,self,0,cls": ["2.1"], "setuptools.command.egg_info.egg_info.check_broken_egg_info,self,0,cls": ["2.1"], "setuptools.command.egg_info.FileList,,": ["2.1"], "setuptools.command.egg_info.FileList.append,self;item,0,cls": ["2.1"], "setuptools.command.egg_info.manifest_maker,,": ["2.1"], "setuptools.command.egg_info.manifest_maker.initialize_options,self,0,cls": ["2.1"], "setuptools.command.egg_info.manifest_maker.finalize_options,self,0,cls": ["2.1"], "setuptools.command.egg_info.manifest_maker.run,self,0,cls": ["2.1"], "setuptools.command.egg_info.manifest_maker.write_manifest,self,0,cls": ["2.1"], "setuptools.command.egg_info.manifest_maker.warn,self;msg,0,cls": ["2.1"], "setuptools.command.egg_info.manifest_maker.add_defaults,self,0,cls": ["2.1"], "setuptools.command.egg_info.manifest_maker.prune_file_list,self,0,cls": ["2.1"], "setuptools.command.egg_info.write_file,filename;contents,0,func": ["2.1"], "setuptools.command.egg_info.write_pkg_info,cmd;basename;filename,0,func": ["2.1"], "setuptools.command.egg_info.warn_depends_obsolete,cmd;basename;filename,0,func": ["2.1"], "setuptools.command.egg_info.write_requirements,cmd;basename;filename,0,func": ["2.1"], "setuptools.command.egg_info.write_toplevel_names,cmd;basename;filename,0,func": ["2.1"], "setuptools.command.egg_info.overwrite_arg,cmd;basename;filename,0,func": ["2.1"], "setuptools.command.egg_info.write_arg,cmd;basename;filename;force,1,func": ["2.1"], "setuptools.command.egg_info.write_entries,cmd;basename;filename,0,func": ["2.1"], "setuptools.command.egg_info.get_pkg_info_revision,,0,func": ["2.1"], "setuptools.command.egg_info.sdist,,": ["2.1"], "setuptools.command.egg_info.sdist.run,self,0,cls": ["2.1"], "setuptools.command.egg_info.sdist.add_defaults,self,0,cls": ["2.1"], "setuptools.command.egg_info.sdist.check_readme,self,0,cls": ["2.1"], "setuptools.command.egg_info.sdist.make_release_tree,self;base_dir;files,0,cls": ["2.1"], "setuptools.command.egg_info.sdist.read_manifest,self,0,cls": ["2.1"], "setuptools.command.egg_info.walk_revctrl,dirname,1,func": ["2.1"], "setuptools.command.egg_info.edit_config,filename;settings;dry_run,1,func": ["2.1"], "setuptools.command.install.install,,": ["2.1"], "setuptools.command.install.install.initialize_options,self,0,cls": ["2.1"], "setuptools.command.install.install.finalize_options,self,0,cls": ["2.1"], "setuptools.command.install.install.handle_extra_path,self,0,cls": ["2.1"], "setuptools.command.install.install.run,self,0,cls": ["2.1"], "setuptools.command.install.install.do_egg_install,self,0,cls": ["2.1"], "setuptools.command.develop.develop,,": ["2.1"], "setuptools.command.develop.develop.run,self,0,cls": ["2.1"], "setuptools.command.develop.develop.initialize_options,self,0,cls": ["2.1"], "setuptools.command.develop.develop.finalize_options,self,0,cls": ["2.1"], "setuptools.command.develop.develop.install_for_development,self,0,cls": ["2.1"], "setuptools.command.develop.develop.uninstall_link,self,0,cls": ["2.1"], "setuptools.command.develop.develop.install_egg_scripts,self;dist,0,cls": ["2.1"], "setuptools.command.develop.easy_install,,": ["2.1"], "setuptools.command.develop.easy_install.initialize_options,self,0,cls": ["2.1"], "setuptools.command.develop.easy_install.delete_blockers,self;blockers,0,cls": ["2.1"], "setuptools.command.develop.easy_install.finalize_options,self,0,cls": ["2.1"], "setuptools.command.develop.easy_install.expand_basedirs,self,0,cls": ["2.1"], "setuptools.command.develop.easy_install.expand_dirs,self,0,cls": ["2.1"], "setuptools.command.develop.easy_install.run,self,0,cls": ["2.1"], "setuptools.command.develop.easy_install.pseudo_tempname,self,0,cls": ["2.1"], "setuptools.command.develop.easy_install.warn_deprecated_options,self,0,cls": ["2.1"], "setuptools.command.develop.easy_install.check_site_dir,self,0,cls": ["2.1"], "setuptools.command.develop.easy_install.cant_write_to_target,self,0,cls": ["2.1"], "setuptools.command.develop.easy_install.check_pth_processing,self,0,cls": ["2.1"], "setuptools.command.develop.easy_install.install_egg_scripts,self;dist,0,cls": ["2.1"], "setuptools.command.develop.easy_install.add_output,self;path,0,cls": ["2.1"], "setuptools.command.develop.easy_install.not_editable,self;spec,0,cls": ["2.1"], "setuptools.command.develop.easy_install.check_editable,self;spec,0,cls": ["2.1"], "setuptools.command.develop.easy_install.easy_install,self;spec;deps,1,cls": ["2.1"], "setuptools.command.develop.easy_install.install_item,self;spec;download;tmpdir;deps;install_needed,1,cls": ["2.1"], "setuptools.command.develop.easy_install.select_scheme,self;name,0,cls": ["2.1"], "setuptools.command.develop.easy_install.process_distribution,self;requirement;dist;deps,1,cls": ["2.1"], "setuptools.command.develop.easy_install.should_unzip,self;dist,0,cls": ["2.1"], "setuptools.command.develop.easy_install.maybe_move,self;spec;dist_filename;setup_base,0,cls": ["2.1"], "setuptools.command.develop.easy_install.install_wrapper_scripts,self;dist,0,cls": ["2.1"], "setuptools.command.develop.easy_install.install_script,self;dist;script_name;script_text;dev_path,1,cls": ["2.1"], "setuptools.command.develop.easy_install.write_script,self;script_name;contents;mode;blockers,2,cls": ["2.1"], "setuptools.command.develop.easy_install.install_eggs,self;spec;dist_filename;tmpdir,0,cls": ["2.1"], "setuptools.command.develop.easy_install.egg_distribution,self;egg_path,0,cls": ["2.1"], "setuptools.command.develop.easy_install.install_egg,self;egg_path;tmpdir,0,cls": ["2.1"], "setuptools.command.develop.easy_install.install_exe,self;dist_filename;tmpdir,0,cls": ["2.1"], "setuptools.command.develop.easy_install.exe_to_egg,self;dist_filename;egg_tmp,0,cls": ["2.1"], "setuptools.command.develop.easy_install.installation_report,self;req;dist;what,1,cls": ["2.1"], "setuptools.command.develop.easy_install.report_editable,self;spec;setup_script,0,cls": ["2.1"], "setuptools.command.develop.easy_install.run_setup,self;setup_script;setup_base;args,0,cls": ["2.1"], "setuptools.command.develop.easy_install.build_and_install,self;setup_script;setup_base,0,cls": ["2.1"], "setuptools.command.develop.easy_install.update_pth,self;dist,0,cls": ["2.1"], "setuptools.command.develop.easy_install.unpack_progress,self;src;dst,0,cls": ["2.1"], "setuptools.command.develop.easy_install.unpack_and_compile,self;egg_path;destination,0,cls": ["2.1"], "setuptools.command.develop.easy_install.byte_compile,self;to_compile,0,cls": ["2.1"], "setuptools.command.develop.easy_install.no_default_version_msg,self,0,cls": ["2.1"], "setuptools.command.develop.easy_install.install_site_py,self,0,cls": ["2.1"], "setuptools.command.develop.easy_install.create_home_path,self,0,cls": ["2.1"], "setuptools.command.rotate.rotate,,": ["2.1"], "setuptools.command.rotate.rotate.initialize_options,self,0,cls": ["2.1"], "setuptools.command.rotate.rotate.finalize_options,self,0,cls": ["2.1"], "setuptools.command.rotate.rotate.run,self,0,cls": ["2.1"], "setuptools.command.install_egg_info.install_egg_info,,": ["2.1"], "setuptools.command.install_egg_info.install_egg_info.initialize_options,self,0,cls": ["2.1"], "setuptools.command.install_egg_info.install_egg_info.finalize_options,self,0,cls": ["2.1"], "setuptools.command.install_egg_info.install_egg_info.run,self,0,cls": ["2.1"], "setuptools.command.install_egg_info.install_egg_info.get_outputs,self,0,cls": ["2.1"], "setuptools.command.install_egg_info.install_egg_info.copytree,self,0,cls": ["2.1"], "setuptools.command.install_egg_info.install_egg_info.install_namespaces,self,0,cls": ["2.1"], "setuptools.command.install_egg_info.unpack_archive,filename;extract_dir;progress_filter;drivers,2,func": ["2.1"], "setuptools.command.setopt.config_file,kind,1,func": ["2.1"], "setuptools.command.setopt.edit_config,filename;settings;dry_run,1,func": ["2.1"], "setuptools.command.setopt.option_base,,": ["2.1"], "setuptools.command.setopt.option_base.initialize_options,self,0,cls": ["2.1"], "setuptools.command.setopt.option_base.finalize_options,self,0,cls": ["2.1"], "setuptools.command.setopt.setopt,,": ["2.1"], "setuptools.command.setopt.setopt.initialize_options,self,0,cls": ["2.1"], "setuptools.command.setopt.setopt.finalize_options,self,0,cls": ["2.1"], "setuptools.command.setopt.setopt.run,self,0,cls": ["2.1"], "_markerlib.default_environment,,0,func": ["2.1"], "_markerlib.compile,marker,0,func": ["2.1"], "_markerlib.interpret,marker;environment,1,func": ["2.1"], "_markerlib.markers.python_implementation,,0,func": ["2.1"], "_markerlib.markers.default_environment,,0,func": ["2.1"], "_markerlib.markers.ASTWhitelist,self;statement,0": ["2.1"], "_markerlib.markers.ASTWhitelist.visit,self;node,0,cls": ["2.1"], "_markerlib.markers.ASTWhitelist.visit_Attribute,self;node,0,cls": ["2.1"], "_markerlib.markers.parse_marker,marker,0,func": ["2.1"], "_markerlib.markers.compile_marker,parsed_marker,0,func": ["2.1"], "_markerlib.markers.compile,marker,0,func": ["2.1"], "_markerlib.markers.interpret,marker;environment,1,func": ["2.1"]}, "version": ["0.6b1", "0.6b2", "0.6b3", "0.6b4", "0.6c1", "0.6c2", "0.6c3", "0.6c4", "0.6c5", "0.6c6", "0.6c7", "0.6c8", "0.6c9", "0.6c10", "0.6c11", "0.7.2", "0.7.3", "0.7.4", "0.7.5", "0.7.6", "0.7.7", "0.7.8", "0.8", "0.9", "0.9.1", "0.9.2", "0.9.3", "0.9.4", "0.9.5", "0.9.6", "0.9.7", "0.9.8", "1.0", "1.1", "1.1.1", "1.1.2", "1.1.3", "1.1.4", "1.1.5", "1.1.6", "1.1.7", "1.2", "1.3", "1.3.1", "1.3.2", "1.4", "1.4.1", "1.4.2", "2.0", "2.0.1", "2.0.2", "2.1", "2.1.1", "2.1.2", "2.2", "3.0", "3.0.1", "3.0.2", "3.1", "3.2", "3.3", "3.4", "3.4.1", "3.4.2", "3.4.3", "3.4.4", "3.5", "3.5.1", "3.5.2", "3.6", "3.7", "3.7.1", "3.8", "3.8.1", "4.0", "4.0.1", "5.0", "5.0.1", "5.0.2", "5.1", "5.2", "5.3", "5.4", "5.4.1", "5.4.2", "5.5", "5.5.1", "5.6", "5.7", "5.8", "6.0.1", "6.0.2", "6.1", "7.0", "8.0", "8.0.1", "8.0.2", "8.0.3", "8.0.4", "8.1", "8.2", "8.2.1", "8.3", "9.0", "9.0.1", "9.1", "10.0", "10.0.1", "10.1", "10.2", "10.2.1", "11.0", "11.1", "11.2", "11.3", "11.3.1", "12.0", "12.0.1", "12.0.2", "12.0.3", "12.0.4", "12.0.5", "12.1", "12.2", "12.3", "12.4", "13.0", "13.0.1", "13.0.2", "14.0", "14.1", "14.1.1", "14.2", "14.3", "14.3.1", "15.0", "15.1", "15.2", "16.0", "17.0", "17.1", "17.1.1", "18.0", "18.0.1", "18.1", "18.2", "18.3", "18.3.1", "18.3.2", "18.4", "18.5", "18.6", "18.6.1", "18.7", "18.7.1", "18.8", "18.8.1", "19.0", "19.1", "19.1.1", "19.2", "19.3", "19.4", "19.4.1", "19.5", "19.6", "19.6.1", "19.6.2", "19.7", "20.0", "20.1", "20.1.1", "20.2.2", "20.3", "20.3.1", "20.4", "20.6.6", "20.6.7", "20.6.8", "20.7.0", "20.8.0", "20.8.1", "20.9.0", "20.10.1", "21.0.0", "21.1.0", "21.2.0", "21.2.1", "21.2.2", "22.0.0", "22.0.1", "22.0.2", "22.0.4", "22.0.5", "23.0.0", "23.1.0", "23.2.0", "23.2.1", "24.0.0", "24.0.1", "24.0.2", "24.0.3", "24.1.0", "24.1.1", "24.2.0", "24.2.1", "24.3.0", "24.3.1", "25.0.0", "25.0.1", "25.0.2", "25.1.0", "25.1.1", "25.1.2", "25.1.3", "25.1.4", "25.1.5", "25.1.6", "25.2.0", "25.3.0", "25.4.0", "26.0.0", "26.1.0", "26.1.1", "27.0.0", "27.1.0", "27.1.2", "27.2.0", "27.3.0", "27.3.1", "28.0.0", "28.1.0", "28.2.0", "28.3.0", "28.4.0", "28.5.0", "28.6.0", "28.6.1", "28.7.0", "28.7.1", "28.8.0", "28.8.1", "29.0.0", "29.0.1", "30.0.0", "30.1.0", "30.2.0", "30.2.1", "30.3.0", "30.4.0", "31.0.0", "31.0.1", "32.0.0", "32.1.0", "32.1.1", "32.1.2", "32.1.3", "32.2.0", "32.3.0", "32.3.1", "33.1.0", "33.1.1", "34.0.0", "34.0.1", "34.0.2", "34.0.3", "34.1.0", "34.1.1", "34.2.0", "34.3.0", "34.3.1", "34.3.2", "34.3.3", "34.4.0", "34.4.1", "35.0.0", "35.0.1", "35.0.2", "36.0.1", "36.1.0", "36.1.1", "36.2.0", "36.2.1", "36.2.2", "36.2.3", "36.2.4", "36.2.5", "36.2.6", "36.2.7", "36.3.0", "36.4.0", "36.5.0", "36.6.0", "36.6.1", "36.7.0", "36.7.1", "36.7.2", "36.8.0", "37.0.0", "38.0.0", "38.1.0", "38.2.0", "38.2.1", "38.2.3", "38.2.4", "38.2.5", "38.3.0", "38.4.0", "38.4.1", "38.5.0", "38.5.1", "38.5.2", "38.6.0", "38.6.1", "38.7.0", "39.0.0", "39.0.1", "39.1.0", "39.2.0", "40.0.0", "40.1.0", "40.1.1", "40.2.0", "40.3.0", "40.4.0", "40.4.1", "40.4.2", "40.4.3", "40.5.0", "40.6.0", "40.6.1", "40.6.2", "40.6.3", "40.7.0", "40.7.1", "40.7.2", "40.7.3", "40.8.0", "40.9.0", "41.0.0", "41.0.1", "41.1.0", "41.2.0", "41.3.0", "41.4.0", "41.5.0", "41.5.1", "41.6.0", "42.0.0", "42.0.1", "42.0.2", "43.0.0", "44.0.0", "44.1.0", "44.1.1", "45.0.0", "45.1.0", "45.2.0", "45.3.0", "46.0.0", "46.1.0", "46.1.1", "46.1.2", "46.1.3", "46.2.0", "46.3.0", "46.3.1", "46.4.0", "47.0.0", "47.1.0", "47.1.1", "47.2.0", "47.3.0", "47.3.1", "47.3.2", "48.0.0", "49.0.0", "49.0.1", "49.1.0", "49.1.1", "49.1.2", "49.1.3", "49.2.0", "49.2.1", "49.3.0", "49.3.1", "49.3.2", "49.4.0", "49.5.0", "49.6.0", "50.0.0", "50.0.1", "50.0.2", "50.0.3", "50.1.0", "50.2.0", "50.3.0", "50.3.1", "50.3.2", "51.0.0", "51.1.0", "51.1.0.post20201221", "51.1.1", "51.1.2", "51.2.0", "51.3.0", "51.3.1", "51.3.2", "51.3.3", "52.0.0", "53.0.0", "53.1.0", "54.0.0", "54.1.0", "54.1.1", "54.1.2", "54.1.3", "54.2.0", "56.0.0", "56.1.0", "56.2.0", "57.0.0", "57.1.0", "57.2.0", "57.3.0", "57.4.0", "57.5.0", "58.0.0", "58.0.1", "58.0.2", "58.0.3", "58.0.4", "58.1.0", "58.2.0", "58.3.0", "58.4.0", "58.5.0", "58.5.1", "58.5.2", "58.5.3", "59.0.1", "59.1.0", "59.1.1", "59.2.0", "59.3.0", "59.4.0", "59.5.0", "59.6.0", "59.7.0", "59.8.0", "60.0.0", "60.0.1", "60.0.2", "60.0.3", "60.0.4", "60.0.5", "60.1.0", "60.1.1", "60.2.0", "60.3.0", "60.3.1", "60.4.0", "60.5.0", "60.6.0", "60.7.0", "60.7.1", "60.8.0", "60.8.1", "60.8.2", "60.9.0", "60.9.1", "60.9.2", "60.9.3", "60.10.0", "61.0.0", "61.1.0", "61.1.1", "61.2.0", "61.3.0", "61.3.1", "62.0.0", "62.1.0", "62.2.0", "62.3.0", "62.3.1", "62.3.2", "62.3.3", "62.3.4", "62.4.0", "62.5.0", "62.6.0", "63.0.0b1", "63.0.0", "63.1.0", "63.2.0", "63.3.0", "63.4.0", "63.4.1", "63.4.2", "63.4.3", "64.0.0", "64.0.1", "64.0.2", "64.0.3", "65.0.0", "65.0.1", "65.0.2", "65.1.0", "65.1.1", "65.2.0", "65.3.0", "65.4.0", "65.4.1", "65.5.0", "65.5.1"]}