{"module": ["tabulate/0.9.0/tmp/tabulate"], "API": {"tabulate.simple_separated_format,separator,0,func": ["0.7.6", "0.7.7", "0.8.7", "0.8.8", "0.8.9", "0.8.10", "0.9.0"], "tabulate.tabulate,tabular_data;headers;tablefmt;floatfmt;numalign;stralign;missingval;showindex;disable_numparse,8,func": ["0.7.6", "0.7.7"], "tabulate.tabulate,tabular_data;headers;tablefmt;floatfmt;numalign;stralign;missingval;showindex;disable_numparse;colalign,9,func": ["0.8.7", "0.8.8", "0.8.9"], "tabulate.JupyterHTMLStr,,": ["0.8.7", "0.8.8", "0.8.9", "0.8.10", "0.9.0"], "tabulate.JupyterHTMLStr.str,self,0,cls": ["0.8.7", "0.8.8", "0.8.9", "0.8.10", "0.9.0"], "tabulate.tabulate,tabular_data;headers;tablefmt;floatfmt;numalign;stralign;missingval;showindex;disable_numparse;colalign;maxcolwidths,10,func": ["0.8.10"], "tabulate.tabulate,tabular_data;headers;tablefmt;floatfmt;intfmt;numalign;stralign;missingval;showindex;disable_numparse;colalign;maxcolwidths;rowalign;maxheadercolwidths,13,func": ["0.9.0"]}, "version": ["0.3", "0.4.2", "0.4.3", "0.4.4", "0.5", "0.5.1", "0.6", "0.7", "0.7.1", "0.7.2", "0.7.3", "0.7.4", "0.7.5", "0.7.6", "0.7.7", "0.8.0", "0.8.1", "0.8.2", "0.8.3", "0.8.4", "0.8.5", "0.8.6", "0.8.7", "0.8.8", "0.8.9", "0.8.10", "0.9.0"]}