{"module": ["torchvision/0.1.9/tmp/torchvision"], "API": {"torchvision.transforms.Compose,self;transforms,0": ["0.1.9"], "torchvision.transforms.ToTensor,,": ["0.1.9"], "torchvision.transforms.ToPILImage,,": ["0.1.9"], "torchvision.transforms.Normalize,self;mean;std,0": ["0.1.9"], "torchvision.transforms.Scale,self;size;interpolation,1": ["0.1.9"], "torchvision.transforms.CenterCrop,self;size,0": ["0.1.9"], "torchvision.transforms.Pad,self;padding;fill,1": ["0.1.9"], "torchvision.transforms.Lambda,self;lambd,0": ["0.1.9"], "torchvision.transforms.RandomCrop,self;size;padding,1": ["0.1.9"], "torchvision.transforms.RandomHorizontalFlip,,": ["0.1.9"], "torchvision.transforms.RandomSizedCrop,self;size;interpolation,1": ["0.1.9"], "torchvision.set_image_backend,backend,0,func": ["0.1.9"], "torchvision.get_image_backend,,0,func": ["0.1.9"], "torchvision.utils.make_grid,tensor;nrow;padding;normalize;range;scale_each;pad_value,6,func": ["0.1.9"], "torchvision.utils.save_image,tensor;filename;nrow;padding;normalize;range;scale_each;pad_value,6,func": ["0.1.9"], "torchvision.datasets.coco.CocoCaptions,self;root;annFile;transform;target_transform,2": ["0.1.9"], "torchvision.datasets.coco.CocoDetection,self;root;annFile;transform;target_transform,2": ["0.1.9"], "torchvision.datasets.stl10.STL10,self;root;split;transform;target_transform;download,4": ["0.1.9"], "torchvision.datasets.stl10.CIFAR10,self;root;train;transform;target_transform;download,4": ["0.1.9"], "torchvision.datasets.stl10.CIFAR10.download,self,0,cls": ["0.1.9"], "torchvision.datasets.lsun.LSUNClass,self;db_path;transform;target_transform,2": ["0.1.9"], "torchvision.datasets.lsun.LSUN,self;db_path;classes;transform;target_transform,3": ["0.1.9"], "torchvision.datasets.folder.is_image_file,filename,0,func": ["0.1.9"], "torchvision.datasets.folder.find_classes,dir,0,func": ["0.1.9"], "torchvision.datasets.folder.make_dataset,dir;class_to_idx,0,func": ["0.1.9"], "torchvision.datasets.folder.pil_loader,path,0,func": ["0.1.9"], "torchvision.datasets.folder.accimage_loader,path,0,func": ["0.1.9"], "torchvision.datasets.folder.default_loader,path,0,func": ["0.1.9"], "torchvision.datasets.folder.ImageFolder,self;root;transform;target_transform;loader,3": ["0.1.9"], "torchvision.datasets.LSUN,self;db_path;classes;transform;target_transform,3": ["0.1.9"], "torchvision.datasets.LSUNClass,self;db_path;transform;target_transform,2": ["0.1.9"], "torchvision.datasets.ImageFolder,self;root;transform;target_transform;loader,3": ["0.1.9"], "torchvision.datasets.CocoCaptions,self;root;annFile;transform;target_transform,2": ["0.1.9"], "torchvision.datasets.CocoDetection,self;root;annFile;transform;target_transform,2": ["0.1.9"], "torchvision.datasets.CIFAR10,self;root;train;transform;target_transform;download,4": ["0.1.9"], "torchvision.datasets.CIFAR10.download,self,0,cls": ["0.1.9"], "torchvision.datasets.CIFAR100,,": ["0.1.9"], "torchvision.datasets.STL10,self;root;split;transform;target_transform;download,4": ["0.1.9"], "torchvision.datasets.MNIST,self;root;train;transform;target_transform;download,4": ["0.1.9"], "torchvision.datasets.MNIST.download,self,0,cls": ["0.1.9"], "torchvision.datasets.SVHN,self;root;split;transform;target_transform;download,4": ["0.1.9"], "torchvision.datasets.SVHN.download,self,0,cls": ["0.1.9"], "torchvision.datasets.PhotoTour,self;root;name;train;transform;download,3": ["0.1.9"], "torchvision.datasets.PhotoTour.download,self,0,cls": ["0.1.9"], "torchvision.datasets.FakeData,self;size;image_size;num_classes;transform;target_transform,5": ["0.1.9"], "torchvision.datasets.svhn.SVHN,self;root;split;transform;target_transform;download,4": ["0.1.9"], "torchvision.datasets.svhn.SVHN.download,self,0,cls": ["0.1.9"], "torchvision.datasets.svhn.download_url,url;root;filename;md5,0,func": ["0.1.9"], "torchvision.datasets.svhn.check_integrity,fpath;md5,0,func": ["0.1.9"], "torchvision.datasets.utils.check_integrity,fpath;md5,0,func": ["0.1.9"], "torchvision.datasets.utils.download_url,url;root;filename;md5,0,func": ["0.1.9"], "torchvision.datasets.cifar.CIFAR10,self;root;train;transform;target_transform;download,4": ["0.1.9"], "torchvision.datasets.cifar.CIFAR10.download,self,0,cls": ["0.1.9"], "torchvision.datasets.cifar.CIFAR100,,": ["0.1.9"], "torchvision.datasets.cifar.download_url,url;root;filename;md5,0,func": ["0.1.9"], "torchvision.datasets.cifar.check_integrity,fpath;md5,0,func": ["0.1.9"], "torchvision.datasets.fakedata.FakeData,self;size;image_size;num_classes;transform;target_transform,5": ["0.1.9"], "torchvision.datasets.phototour.PhotoTour,self;root;name;train;transform;download,3": ["0.1.9"], "torchvision.datasets.phototour.PhotoTour.download,self,0,cls": ["0.1.9"], "torchvision.datasets.phototour.read_image_file,data_dir;image_ext;n,0,func": ["0.1.9"], "torchvision.datasets.phototour.read_info_file,data_dir;info_file,0,func": ["0.1.9"], "torchvision.datasets.phototour.read_matches_files,data_dir;matches_file,0,func": ["0.1.9"], "torchvision.datasets.phototour.download_url,url;root;filename;md5,0,func": ["0.1.9"], "torchvision.datasets.phototour.check_integrity,fpath;md5,0,func": ["0.1.9"], "torchvision.datasets.mnist.MNIST,self;root;train;transform;target_transform;download,4": ["0.1.9"], "torchvision.datasets.mnist.MNIST.download,self,0,cls": ["0.1.9"], "torchvision.datasets.mnist.get_int,b,0,func": ["0.1.9"], "torchvision.datasets.mnist.parse_byte,b,0,func": ["0.1.9"], "torchvision.datasets.mnist.read_label_file,path,0,func": ["0.1.9"], "torchvision.datasets.mnist.read_image_file,path,0,func": ["0.1.9"], "torchvision.models.vgg.VGG,self;features;num_classes,1": ["0.1.9"], "torchvision.models.vgg.VGG.forward,self;x,0,cls": ["0.1.9"], "torchvision.models.vgg.make_layers,cfg;batch_norm,1,func": ["0.1.9"], "torchvision.models.vgg.vgg11,pretrained,1,func": ["0.1.9"], "torchvision.models.vgg.vgg11_bn,pretrained,1,func": ["0.1.9"], "torchvision.models.vgg.vgg13,pretrained,1,func": ["0.1.9"], "torchvision.models.vgg.vgg13_bn,pretrained,1,func": ["0.1.9"], "torchvision.models.vgg.vgg16,pretrained,1,func": ["0.1.9"], "torchvision.models.vgg.vgg16_bn,pretrained,1,func": ["0.1.9"], "torchvision.models.vgg.vgg19,pretrained,1,func": ["0.1.9"], "torchvision.models.vgg.vgg19_bn,pretrained,1,func": ["0.1.9"], "torchvision.models.squeezenet.Fire,self;inplanes;squeeze_planes;expand1x1_planes;expand3x3_planes,0": ["0.1.9"], "torchvision.models.squeezenet.Fire.forward,self;x,0,cls": ["0.1.9"], "torchvision.models.squeezenet.SqueezeNet,self;version;num_classes,2": ["0.1.9"], "torchvision.models.squeezenet.SqueezeNet.forward,self;x,0,cls": ["0.1.9"], "torchvision.models.squeezenet.squeezenet1_0,pretrained,1,func": ["0.1.9"], "torchvision.models.squeezenet.squeezenet1_1,pretrained,1,func": ["0.1.9"], "torchvision.models.densenet.densenet121,pretrained,1,func": ["0.1.9"], "torchvision.models.densenet.densenet169,pretrained,1,func": ["0.1.9"], "torchvision.models.densenet.densenet201,pretrained,1,func": ["0.1.9"], "torchvision.models.densenet.densenet161,pretrained,1,func": ["0.1.9"], "torchvision.models.densenet.DenseNet,self;growth_rate;block_config;num_init_features;bn_size;drop_rate;num_classes,6": ["0.1.9"], "torchvision.models.densenet.DenseNet.forward,self;x,0,cls": ["0.1.9"], "torchvision.models.AlexNet,self;num_classes,1": ["0.1.9"], "torchvision.models.AlexNet.forward,self;x,0,cls": ["0.1.9"], "torchvision.models.alexnet,pretrained,1,func": ["0.1.9"], "torchvision.models.conv3x3,in_planes;out_planes;stride,1,func": ["0.1.9"], "torchvision.models.BasicBlock,self;inplanes;planes;stride;downsample,2": ["0.1.9"], "torchvision.models.BasicBlock.forward,self;x,0,cls": ["0.1.9"], "torchvision.models.Bottleneck,self;inplanes;planes;stride;downsample,2": ["0.1.9"], "torchvision.models.Bottleneck.forward,self;x,0,cls": ["0.1.9"], "torchvision.models.ResNet,self;block;layers;num_classes,1": ["0.1.9"], "torchvision.models.ResNet.forward,self;x,0,cls": ["0.1.9"], "torchvision.models.resnet18,pretrained,1,func": ["0.1.9"], "torchvision.models.resnet34,pretrained,1,func": ["0.1.9"], "torchvision.models.resnet50,pretrained,1,func": ["0.1.9"], "torchvision.models.resnet101,pretrained,1,func": ["0.1.9"], "torchvision.models.resnet152,pretrained,1,func": ["0.1.9"], "torchvision.models.VGG,self;features;num_classes,1": ["0.1.9"], "torchvision.models.VGG.forward,self;x,0,cls": ["0.1.9"], "torchvision.models.make_layers,cfg;batch_norm,1,func": ["0.1.9"], "torchvision.models.vgg11,pretrained,1,func": ["0.1.9"], "torchvision.models.vgg11_bn,pretrained,1,func": ["0.1.9"], "torchvision.models.vgg13,pretrained,1,func": ["0.1.9"], "torchvision.models.vgg13_bn,pretrained,1,func": ["0.1.9"], "torchvision.models.vgg16,pretrained,1,func": ["0.1.9"], "torchvision.models.vgg16_bn,pretrained,1,func": ["0.1.9"], "torchvision.models.vgg19,pretrained,1,func": ["0.1.9"], "torchvision.models.vgg19_bn,pretrained,1,func": ["0.1.9"], "torchvision.models.Fire,self;inplanes;squeeze_planes;expand1x1_planes;expand3x3_planes,0": ["0.1.9"], "torchvision.models.Fire.forward,self;x,0,cls": ["0.1.9"], "torchvision.models.SqueezeNet,self;version;num_classes,2": ["0.1.9"], "torchvision.models.SqueezeNet.forward,self;x,0,cls": ["0.1.9"], "torchvision.models.squeezenet1_0,pretrained,1,func": ["0.1.9"], "torchvision.models.squeezenet1_1,pretrained,1,func": ["0.1.9"], "torchvision.models.inception_v3,pretrained,1,func": ["0.1.9"], "torchvision.models.Inception3,self;num_classes;aux_logits;transform_input,3": ["0.1.9"], "torchvision.models.Inception3.forward,self;x,0,cls": ["0.1.9"], "torchvision.models.InceptionA,self;in_channels;pool_features,0": ["0.1.9"], "torchvision.models.InceptionA.forward,self;x,0,cls": ["0.1.9"], "torchvision.models.InceptionB,self;in_channels,0": ["0.1.9"], "torchvision.models.InceptionB.forward,self;x,0,cls": ["0.1.9"], "torchvision.models.InceptionC,self;in_channels;channels_7x7,0": ["0.1.9"], "torchvision.models.InceptionC.forward,self;x,0,cls": ["0.1.9"], "torchvision.models.InceptionD,self;in_channels,0": ["0.1.9"], "torchvision.models.InceptionD.forward,self;x,0,cls": ["0.1.9"], "torchvision.models.InceptionE,self;in_channels,0": ["0.1.9"], "torchvision.models.InceptionE.forward,self;x,0,cls": ["0.1.9"], "torchvision.models.InceptionAux,self;in_channels;num_classes,0": ["0.1.9"], "torchvision.models.InceptionAux.forward,self;x,0,cls": ["0.1.9"], "torchvision.models.BasicConv2d,self;in_channels;out_channels,0": ["0.1.9"], "torchvision.models.BasicConv2d.forward,self;x,0,cls": ["0.1.9"], "torchvision.models.densenet121,pretrained,1,func": ["0.1.9"], "torchvision.models.densenet169,pretrained,1,func": ["0.1.9"], "torchvision.models.densenet201,pretrained,1,func": ["0.1.9"], "torchvision.models.densenet161,pretrained,1,func": ["0.1.9"], "torchvision.models.DenseNet,self;growth_rate;block_config;num_init_features;bn_size;drop_rate;num_classes,6": ["0.1.9"], "torchvision.models.DenseNet.forward,self;x,0,cls": ["0.1.9"], "torchvision.models.inception.inception_v3,pretrained,1,func": ["0.1.9"], "torchvision.models.inception.Inception3,self;num_classes;aux_logits;transform_input,3": ["0.1.9"], "torchvision.models.inception.Inception3.forward,self;x,0,cls": ["0.1.9"], "torchvision.models.inception.InceptionA,self;in_channels;pool_features,0": ["0.1.9"], "torchvision.models.inception.InceptionA.forward,self;x,0,cls": ["0.1.9"], "torchvision.models.inception.InceptionB,self;in_channels,0": ["0.1.9"], "torchvision.models.inception.InceptionB.forward,self;x,0,cls": ["0.1.9"], "torchvision.models.inception.InceptionC,self;in_channels;channels_7x7,0": ["0.1.9"], "torchvision.models.inception.InceptionC.forward,self;x,0,cls": ["0.1.9"], "torchvision.models.inception.InceptionD,self;in_channels,0": ["0.1.9"], "torchvision.models.inception.InceptionD.forward,self;x,0,cls": ["0.1.9"], "torchvision.models.inception.InceptionE,self;in_channels,0": ["0.1.9"], "torchvision.models.inception.InceptionE.forward,self;x,0,cls": ["0.1.9"], "torchvision.models.inception.InceptionAux,self;in_channels;num_classes,0": ["0.1.9"], "torchvision.models.inception.InceptionAux.forward,self;x,0,cls": ["0.1.9"], "torchvision.models.inception.BasicConv2d,self;in_channels;out_channels,0": ["0.1.9"], "torchvision.models.inception.BasicConv2d.forward,self;x,0,cls": ["0.1.9"], "torchvision.models.resnet.conv3x3,in_planes;out_planes;stride,1,func": ["0.1.9"], "torchvision.models.resnet.BasicBlock,self;inplanes;planes;stride;downsample,2": ["0.1.9"], "torchvision.models.resnet.BasicBlock.forward,self;x,0,cls": ["0.1.9"], "torchvision.models.resnet.Bottleneck,self;inplanes;planes;stride;downsample,2": ["0.1.9"], "torchvision.models.resnet.Bottleneck.forward,self;x,0,cls": ["0.1.9"], "torchvision.models.resnet.ResNet,self;block;layers;num_classes,1": ["0.1.9"], "torchvision.models.resnet.ResNet.forward,self;x,0,cls": ["0.1.9"], "torchvision.models.resnet.resnet18,pretrained,1,func": ["0.1.9"], "torchvision.models.resnet.resnet34,pretrained,1,func": ["0.1.9"], "torchvision.models.resnet.resnet50,pretrained,1,func": ["0.1.9"], "torchvision.models.resnet.resnet101,pretrained,1,func": ["0.1.9"], "torchvision.models.resnet.resnet152,pretrained,1,func": ["0.1.9"], "torchvision.models.alexnet.AlexNet,self;num_classes,1": ["0.1.9"], "torchvision.models.alexnet.AlexNet.forward,self;x,0,cls": ["0.1.9"], "torchvision.models.alexnet.alexnet,pretrained,1,func": ["0.1.9"]}, "version": ["0.1.6", "0.1.7", "0.1.8", "0.1.9", "0.2.0", "0.2.1", "0.2.2", "0.2.2.post2", "0.2.2.post3", "0.3.0", "0.4.0", "0.4.1", "0.4.1.post2", "0.4.2", "0.5.0", "0.6.0", "0.6.1", "0.7.0", "0.8.0", "0.8.1", "0.8.2", "0.9.0", "0.9.1", "0.10.0", "0.10.1", "0.11.0", "0.11.1", "0.11.2", "0.11.3", "0.12.0", "0.13.0", "0.13.1", "0.14.0"]}