{"module": ["tqdm/4.27.0/tmp/tqdm"], "API": {"tqdm._main.cast,val;typ,0,func": ["4.19.1", "4.27.0"], "tqdm._main.posix_pipe,fin;fout;delim;buf_size;callback,3,func": ["4.19.1", "4.27.0"], "tqdm._main.main,fp,1,func": ["4.19.1", "4.27.0"], "tqdm._tqdm_gui.tqdm_gui,self,0": ["4.19.1", "4.27.0"], "tqdm._tqdm_gui.tqdm_gui.write,cls;s;file;end,2,cls": ["4.19.1"], "tqdm._tqdm_gui.tqdm_gui.update,self;n,1,cls": ["4.19.1", "4.27.0"], "tqdm._tqdm_gui.tqdm_gui.close,self,0,cls": ["4.19.1", "4.27.0"], "tqdm._tqdm_gui.tgrange,,0,func": ["4.19.1", "4.27.0"], "tqdm._tqdm_notebook.tqdm_notebook,self,0": ["4.19.1", "4.27.0"], "tqdm._tqdm_notebook.tqdm_notebook.status_printer,_;total;desc,2,cls": ["4.19.1"], "tqdm._tqdm_notebook.tqdm_notebook.write,cls;s;file;end,2,cls": ["4.19.1"], "tqdm._tqdm_notebook.tqdm_notebook.update,self,0,cls": ["4.19.1", "4.27.0"], "tqdm._tqdm_notebook.tqdm_notebook.close,self,0,cls": ["4.19.1", "4.27.0"], "tqdm._tqdm_notebook.tqdm_notebook.moveto,self,0,cls": ["4.19.1", "4.27.0"], "tqdm._tqdm_notebook.tnrange,,0,func": ["4.19.1", "4.27.0"], "tqdm.tqdm_notebook,self,0": ["4.19.1", "4.27.0"], "tqdm.tqdm_notebook.status_printer,_;total;desc,2,cls": ["4.19.1"], "tqdm.tqdm_notebook.write,cls;s;file;end,2,cls": ["4.19.1"], "tqdm.tqdm_notebook.update,self,0,cls": ["4.19.1", "4.27.0"], "tqdm.tqdm_notebook.close,self,0,cls": ["4.19.1", "4.27.0"], "tqdm.tqdm_notebook.moveto,self,0,cls": ["4.19.1", "4.27.0"], "tqdm.tnrange,,0,func": ["4.19.1", "4.27.0"], "tqdm.tqdm,self;iterable;desc;total;leave;file;ncols;mininterval;maxinterval;miniters;ascii;disable;unit;unit_scale;dynamic_ncols;smoothing;bar_format;initial;position;postfix;unit_divisor;gui,21": ["4.19.1", "4.27.0"], "tqdm.tqdm.format_sizeof,num;suffix;divisor,2,cls": ["4.19.1", "4.27.0"], "tqdm.tqdm.format_interval,t,0,cls": ["4.19.1", "4.27.0"], "tqdm.tqdm.status_printer,file,0,cls": ["4.19.1", "4.27.0"], "tqdm.tqdm.format_meter,n;total;elapsed;ncols;prefix;ascii;unit;unit_scale;rate;bar_format;postfix;unit_divisor,9,cls": ["4.19.1", "4.27.0"], "tqdm.tqdm.write,cls;s;file;end;nolock,3,cls": ["4.19.1", "4.27.0"], "tqdm.tqdm.external_write_mode,cls;file;nolock,2,cls": ["4.19.1", "4.27.0"], "tqdm.tqdm.set_lock,cls;lock,0,cls": ["4.19.1", "4.27.0"], "tqdm.tqdm.get_lock,cls,0,cls": ["4.19.1", "4.27.0"], "tqdm.tqdm.pandas,tclass,0,cls": ["4.19.1", "4.27.0"], "tqdm.tqdm.update,self;n,1,cls": ["4.19.1", "4.27.0"], "tqdm.tqdm.close,self,0,cls": ["4.19.1", "4.27.0"], "tqdm.tqdm.unpause,self,0,cls": ["4.19.1", "4.27.0"], "tqdm.tqdm.set_description,self;desc;refresh,2,cls": ["4.19.1", "4.27.0"], "tqdm.tqdm.set_description_str,self;desc;refresh,2,cls": ["4.19.1", "4.27.0"], "tqdm.tqdm.set_postfix,self;ordered_dict;refresh,2,cls": ["4.19.1", "4.27.0"], "tqdm.tqdm.set_postfix_str,self;s;refresh,2,cls": ["4.19.1", "4.27.0"], "tqdm.tqdm.moveto,self;n,0,cls": ["4.19.1", "4.27.0"], "tqdm.tqdm.clear,self;nomove;nolock,2,cls": ["4.19.1"], "tqdm.tqdm.refresh,self;nolock,1,cls": ["4.19.1", "4.27.0"], "tqdm.trange,,0,func": ["4.19.1", "4.27.0"], "tqdm.TqdmTypeError,,": ["4.19.1", "4.27.0"], "tqdm.TqdmKeyError,,": ["4.19.1", "4.27.0"], "tqdm.TqdmDeprecationWarning,self;msg;fp_write,1": ["4.19.1"], "tqdm.tqdm_gui,self,0": ["4.19.1", "4.27.0"], "tqdm.tqdm_gui.write,cls;s;file;end,2,cls": ["4.19.1"], "tqdm.tqdm_gui.update,self;n,1,cls": ["4.19.1", "4.27.0"], "tqdm.tqdm_gui.close,self,0,cls": ["4.19.1", "4.27.0"], "tqdm.tgrange,,0,func": ["4.19.1", "4.27.0"], "tqdm.tqdm_pandas,tclass,0,func": ["4.19.1", "4.27.0"], "tqdm.main,fp,1,func": ["4.19.1", "4.27.0"], "tqdm._tqdm.TqdmTypeError,,": ["4.19.1", "4.27.0"], "tqdm._tqdm.TqdmKeyError,,": ["4.19.1", "4.27.0"], "tqdm._tqdm.TqdmDeprecationWarning,self;msg;fp_write,1": ["4.19.1"], "tqdm._tqdm.TqdmDefaultWriteLock,self,0": ["4.19.1", "4.27.0"], "tqdm._tqdm.TqdmDefaultWriteLock.acquire,self,0,cls": ["4.19.1", "4.27.0"], "tqdm._tqdm.TqdmDefaultWriteLock.release,self,0,cls": ["4.19.1", "4.27.0"], "tqdm._tqdm.TMonitor,self;tqdm_cls;sleep_interval,0": ["4.19.1"], "tqdm._tqdm.TMonitor.exit,self,0,cls": ["4.19.1"], "tqdm._tqdm.TMonitor.run,self,0,cls": ["4.19.1"], "tqdm._tqdm.TMonitor.report,self,0,cls": ["4.19.1"], "tqdm._tqdm.tqdm,self;iterable;desc;total;leave;file;ncols;mininterval;maxinterval;miniters;ascii;disable;unit;unit_scale;dynamic_ncols;smoothing;bar_format;initial;position;postfix;unit_divisor;gui,21": ["4.19.1", "4.27.0"], "tqdm._tqdm.tqdm.format_sizeof,num;suffix;divisor,2,cls": ["4.19.1", "4.27.0"], "tqdm._tqdm.tqdm.format_interval,t,0,cls": ["4.19.1", "4.27.0"], "tqdm._tqdm.tqdm.status_printer,file,0,cls": ["4.19.1", "4.27.0"], "tqdm._tqdm.tqdm.format_meter,n;total;elapsed;ncols;prefix;ascii;unit;unit_scale;rate;bar_format;postfix;unit_divisor,9,cls": ["4.19.1", "4.27.0"], "tqdm._tqdm.tqdm.write,cls;s;file;end;nolock,3,cls": ["4.19.1", "4.27.0"], "tqdm._tqdm.tqdm.external_write_mode,cls;file;nolock,2,cls": ["4.19.1", "4.27.0"], "tqdm._tqdm.tqdm.set_lock,cls;lock,0,cls": ["4.19.1", "4.27.0"], "tqdm._tqdm.tqdm.get_lock,cls,0,cls": ["4.19.1", "4.27.0"], "tqdm._tqdm.tqdm.pandas,tclass,0,cls": ["4.19.1", "4.27.0"], "tqdm._tqdm.tqdm.update,self;n,1,cls": ["4.19.1", "4.27.0"], "tqdm._tqdm.tqdm.close,self,0,cls": ["4.19.1", "4.27.0"], "tqdm._tqdm.tqdm.unpause,self,0,cls": ["4.19.1", "4.27.0"], "tqdm._tqdm.tqdm.set_description,self;desc;refresh,2,cls": ["4.19.1", "4.27.0"], "tqdm._tqdm.tqdm.set_description_str,self;desc;refresh,2,cls": ["4.19.1", "4.27.0"], "tqdm._tqdm.tqdm.set_postfix,self;ordered_dict;refresh,2,cls": ["4.19.1", "4.27.0"], "tqdm._tqdm.tqdm.set_postfix_str,self;s;refresh,2,cls": ["4.19.1", "4.27.0"], "tqdm._tqdm.tqdm.moveto,self;n,0,cls": ["4.19.1", "4.27.0"], "tqdm._tqdm.tqdm.clear,self;nomove;nolock,2,cls": ["4.19.1"], "tqdm._tqdm.tqdm.refresh,self;nolock,1,cls": ["4.19.1", "4.27.0"], "tqdm._tqdm.trange,,0,func": ["4.19.1", "4.27.0"], "tqdm._tqdm_pandas.tqdm_pandas,tclass,0,func": ["4.19.1", "4.27.0"], "tqdm._monitor.TqdmSynchronisationWarning,,": ["4.27.0"], "tqdm._monitor.TMonitor,self;tqdm_cls;sleep_interval,0": ["4.27.0"], "tqdm._monitor.TMonitor.exit,self,0,cls": ["4.27.0"], "tqdm._monitor.TMonitor.get_instances,self,0,cls": ["4.27.0"], "tqdm._monitor.TMonitor.run,self,0,cls": ["4.27.0"], "tqdm._monitor.TMonitor.report,self,0,cls": ["4.27.0"], "tqdm._tqdm_notebook.tqdm_notebook.status_printer,_;total;desc;ncols,3,cls": ["4.27.0"], "tqdm._tqdm_notebook.tqdm_notebook.set_description,self;desc,1,cls": ["4.27.0"], "tqdm.tqdm_notebook.status_printer,_;total;desc;ncols,3,cls": ["4.27.0"], "tqdm.tqdm_notebook.set_description,self;desc,1,cls": ["4.27.0"], "tqdm.tqdm.format_num,n,0,cls": ["4.27.0"], "tqdm.tqdm.ema,x;mu;alpha,2,cls": ["4.27.0"], "tqdm.tqdm.clear,self;nolock,1,cls": ["4.27.0"], "tqdm.TqdmWarning,self;msg;fp_write,1": ["4.27.0"], "tqdm.TqdmDeprecationWarning,,": ["4.27.0"], "tqdm.TqdmExperimentalWarning,,": ["4.27.0"], "tqdm.TqdmMonitorWarning,,": ["4.27.0"], "tqdm.TMonitor,self;tqdm_cls;sleep_interval,0": ["4.27.0"], "tqdm.TMonitor.exit,self,0,cls": ["4.27.0"], "tqdm.TMonitor.get_instances,self,0,cls": ["4.27.0"], "tqdm.TMonitor.run,self,0,cls": ["4.27.0"], "tqdm.TMonitor.report,self,0,cls": ["4.27.0"], "tqdm.TqdmSynchronisationWarning,,": ["4.27.0"], "tqdm._tqdm.TqdmWarning,self;msg;fp_write,1": ["4.27.0"], "tqdm._tqdm.TqdmExperimentalWarning,,": ["4.27.0"], "tqdm._tqdm.TqdmDeprecationWarning,,": ["4.27.0"], "tqdm._tqdm.TqdmMonitorWarning,,": ["4.27.0"], "tqdm._tqdm.tqdm.format_num,n,0,cls": ["4.27.0"], "tqdm._tqdm.tqdm.ema,x;mu;alpha,2,cls": ["4.27.0"], "tqdm._tqdm.tqdm.clear,self;nolock,1,cls": ["4.27.0"], "tqdm._utils.Comparable,,": ["4.27.0"]}, "version": ["1.0", "2.0.0.dev0", "2.0.0", "2.2.3", "2.2.4", "3.1.3", "3.1.4", "3.4.0", "3.7.0", "3.7.1", "3.8.0", "4.1.0", "4.4.0", "4.4.1", "4.4.3", "4.5.0", "4.5.2", "4.6.1", "4.6.2", "4.7.0", "4.7.1", "4.7.2", "4.7.4", "4.7.6", "4.8.1", "4.8.2", "4.8.3", "4.8.4", "4.9.0", "4.10.0", "4.11.0", "4.11.1", "4.11.2", "4.12.0", "4.13.0", "4.14.0", "4.15.0", "4.16.0", "4.17.0", "4.17.1", "4.18.0", "4.19.1", "4.19.1.post1", "4.19.2", "4.19.4", "4.19.5", "4.19.6", "4.19.7", "4.19.8", "4.19.9", "4.20.0", "4.21.0", "4.22.0", "4.23.0", "4.23.1", "4.23.2", "4.23.3", "4.23.4", "4.24.0", "4.25.0", "4.26.0", "4.27.0", "4.28.0", "4.28.1", "4.29.0", "4.29.1", "4.30.0", "4.31.0", "4.31.1", "4.32.0", "4.32.1", "4.32.2", "4.33.0", "4.34.0", "4.35.0", "4.36.0", "4.36.1", "4.37.0", "4.38.0", "4.39.0", "4.40.0", "4.40.1", "4.40.2", "4.41.0", "4.41.1", "4.42.0", "4.42.1", "4.43.0", "4.44.0", "4.44.1", "4.45.0", "4.46.0", "4.46.1", "4.47.0", "4.48.0", "4.48.1", "4.48.2", "4.49.0", "4.50.0", "4.50.1", "4.50.2", "4.51.0", "4.52.0", "4.53.0", "4.54.0", "4.54.1", "4.55.0", "4.55.1", "4.55.2", "4.56.0", "4.56.1", "4.56.2", "4.57.0", "4.58.0", "4.59.0", "4.60.0", "4.61.0", "4.61.1", "4.61.2", "4.62.0", "4.62.1", "4.62.2", "4.62.3", "4.63.0", "4.63.1", "4.63.2", "4.64.0", "4.64.1"]}