{"module": ["twine/1.4.0/tmp/twine"], "API": {"twine.application.Twine,,": ["1.0.1"], "twine.application.Twine.cli,self;argv,0,cls": ["1.0.1"], "twine.utils.get_distutils_config,repository,0,func": ["1.0.1"], "twine.exceptions.CommandError,,": ["1.0.1"], "twine.__main__.main,,0,func": ["1.0.1", "1.4.0"], "twine.wheel.Wheel,self;filename;metadata_version,1": ["1.0.1", "1.4.0"], "twine.wheel.Wheel.py_version,self,0,cls": ["1.0.1", "1.4.0"], "twine.wheel.Wheel.read,self,0,cls": ["1.0.1", "1.4.0"], "twine.commands.upload.Upload,,": ["1.0.1"], "twine.commands.upload.Upload.create_parser,self;parser,0,cls": ["1.0.1"], "twine.commands.upload.CommandError,,": ["1.0.1"], "twine.commands.upload.Wheel,self;filename;metadata_version,1": ["1.0.1", "1.4.0"], "twine.commands.upload.Wheel.py_version,self,0,cls": ["1.0.1", "1.4.0"], "twine.commands.upload.Wheel.read,self,0,cls": ["1.0.1", "1.4.0"], "twine.commands.upload.get_distutils_config,repository,0,func": ["1.0.1"], "twine.cli.dispatch,argv,0,func": ["1.4.0"], "twine.wininst.WinInst,self;filename;metadata_version,1": ["1.4.0"], "twine.wininst.WinInst.py_version,self,0,cls": ["1.4.0"], "twine.wininst.WinInst.read,self,0,cls": ["1.4.0"], "twine.utils.get_config,path,1,func": ["1.4.0"], "twine.utils.get_userpass_value,cli_value;config;key;prompt_strategy,0,func": ["1.4.0"], "twine.wheel.Wheel.parse,self;data,0,cls": ["1.4.0"], "twine.commands.upload.find_dists,dists,0,func": ["1.4.0"], "twine.commands.upload.upload,dists;repository;sign;identity;username;password;comment,0,func": ["1.4.0"], "twine.commands.upload.main,args,0,func": ["1.4.0"], "twine.commands.upload.get_config,path,1,func": ["1.4.0"], "twine.commands.upload.Wheel.parse,self;data,0,cls": ["1.4.0"], "twine.commands.upload.WinInst,self;filename;metadata_version,1": ["1.4.0"], "twine.commands.upload.WinInst.py_version,self,0,cls": ["1.4.0"], "twine.commands.upload.WinInst.read,self,0,cls": ["1.4.0"]}, "version": ["1.0.1", "1.1.0", "1.1.1", "1.2.0", "1.2.2", "1.2.3", "1.3.0", "1.3.1", "1.4.0", "1.5.0", "1.6.0", "1.6.1", "1.6.2", "1.6.3", "1.6.4", "1.6.5", "1.7.0", "1.7.1", "1.7.2", "1.7.3", "1.7.4", "1.8.0", "1.8.1", "1.9.0", "1.9.1", "1.10.0", "1.11.0rc1", "1.11.0", "1.12.0", "1.12.1", "1.13.0", "1.14.0", "1.15.0", "2.0.0", "3.0.0", "3.1.0", "3.1.1", "3.2.0rc1", "3.2.0", "3.3.0rc1", "3.3.0", "3.4.0", "3.4.1", "3.4.2", "3.5.0", "3.6.0", "3.7.0", "3.7.1", "3.8.0", "4.0.0", "4.0.1"]}