{"module": ["yapf/0.22.0/tmp/yapf", "yapf/0.22.0/tmp/yapftests"], "API": {"yapf.main,argv,0,func": ["0.22.0"], "yapf.FormatFiles,filenames;lines;style_config;no_local_style;in_place;print_diff;verify;parallel;verbose,7,func": ["0.22.0"], "yapf.run_main,,0,func": ["0.22.0"], "yapf.yapflib.object_state.ComprehensionState,self;expr_token,0": ["0.22.0"], "yapf.yapflib.object_state.ComprehensionState.HasTrivialExpr,self,0,cls": ["0.22.0"], "yapf.yapflib.object_state.ComprehensionState.opening_bracket,self,0,cls": ["0.22.0"], "yapf.yapflib.object_state.ComprehensionState.closing_bracket,self,0,cls": ["0.22.0"], "yapf.yapflib.object_state.ComprehensionState.Clone,self,0,cls": ["0.22.0"], "yapf.yapflib.yapf_api.FormatFile,filename;style_config;lines;print_diff;verify;in_place;logger,6,func": ["0.22.0"], "yapf.yapflib.yapf_api.FormatCode,unformatted_source;filename;style_config;lines;print_diff;verify,5,func": ["0.22.0"], "yapf.yapflib.yapf_api.ReadFile,filename;logger,1,func": ["0.22.0"], "yapf.yapflib.py3compat.open_with_encoding,filename;mode;encoding;newline,1,func": ["0.22.0"], "yapf.yapflib.py3compat.raw_input,,0,func": ["0.22.0"], "yapf.yapflib.py3compat.lru_cache,maxsize;typed,2,func": ["0.22.0"], "yapf.yapflib.py3compat.EncodeAndWriteToStdout,s;encoding,1,func": ["0.22.0"], "yapf.yapflib.py3compat.unicode,s,0,func": ["0.22.0"], "yapf.yapflib.py3compat.ConfigParser,,": ["0.22.0"], "yapf.yapflib.py3compat.ConfigParser.read_file,self;fp;source,1,cls": ["0.22.0"], "yapf.yapflib.format_decision_state.FormatDecisionState,self;line;first_indent,0": ["0.22.0"], "yapf.yapflib.format_decision_state.FormatDecisionState.Clone,self,0,cls": ["0.22.0"], "yapf.yapflib.format_decision_state.FormatDecisionState.CanSplit,self;must_split,0,cls": ["0.22.0"], "yapf.yapflib.format_decision_state.FormatDecisionState.MustSplit,self,0,cls": ["0.22.0"], "yapf.yapflib.format_decision_state.FormatDecisionState.AddTokenToState,self;newline;dry_run;must_split,1,cls": ["0.22.0"], "yapf.yapflib.format_decision_state.FormatDecisionState.MoveStateToNextToken,self,0,cls": ["0.22.0"], "yapf.yapflib.pytree_visitor.PyTreeVisitor,,": ["0.22.0"], "yapf.yapflib.pytree_visitor.PyTreeVisitor.Visit,self;node,0,cls": ["0.22.0"], "yapf.yapflib.pytree_visitor.PyTreeVisitor.DefaultNodeVisit,self;node,0,cls": ["0.22.0"], "yapf.yapflib.pytree_visitor.PyTreeVisitor.DefaultLeafVisit,self;leaf,0,cls": ["0.22.0"], "yapf.yapflib.pytree_visitor.DumpPyTree,tree;target_stream,1,func": ["0.22.0"], "yapf.yapflib.pytree_visitor.PyTreeDumper,self;target_stream,1": ["0.22.0"], "yapf.yapflib.pytree_visitor.PyTreeDumper.DefaultNodeVisit,self;node,0,cls": ["0.22.0"], "yapf.yapflib.pytree_visitor.PyTreeDumper.DefaultLeafVisit,self;leaf,0,cls": ["0.22.0"], "yapf.yapflib.style.StyleConfigError,,": ["0.22.0"], "yapf.yapflib.style.Get,setting_name,0,func": ["0.22.0"], "yapf.yapflib.style.Help,,0,func": ["0.22.0"], "yapf.yapflib.style.SetGlobalStyle,style,0,func": ["0.22.0"], "yapf.yapflib.style.CreatePEP8Style,,0,func": ["0.22.0"], "yapf.yapflib.style.CreateGoogleStyle,,0,func": ["0.22.0"], "yapf.yapflib.style.CreateChromiumStyle,,0,func": ["0.22.0"], "yapf.yapflib.style.CreateFacebookStyle,,0,func": ["0.22.0"], "yapf.yapflib.style.CreateStyleFromConfig,style_config,0,func": ["0.22.0"], "yapf.yapflib.unwrapped_line.UnwrappedLine,self;depth;tokens,1": ["0.22.0"], "yapf.yapflib.unwrapped_line.UnwrappedLine.CalculateFormattingInformation,self,0,cls": ["0.22.0"], "yapf.yapflib.unwrapped_line.UnwrappedLine.Split,self,0,cls": ["0.22.0"], "yapf.yapflib.unwrapped_line.UnwrappedLine.AppendToken,self;token,0,cls": ["0.22.0"], "yapf.yapflib.unwrapped_line.UnwrappedLine.AppendNode,self;node,0,cls": ["0.22.0"], "yapf.yapflib.unwrapped_line.UnwrappedLine.first,self,0,cls": ["0.22.0"], "yapf.yapflib.unwrapped_line.UnwrappedLine.last,self,0,cls": ["0.22.0"], "yapf.yapflib.unwrapped_line.UnwrappedLine.AsCode,self;indent_per_depth,1,cls": ["0.22.0"], "yapf.yapflib.unwrapped_line.UnwrappedLine.tokens,self,0,cls": ["0.22.0"], "yapf.yapflib.unwrapped_line.UnwrappedLine.lineno,self,0,cls": ["0.22.0"], "yapf.yapflib.unwrapped_line.UnwrappedLine.is_comment,self,0,cls": ["0.22.0"], "yapf.yapflib.unwrapped_line.UnwrappedLine.has_semicolon,self,0,cls": ["0.22.0"], "yapf.yapflib.unwrapped_line.IsSurroundedByBrackets,tok,0,func": ["0.22.0"], "yapf.yapflib.pytree_utils.Annotation,,": ["0.22.0"], "yapf.yapflib.pytree_utils.NodeName,node,0,func": ["0.22.0"], "yapf.yapflib.pytree_utils.FirstLeafNode,node,0,func": ["0.22.0"], "yapf.yapflib.pytree_utils.LastLeafNode,node,0,func": ["0.22.0"], "yapf.yapflib.pytree_utils.ParseCodeToTree,code,0,func": ["0.22.0"], "yapf.yapflib.pytree_utils.InsertNodesBefore,new_nodes;target,0,func": ["0.22.0"], "yapf.yapflib.pytree_utils.InsertNodesAfter,new_nodes;target,0,func": ["0.22.0"], "yapf.yapflib.pytree_utils.GetNodeAnnotation,node;annotation;default,1,func": ["0.22.0"], "yapf.yapflib.pytree_utils.SetNodeAnnotation,node;annotation;value,0,func": ["0.22.0"], "yapf.yapflib.pytree_utils.AppendNodeAnnotation,node;annotation;value,0,func": ["0.22.0"], "yapf.yapflib.pytree_utils.RemoveSubtypeAnnotation,node;value,0,func": ["0.22.0"], "yapf.yapflib.pytree_utils.GetOpeningBracket,node,0,func": ["0.22.0"], "yapf.yapflib.pytree_utils.SetOpeningBracket,node;bracket,0,func": ["0.22.0"], "yapf.yapflib.pytree_utils.DumpNodeToString,node,0,func": ["0.22.0"], "yapf.yapflib.pytree_utils.IsCommentStatement,node,0,func": ["0.22.0"], "yapf.yapflib.comment_splicer.SpliceComments,tree,0,func": ["0.22.0"], "yapf.yapflib.reformatter.Reformat,uwlines;verify;lines,2,func": ["0.22.0"], "yapf.yapflib.blank_line_calculator.CalculateBlankLines,tree,0,func": ["0.22.0"], "yapf.yapflib.line_joiner.CanMergeMultipleLines,lines;last_was_merged,1,func": ["0.22.0"], "yapf.yapflib.split_penalty.ComputeSplitPenalties,tree,0,func": ["0.22.0"], "yapf.yapflib.file_resources.GetDefaultStyleForDir,dirname,0,func": ["0.22.0"], "yapf.yapflib.file_resources.GetCommandLineFiles,command_line_file_list;recursive;exclude,0,func": ["0.22.0"], "yapf.yapflib.file_resources.WriteReformattedCode,filename;reformatted_code;encoding;in_place,2,func": ["0.22.0"], "yapf.yapflib.file_resources.LineEnding,lines,0,func": ["0.22.0"], "yapf.yapflib.file_resources.IsIgnored,path;exclude,0,func": ["0.22.0"], "yapf.yapflib.file_resources.IsPythonFile,filename,0,func": ["0.22.0"], "yapf.yapflib.file_resources.FileEncoding,filename,0,func": ["0.22.0"], "yapf.yapflib.format_token.Subtype,,": ["0.22.0"], "yapf.yapflib.format_token.FormatToken,self;node,0": ["0.22.0"], "yapf.yapflib.format_token.FormatToken.AddWhitespacePrefix,self;newlines_before;spaces;indent_level,2,cls": ["0.22.0"], "yapf.yapflib.format_token.FormatToken.AdjustNewlinesBefore,self;newlines_before,0,cls": ["0.22.0"], "yapf.yapflib.format_token.FormatToken.RetainHorizontalSpacing,self;first_column;depth,0,cls": ["0.22.0"], "yapf.yapflib.format_token.FormatToken.OpensScope,self,0,cls": ["0.22.0"], "yapf.yapflib.format_token.FormatToken.ClosesScope,self,0,cls": ["0.22.0"], "yapf.yapflib.format_token.FormatToken.node_split_penalty,self,0,cls": ["0.22.0"], "yapf.yapflib.format_token.FormatToken.newlines,self,0,cls": ["0.22.0"], "yapf.yapflib.format_token.FormatToken.must_split,self,0,cls": ["0.22.0"], "yapf.yapflib.format_token.FormatToken.column,self,0,cls": ["0.22.0"], "yapf.yapflib.format_token.FormatToken.lineno,self,0,cls": ["0.22.0"], "yapf.yapflib.format_token.FormatToken.subtypes,self,0,cls": ["0.22.0"], "yapf.yapflib.format_token.FormatToken.is_binary_op,self,0,cls": ["0.22.0"], "yapf.yapflib.format_token.FormatToken.name,self,0,cls": ["0.22.0"], "yapf.yapflib.format_token.FormatToken.is_comment,self,0,cls": ["0.22.0"], "yapf.yapflib.format_token.FormatToken.is_continuation,self,0,cls": ["0.22.0"], "yapf.yapflib.format_token.FormatToken.is_keyword,self,0,cls": ["0.22.0"], "yapf.yapflib.format_token.FormatToken.is_name,self,0,cls": ["0.22.0"], "yapf.yapflib.format_token.FormatToken.is_number,self,0,cls": ["0.22.0"], "yapf.yapflib.format_token.FormatToken.is_string,self,0,cls": ["0.22.0"], "yapf.yapflib.format_token.FormatToken.is_multiline_string,self,0,cls": ["0.22.0"], "yapf.yapflib.format_token.FormatToken.is_docstring,self,0,cls": ["0.22.0"], "yapf.yapflib.format_token.FormatToken.is_pseudo_paren,self,0,cls": ["0.22.0"], "yapf.yapflib.format_token.FormatToken.is_pylint_comment,self,0,cls": ["0.22.0"], "yapf.yapflib.errors.YapfError,,": ["0.22.0"], "yapf.yapflib.pytree_unwrapper.UnwrapPyTree,tree,0,func": ["0.22.0"], "yapf.yapflib.pytree_unwrapper.PyTreeUnwrapper,self,0": ["0.22.0"], "yapf.yapflib.pytree_unwrapper.PyTreeUnwrapper.GetUnwrappedLines,self,0,cls": ["0.22.0"], "yapf.yapflib.pytree_unwrapper.PyTreeUnwrapper.Visit_simple_stmt,self;node,0,cls": ["0.22.0"], "yapf.yapflib.pytree_unwrapper.PyTreeUnwrapper.Visit_if_stmt,self;node,0,cls": ["0.22.0"], "yapf.yapflib.pytree_unwrapper.PyTreeUnwrapper.Visit_while_stmt,self;node,0,cls": ["0.22.0"], "yapf.yapflib.pytree_unwrapper.PyTreeUnwrapper.Visit_for_stmt,self;node,0,cls": ["0.22.0"], "yapf.yapflib.pytree_unwrapper.PyTreeUnwrapper.Visit_try_stmt,self;node,0,cls": ["0.22.0"], "yapf.yapflib.pytree_unwrapper.PyTreeUnwrapper.Visit_except_clause,self;node,0,cls": ["0.22.0"], "yapf.yapflib.pytree_unwrapper.PyTreeUnwrapper.Visit_funcdef,self;node,0,cls": ["0.22.0"], "yapf.yapflib.pytree_unwrapper.PyTreeUnwrapper.Visit_async_funcdef,self;node,0,cls": ["0.22.0"], "yapf.yapflib.pytree_unwrapper.PyTreeUnwrapper.Visit_classdef,self;node,0,cls": ["0.22.0"], "yapf.yapflib.pytree_unwrapper.PyTreeUnwrapper.Visit_async_stmt,self;node,0,cls": ["0.22.0"], "yapf.yapflib.pytree_unwrapper.PyTreeUnwrapper.Visit_decorator,self;node,0,cls": ["0.22.0"], "yapf.yapflib.pytree_unwrapper.PyTreeUnwrapper.Visit_decorators,self;node,0,cls": ["0.22.0"], "yapf.yapflib.pytree_unwrapper.PyTreeUnwrapper.Visit_decorated,self;node,0,cls": ["0.22.0"], "yapf.yapflib.pytree_unwrapper.PyTreeUnwrapper.Visit_with_stmt,self;node,0,cls": ["0.22.0"], "yapf.yapflib.pytree_unwrapper.PyTreeUnwrapper.Visit_suite,self;node,0,cls": ["0.22.0"], "yapf.yapflib.pytree_unwrapper.PyTreeUnwrapper.Visit_listmaker,self;node,0,cls": ["0.22.0"], "yapf.yapflib.pytree_unwrapper.PyTreeUnwrapper.Visit_dictsetmaker,self;node,0,cls": ["0.22.0"], "yapf.yapflib.pytree_unwrapper.PyTreeUnwrapper.Visit_import_as_names,self;node,0,cls": ["0.22.0"], "yapf.yapflib.pytree_unwrapper.PyTreeUnwrapper.Visit_testlist_gexp,self;node,0,cls": ["0.22.0"], "yapf.yapflib.pytree_unwrapper.PyTreeUnwrapper.Visit_arglist,self;node,0,cls": ["0.22.0"], "yapf.yapflib.pytree_unwrapper.PyTreeUnwrapper.Visit_typedargslist,self;node,0,cls": ["0.22.0"], "yapf.yapflib.pytree_unwrapper.PyTreeUnwrapper.DefaultLeafVisit,self;leaf,0,cls": ["0.22.0"], "yapf.yapflib.subtype_assigner.AssignSubtypes,tree,0,func": ["0.22.0"], "yapf.yapflib.identify_container.IdentifyContainers,tree,0,func": ["0.22.0"], "yapf.yapflib.continuation_splicer.SpliceContinuations,tree,0,func": ["0.22.0"], "yapf.yapflib.verifier.InternalError,,": ["0.22.0"], "yapf.yapflib.verifier.VerifyCode,code,0,func": ["0.22.0"], "yapftests.comment_splicer_test.CommentSplicerTest,,": ["0.22.0"], "yapftests.comment_splicer_test.CommentSplicerTest.testSimpleInline,self,0,cls": ["0.22.0"], "yapftests.comment_splicer_test.CommentSplicerTest.testSimpleSeparateLine,self,0,cls": ["0.22.0"], "yapftests.comment_splicer_test.CommentSplicerTest.testTwoLineComment,self,0,cls": ["0.22.0"], "yapftests.comment_splicer_test.CommentSplicerTest.testCommentIsFirstChildInCompound,self,0,cls": ["0.22.0"], "yapftests.comment_splicer_test.CommentSplicerTest.testCommentIsLastChildInCompound,self,0,cls": ["0.22.0"], "yapftests.comment_splicer_test.CommentSplicerTest.testInlineAfterSeparateLine,self,0,cls": ["0.22.0"], "yapftests.comment_splicer_test.CommentSplicerTest.testSeparateLineAfterInline,self,0,cls": ["0.22.0"], "yapftests.comment_splicer_test.CommentSplicerTest.testCommentBeforeDedent,self,0,cls": ["0.22.0"], "yapftests.comment_splicer_test.CommentSplicerTest.testCommentBeforeDedentTwoLevel,self,0,cls": ["0.22.0"], "yapftests.comment_splicer_test.CommentSplicerTest.testCommentBeforeDedentTwoLevelImproperlyIndented,self,0,cls": ["0.22.0"], "yapftests.comment_splicer_test.CommentSplicerTest.testCommentBeforeDedentThreeLevel,self,0,cls": ["0.22.0"], "yapftests.comment_splicer_test.CommentSplicerTest.testCommentsInClass,self,0,cls": ["0.22.0"], "yapftests.comment_splicer_test.CommentSplicerTest.testMultipleBlockComments,self,0,cls": ["0.22.0"], "yapftests.comment_splicer_test.CommentSplicerTest.testCommentsOnDedents,self,0,cls": ["0.22.0"], "yapftests.comment_splicer_test.CommentSplicerTest.testExprComments,self,0,cls": ["0.22.0"], "yapftests.comment_splicer_test.CommentSplicerTest.testMultipleCommentsInOneExpr,self,0,cls": ["0.22.0"], "yapftests.pytree_utils_test.NodeNameTest,,": ["0.22.0"], "yapftests.pytree_utils_test.NodeNameTest.testNodeNameForLeaf,self,0,cls": ["0.22.0"], "yapftests.pytree_utils_test.NodeNameTest.testNodeNameForNode,self,0,cls": ["0.22.0"], "yapftests.pytree_utils_test.ParseCodeToTreeTest,,": ["0.22.0"], "yapftests.pytree_utils_test.ParseCodeToTreeTest.testParseCodeToTree,self,0,cls": ["0.22.0"], "yapftests.pytree_utils_test.ParseCodeToTreeTest.testPrintFunctionToTree,self,0,cls": ["0.22.0"], "yapftests.pytree_utils_test.ParseCodeToTreeTest.testPrintStatementToTree,self,0,cls": ["0.22.0"], "yapftests.pytree_utils_test.ParseCodeToTreeTest.testClassNotLocal,self,0,cls": ["0.22.0"], "yapftests.pytree_utils_test.InsertNodesBeforeAfterTest,,": ["0.22.0"], "yapftests.pytree_utils_test.InsertNodesBeforeAfterTest.setUp,self,0,cls": ["0.22.0"], "yapftests.pytree_utils_test.InsertNodesBeforeAfterTest.testInsertNodesBefore,self,0,cls": ["0.22.0"], "yapftests.pytree_utils_test.InsertNodesBeforeAfterTest.testInsertNodesBeforeFirstChild,self,0,cls": ["0.22.0"], "yapftests.pytree_utils_test.InsertNodesBeforeAfterTest.testInsertNodesAfter,self,0,cls": ["0.22.0"], "yapftests.pytree_utils_test.InsertNodesBeforeAfterTest.testInsertNodesAfterLastChild,self,0,cls": ["0.22.0"], "yapftests.pytree_utils_test.InsertNodesBeforeAfterTest.testInsertNodesWhichHasParent,self,0,cls": ["0.22.0"], "yapftests.pytree_utils_test.AnnotationsTest,,": ["0.22.0"], "yapftests.pytree_utils_test.AnnotationsTest.setUp,self,0,cls": ["0.22.0"], "yapftests.pytree_utils_test.AnnotationsTest.testGetWhenNone,self,0,cls": ["0.22.0"], "yapftests.pytree_utils_test.AnnotationsTest.testSetWhenNone,self,0,cls": ["0.22.0"], "yapftests.pytree_utils_test.AnnotationsTest.testSetAgain,self,0,cls": ["0.22.0"], "yapftests.pytree_utils_test.AnnotationsTest.testMultiple,self,0,cls": ["0.22.0"], "yapftests.pytree_utils_test.AnnotationsTest.testSubtype,self,0,cls": ["0.22.0"], "yapftests.pytree_utils_test.AnnotationsTest.testSetOnNode,self,0,cls": ["0.22.0"], "yapftests.reformatter_python3_test.TestsForPython3Code,,": ["0.22.0"], "yapftests.reformatter_python3_test.TestsForPython3Code.setUpClass,cls,0,cls": ["0.22.0"], "yapftests.reformatter_python3_test.TestsForPython3Code.testTypedNames,self,0,cls": ["0.22.0"], "yapftests.reformatter_python3_test.TestsForPython3Code.testKeywordOnlyArgSpecifier,self,0,cls": ["0.22.0"], "yapftests.reformatter_python3_test.TestsForPython3Code.testPEP448ParameterExpansion,self,0,cls": ["0.22.0"], "yapftests.reformatter_python3_test.TestsForPython3Code.testAnnotations,self,0,cls": ["0.22.0"], "yapftests.reformatter_python3_test.TestsForPython3Code.testExecAsNonKeyword,self,0,cls": ["0.22.0"], "yapftests.reformatter_python3_test.TestsForPython3Code.testAsyncFunctions,self,0,cls": ["0.22.0"], "yapftests.reformatter_python3_test.TestsForPython3Code.testNoSpacesAroundPowerOperator,self,0,cls": ["0.22.0"], "yapftests.reformatter_python3_test.TestsForPython3Code.testSpacesAroundDefaultOrNamedAssign,self,0,cls": ["0.22.0"], "yapftests.reformatter_python3_test.TestsForPython3Code.testTypeHint,self,0,cls": ["0.22.0"], "yapftests.reformatter_python3_test.TestsForPython3Code.testMatrixMultiplication,self,0,cls": ["0.22.0"], "yapftests.reformatter_python3_test.TestsForPython3Code.testNoneKeyword,self,0,cls": ["0.22.0"], "yapftests.reformatter_python3_test.TestsForPython3Code.testAsyncWithPrecedingComment,self,0,cls": ["0.22.0"], "yapftests.reformatter_python3_test.TestsForPython3Code.testAsyncFunctionsNested,self,0,cls": ["0.22.0"], "yapftests.reformatter_python3_test.TestsForPython3Code.testKeepTypesIntact,self,0,cls": ["0.22.0"], "yapftests.reformatter_python3_test.TestsForPython3Code.testContinuationIndentWithAsync,self,0,cls": ["0.22.0"], "yapftests.reformatter_python3_test.TestsForPython3Code.testSplittingArguments,self,0,cls": ["0.22.0"], "yapftests.reformatter_python3_test.TestsForPython3Code.testDictUnpacking,self,0,cls": ["0.22.0"], "yapftests.reformatter_python3_test.TestsForPython3Code.testMultilineFormatString,self,0,cls": ["0.22.0"], "yapftests.reformatter_python3_test.TestsForPython3Code.testEllipses,self,0,cls": ["0.22.0"], "yapftests.reformatter_basic_test.BasicReformatterTest,,": ["0.22.0"], "yapftests.reformatter_basic_test.BasicReformatterTest.setUpClass,cls,0,cls": ["0.22.0"], "yapftests.reformatter_basic_test.BasicReformatterTest.testSplittingAllArgs,self,0,cls": ["0.22.0"], "yapftests.reformatter_basic_test.BasicReformatterTest.testSimpleFunctionsWithTrailingComments,self,0,cls": ["0.22.0"], "yapftests.reformatter_basic_test.BasicReformatterTest.testBlankLinesAtEndOfFile,self,0,cls": ["0.22.0"], "yapftests.reformatter_basic_test.BasicReformatterTest.testMultipleUgliness,self,0,cls": ["0.22.0"], "yapftests.reformatter_basic_test.BasicReformatterTest.testComments,self,0,cls": ["0.22.0"], "yapftests.reformatter_basic_test.BasicReformatterTest.testSingleComment,self,0,cls": ["0.22.0"], "yapftests.reformatter_basic_test.BasicReformatterTest.testCommentsWithTrailingSpaces,self,0,cls": ["0.22.0"], "yapftests.reformatter_basic_test.BasicReformatterTest.testCommentsInDataLiteral,self,0,cls": ["0.22.0"], "yapftests.reformatter_basic_test.BasicReformatterTest.testEndingWhitespaceAfterSimpleStatement,self,0,cls": ["0.22.0"], "yapftests.reformatter_basic_test.BasicReformatterTest.testDocstrings,self,0,cls": ["0.22.0"], "yapftests.reformatter_basic_test.BasicReformatterTest.testDocstringAndMultilineComment,self,0,cls": ["0.22.0"], "yapftests.reformatter_basic_test.BasicReformatterTest.testMultilineDocstringAndMultilineComment,self,0,cls": ["0.22.0"], "yapftests.reformatter_basic_test.BasicReformatterTest.testTupleCommaBeforeLastParen,self,0,cls": ["0.22.0"], "yapftests.reformatter_basic_test.BasicReformatterTest.testNoBreakOutsideOfBracket,self,0,cls": ["0.22.0"], "yapftests.reformatter_basic_test.BasicReformatterTest.testBlankLinesBeforeDecorators,self,0,cls": ["0.22.0"], "yapftests.reformatter_basic_test.BasicReformatterTest.testCommentBetweenDecorators,self,0,cls": ["0.22.0"], "yapftests.reformatter_basic_test.BasicReformatterTest.testListComprehension,self,0,cls": ["0.22.0"], "yapftests.reformatter_basic_test.BasicReformatterTest.testListComprehensionPreferOneLine,self,0,cls": ["0.22.0"], "yapftests.reformatter_basic_test.BasicReformatterTest.testListComprehensionPreferOneLineOverArithmeticSplit,self,0,cls": ["0.22.0"], "yapftests.reformatter_basic_test.BasicReformatterTest.testListComprehensionPreferThreeLinesForLineWrap,self,0,cls": ["0.22.0"], "yapftests.reformatter_basic_test.BasicReformatterTest.testListComprehensionPreferNoBreakForTrivialExpression,self,0,cls": ["0.22.0"], "yapftests.reformatter_basic_test.BasicReformatterTest.testOpeningAndClosingBrackets,self,0,cls": ["0.22.0"], "yapftests.reformatter_basic_test.BasicReformatterTest.testSingleLineFunctions,self,0,cls": ["0.22.0"], "yapftests.reformatter_basic_test.BasicReformatterTest.testNoQueueSeletionInMiddleOfLine,self,0,cls": ["0.22.0"], "yapftests.reformatter_basic_test.BasicReformatterTest.testNoSpacesBetweenSubscriptsAndCalls,self,0,cls": ["0.22.0"], "yapftests.reformatter_basic_test.BasicReformatterTest.testNoSpacesBetweenOpeningBracketAndStartingOperator,self,0,cls": ["0.22.0"], "yapftests.reformatter_basic_test.BasicReformatterTest.testMultilineCommentReformatted,self,0,cls": ["0.22.0"], "yapftests.reformatter_basic_test.BasicReformatterTest.testDictionaryMakerFormatting,self,0,cls": ["0.22.0"], "yapftests.reformatter_basic_test.BasicReformatterTest.testSimpleMultilineCode,self,0,cls": ["0.22.0"], "yapftests.reformatter_basic_test.BasicReformatterTest.testMultilineComment,self,0,cls": ["0.22.0"], "yapftests.reformatter_basic_test.BasicReformatterTest.testMultilineString,self,0,cls": ["0.22.0"], "yapftests.reformatter_basic_test.BasicReformatterTest.testSimpleMultilineWithComments,self,0,cls": ["0.22.0"], "yapftests.reformatter_basic_test.BasicReformatterTest.testMatchingParenSplittingMatching,self,0,cls": ["0.22.0"], "yapftests.reformatter_basic_test.BasicReformatterTest.testContinuationIndent,self,0,cls": ["0.22.0"], "yapftests.reformatter_basic_test.BasicReformatterTest.testTrailingCommaAndBracket,self,0,cls": ["0.22.0"], "yapftests.reformatter_basic_test.BasicReformatterTest.testI18n,self,0,cls": ["0.22.0"], "yapftests.reformatter_basic_test.BasicReformatterTest.testI18nCommentsInDataLiteral,self,0,cls": ["0.22.0"], "yapftests.reformatter_basic_test.BasicReformatterTest.testClosingBracketIndent,self,0,cls": ["0.22.0"], "yapftests.reformatter_basic_test.BasicReformatterTest.testClosingBracketsInlinedInCall,self,0,cls": ["0.22.0"], "yapftests.reformatter_basic_test.BasicReformatterTest.testLineWrapInForExpression,self,0,cls": ["0.22.0"], "yapftests.reformatter_basic_test.BasicReformatterTest.testFunctionCallContinuationLine,self,0,cls": ["0.22.0"], "yapftests.reformatter_basic_test.BasicReformatterTest.testI18nNonFormatting,self,0,cls": ["0.22.0"], "yapftests.reformatter_basic_test.BasicReformatterTest.testNoSpaceBetweenUnaryOpAndOpeningParen,self,0,cls": ["0.22.0"], "yapftests.reformatter_basic_test.BasicReformatterTest.testCommentBeforeFuncDef,self,0,cls": ["0.22.0"], "yapftests.reformatter_basic_test.BasicReformatterTest.testExcessLineCountWithDefaultKeywords,self,0,cls": ["0.22.0"], "yapftests.reformatter_basic_test.BasicReformatterTest.testSpaceAfterNotOperator,self,0,cls": ["0.22.0"], "yapftests.reformatter_basic_test.BasicReformatterTest.testNoPenaltySplitting,self,0,cls": ["0.22.0"], "yapftests.reformatter_basic_test.BasicReformatterTest.testExpressionPenalties,self,0,cls": ["0.22.0"], "yapftests.reformatter_basic_test.BasicReformatterTest.testLineDepthOfSingleLineStatement,self,0,cls": ["0.22.0"], "yapftests.reformatter_basic_test.BasicReformatterTest.testSplitListWithTerminatingComma,self,0,cls": ["0.22.0"], "yapftests.reformatter_basic_test.BasicReformatterTest.testSplitListWithInterspersedComments,self,0,cls": ["0.22.0"], "yapftests.reformatter_basic_test.BasicReformatterTest.testRelativeImportStatements,self,0,cls": ["0.22.0"], "yapftests.reformatter_basic_test.BasicReformatterTest.testSingleLineList,self,0,cls": ["0.22.0"], "yapftests.reformatter_basic_test.BasicReformatterTest.testBlankLinesBeforeFunctionsNotInColumnZero,self,0,cls": ["0.22.0"], "yapftests.reformatter_basic_test.BasicReformatterTest.testNoKeywordArgumentBreakage,self,0,cls": ["0.22.0"], "yapftests.reformatter_basic_test.BasicReformatterTest.testTrailerOnSingleLine,self,0,cls": ["0.22.0"], "yapftests.reformatter_basic_test.BasicReformatterTest.testIfConditionalParens,self,0,cls": ["0.22.0"], "yapftests.reformatter_basic_test.BasicReformatterTest.testContinuationMarkers,self,0,cls": ["0.22.0"], "yapftests.reformatter_basic_test.BasicReformatterTest.testCommentsWithContinuationMarkers,self,0,cls": ["0.22.0"], "yapftests.reformatter_basic_test.BasicReformatterTest.testMultipleContinuationMarkers,self,0,cls": ["0.22.0"], "yapftests.reformatter_basic_test.BasicReformatterTest.testContinuationMarkerAfterStringWithContinuation,self,0,cls": ["0.22.0"], "yapftests.reformatter_basic_test.BasicReformatterTest.testEmptyContainers,self,0,cls": ["0.22.0"], "yapftests.reformatter_basic_test.BasicReformatterTest.testSplitStringsIfSurroundedByParens,self,0,cls": ["0.22.0"], "yapftests.reformatter_basic_test.BasicReformatterTest.testMultilineShebang,self,0,cls": ["0.22.0"], "yapftests.reformatter_basic_test.BasicReformatterTest.testNoSplittingAroundTermOperators,self,0,cls": ["0.22.0"], "yapftests.reformatter_basic_test.BasicReformatterTest.testNoSplittingWithinSubscriptList,self,0,cls": ["0.22.0"], "yapftests.reformatter_basic_test.BasicReformatterTest.testExcessCharacters,self,0,cls": ["0.22.0"], "yapftests.reformatter_basic_test.BasicReformatterTest.testDictSetGenerator,self,0,cls": ["0.22.0"], "yapftests.reformatter_basic_test.BasicReformatterTest.testUnaryOpInDictionaryValue,self,0,cls": ["0.22.0"], "yapftests.reformatter_basic_test.BasicReformatterTest.testUnaryNotOperator,self,0,cls": ["0.22.0"], "yapftests.reformatter_basic_test.BasicReformatterTest.testRelaxArraySubscriptAffinity,self,0,cls": ["0.22.0"], "yapftests.reformatter_basic_test.BasicReformatterTest.testFunctionCallInDict,self,0,cls": ["0.22.0"], "yapftests.reformatter_basic_test.BasicReformatterTest.testFunctionCallInNestedDict,self,0,cls": ["0.22.0"], "yapftests.reformatter_basic_test.BasicReformatterTest.testUnbreakableNot,self,0,cls": ["0.22.0"], "yapftests.reformatter_basic_test.BasicReformatterTest.testSplitListWithComment,self,0,cls": ["0.22.0"], "yapftests.reformatter_basic_test.BasicReformatterTest.testOverColumnLimit,self,0,cls": ["0.22.0"], "yapftests.reformatter_basic_test.BasicReformatterTest.testEndingComment,self,0,cls": ["0.22.0"], "yapftests.reformatter_basic_test.BasicReformatterTest.testContinuationSpaceRetention,self,0,cls": ["0.22.0"], "yapftests.reformatter_basic_test.BasicReformatterTest.testIfExpressionWithFunctionCall,self,0,cls": ["0.22.0"], "yapftests.reformatter_basic_test.BasicReformatterTest.testUnformattedAfterMultilineString,self,0,cls": ["0.22.0"], "yapftests.reformatter_basic_test.BasicReformatterTest.testNoSpacesAroundKeywordDefaultValues,self,0,cls": ["0.22.0"], "yapftests.reformatter_basic_test.BasicReformatterTest.testNoSplittingBeforeEndingSubscriptBracket,self,0,cls": ["0.22.0"], "yapftests.reformatter_basic_test.BasicReformatterTest.testNoSplittingOnSingleArgument,self,0,cls": ["0.22.0"], "yapftests.reformatter_basic_test.BasicReformatterTest.testSplittingArraysSensibly,self,0,cls": ["0.22.0"], "yapftests.reformatter_basic_test.BasicReformatterTest.testComprehensionForAndIf,self,0,cls": ["0.22.0"], "yapftests.reformatter_basic_test.BasicReformatterTest.testFunctionCallArguments,self,0,cls": ["0.22.0"], "yapftests.reformatter_basic_test.BasicReformatterTest.testBinaryOperators,self,0,cls": ["0.22.0"], "yapftests.reformatter_basic_test.BasicReformatterTest.testContiguousList,self,0,cls": ["0.22.0"], "yapftests.reformatter_basic_test.BasicReformatterTest.testArgsAndKwargsFormatting,self,0,cls": ["0.22.0"], "yapftests.reformatter_basic_test.BasicReformatterTest.testCommentColumnLimitOverflow,self,0,cls": ["0.22.0"], "yapftests.reformatter_basic_test.BasicReformatterTest.testMultilineLambdas,self,0,cls": ["0.22.0"], "yapftests.reformatter_basic_test.BasicReformatterTest.testMultilineDictionaryKeys,self,0,cls": ["0.22.0"], "yapftests.reformatter_basic_test.BasicReformatterTest.testStableDictionaryFormatting,self,0,cls": ["0.22.0"], "yapftests.reformatter_basic_test.BasicReformatterTest.testStableInlinedDictionaryFormatting,self,0,cls": ["0.22.0"], "yapftests.reformatter_basic_test.BasicReformatterTest.testDontSplitKeywordValueArguments,self,0,cls": ["0.22.0"], "yapftests.reformatter_basic_test.BasicReformatterTest.testDontAddBlankLineAfterMultilineString,self,0,cls": ["0.22.0"], "yapftests.reformatter_basic_test.BasicReformatterTest.testFormattingListComprehensions,self,0,cls": ["0.22.0"], "yapftests.reformatter_basic_test.BasicReformatterTest.testNoSplittingWhenBinPacking,self,0,cls": ["0.22.0"], "yapftests.reformatter_basic_test.BasicReformatterTest.testNotSplittingAfterSubscript,self,0,cls": ["0.22.0"], "yapftests.reformatter_basic_test.BasicReformatterTest.testSplittingOneArgumentList,self,0,cls": ["0.22.0"], "yapftests.reformatter_basic_test.BasicReformatterTest.testSplittingBeforeFirstElementListArgument,self,0,cls": ["0.22.0"], "yapftests.reformatter_basic_test.BasicReformatterTest.testSplittingArgumentsTerminatedByComma,self,0,cls": ["0.22.0"], "yapftests.reformatter_basic_test.BasicReformatterTest.testImportAsList,self,0,cls": ["0.22.0"], "yapftests.reformatter_basic_test.BasicReformatterTest.testDictionaryValuesOnOwnLines,self,0,cls": ["0.22.0"], "yapftests.reformatter_basic_test.BasicReformatterTest.testDictionaryOnOwnLine,self,0,cls": ["0.22.0"], "yapftests.reformatter_basic_test.BasicReformatterTest.testNestedListsInDictionary,self,0,cls": ["0.22.0"], "yapftests.reformatter_basic_test.BasicReformatterTest.testNestedDictionary,self,0,cls": ["0.22.0"], "yapftests.reformatter_basic_test.BasicReformatterTest.testDictionaryElementsOnOneLine,self,0,cls": ["0.22.0"], "yapftests.reformatter_basic_test.BasicReformatterTest.testNotInParams,self,0,cls": ["0.22.0"], "yapftests.reformatter_basic_test.BasicReformatterTest.testNamedAssignNotAtEndOfLine,self,0,cls": ["0.22.0"], "yapftests.reformatter_basic_test.BasicReformatterTest.testBlankLineBeforeClassDocstring,self,0,cls": ["0.22.0"], "yapftests.reformatter_basic_test.BasicReformatterTest.testBlankLineBeforeModuleDocstring,self,0,cls": ["0.22.0"], "yapftests.reformatter_basic_test.BasicReformatterTest.testTupleCohesion,self,0,cls": ["0.22.0"], "yapftests.reformatter_basic_test.BasicReformatterTest.testSubscriptExpression,self,0,cls": ["0.22.0"], "yapftests.reformatter_basic_test.BasicReformatterTest.testListWithFunctionCalls,self,0,cls": ["0.22.0"], "yapftests.reformatter_basic_test.BasicReformatterTest.testEllipses,self,0,cls": ["0.22.0"], "yapftests.reformatter_basic_test.BasicReformatterTest.testSplittingBeforeFirstArgumentOnFunctionCall,self,0,cls": ["0.22.0"], "yapftests.reformatter_basic_test.BasicReformatterTest.testSplittingBeforeFirstArgumentOnFunctionDefinition,self,0,cls": ["0.22.0"], "yapftests.reformatter_basic_test.BasicReformatterTest.testSplittingBeforeFirstArgumentOnCompoundStatement,self,0,cls": ["0.22.0"], "yapftests.reformatter_basic_test.BasicReformatterTest.testCoalesceBracketsOnDict,self,0,cls": ["0.22.0"], "yapftests.reformatter_basic_test.BasicReformatterTest.testSplitAfterComment,self,0,cls": ["0.22.0"], "yapftests.reformatter_basic_test.BasicReformatterTest.testAsyncAsNonKeyword,self,0,cls": ["0.22.0"], "yapftests.blank_line_calculator_test.BasicBlankLineCalculatorTest,,": ["0.22.0"], "yapftests.blank_line_calculator_test.BasicBlankLineCalculatorTest.setUpClass,cls,0,cls": ["0.22.0"], "yapftests.blank_line_calculator_test.BasicBlankLineCalculatorTest.testDecorators,self,0,cls": ["0.22.0"], "yapftests.blank_line_calculator_test.BasicBlankLineCalculatorTest.testComplexDecorators,self,0,cls": ["0.22.0"], "yapftests.blank_line_calculator_test.BasicBlankLineCalculatorTest.testCodeAfterFunctionsAndClasses,self,0,cls": ["0.22.0"], "yapftests.blank_line_calculator_test.BasicBlankLineCalculatorTest.testCommentSpacing,self,0,cls": ["0.22.0"], "yapftests.blank_line_calculator_test.BasicBlankLineCalculatorTest.testCommentBeforeMethod,self,0,cls": ["0.22.0"], "yapftests.blank_line_calculator_test.BasicBlankLineCalculatorTest.testCommentsBeforeClassDefs,self,0,cls": ["0.22.0"], "yapftests.blank_line_calculator_test.BasicBlankLineCalculatorTest.testCommentsBeforeDecorator,self,0,cls": ["0.22.0"], "yapftests.blank_line_calculator_test.BasicBlankLineCalculatorTest.testCommentsAfterDecorator,self,0,cls": ["0.22.0"], "yapftests.blank_line_calculator_test.BasicBlankLineCalculatorTest.testInnerClasses,self,0,cls": ["0.22.0"], "yapftests.blank_line_calculator_test.BasicBlankLineCalculatorTest.testLinesOnRangeBoundary,self,0,cls": ["0.22.0"], "yapftests.blank_line_calculator_test.BasicBlankLineCalculatorTest.testLinesRangeBoundaryNotOutside,self,0,cls": ["0.22.0"], "yapftests.unwrapped_line_test.UnwrappedLineBasicTest,,": ["0.22.0"], "yapftests.unwrapped_line_test.UnwrappedLineBasicTest.testConstruction,self,0,cls": ["0.22.0"], "yapftests.unwrapped_line_test.UnwrappedLineBasicTest.testFirstLast,self,0,cls": ["0.22.0"], "yapftests.unwrapped_line_test.UnwrappedLineBasicTest.testAsCode,self,0,cls": ["0.22.0"], "yapftests.unwrapped_line_test.UnwrappedLineBasicTest.testAppendToken,self,0,cls": ["0.22.0"], "yapftests.unwrapped_line_test.UnwrappedLineBasicTest.testAppendNode,self,0,cls": ["0.22.0"], "yapftests.unwrapped_line_test.UnwrappedLineFormattingInformationTest,,": ["0.22.0"], "yapftests.unwrapped_line_test.UnwrappedLineFormattingInformationTest.testFuncDef,self,0,cls": ["0.22.0"], "yapftests.reformatter_style_config_test.TestsForStyleConfig,,": ["0.22.0"], "yapftests.reformatter_style_config_test.TestsForStyleConfig.setUp,self,0,cls": ["0.22.0"], "yapftests.reformatter_style_config_test.TestsForStyleConfig.testSetGlobalStyle,self,0,cls": ["0.22.0"], "yapftests.reformatter_style_config_test.TestsForStyleConfig.testOperatorStyle,self,0,cls": ["0.22.0"], "yapftests.reformatter_verify_test.TestVerifyNoVerify,,": ["0.22.0"], "yapftests.reformatter_verify_test.TestVerifyNoVerify.setUpClass,cls,0,cls": ["0.22.0"], "yapftests.reformatter_verify_test.TestVerifyNoVerify.testVerifyException,self,0,cls": ["0.22.0"], "yapftests.reformatter_verify_test.TestVerifyNoVerify.testNoVerify,self,0,cls": ["0.22.0"], "yapftests.reformatter_verify_test.TestVerifyNoVerify.testVerifyFutureImport,self,0,cls": ["0.22.0"], "yapftests.reformatter_verify_test.TestVerifyNoVerify.testContinuationLineShouldBeDistinguished,self,0,cls": ["0.22.0"], "yapftests.reformatter_facebook_test.TestsForFacebookStyle,,": ["0.22.0"], "yapftests.reformatter_facebook_test.TestsForFacebookStyle.setUpClass,cls,0,cls": ["0.22.0"], "yapftests.reformatter_facebook_test.TestsForFacebookStyle.testNoNeedForLineBreaks,self,0,cls": ["0.22.0"], "yapftests.reformatter_facebook_test.TestsForFacebookStyle.testDedentClosingBracket,self,0,cls": ["0.22.0"], "yapftests.reformatter_facebook_test.TestsForFacebookStyle.testBreakAfterOpeningBracketIfContentsTooBig,self,0,cls": ["0.22.0"], "yapftests.reformatter_facebook_test.TestsForFacebookStyle.testDedentClosingBracketWithComments,self,0,cls": ["0.22.0"], "yapftests.reformatter_facebook_test.TestsForFacebookStyle.testDedentImportAsNames,self,0,cls": ["0.22.0"], "yapftests.reformatter_facebook_test.TestsForFacebookStyle.testDedentTestListGexp,self,0,cls": ["0.22.0"], "yapftests.reformatter_facebook_test.TestsForFacebookStyle.testBrokenIdempotency,self,0,cls": ["0.22.0"], "yapftests.reformatter_facebook_test.TestsForFacebookStyle.testIfExprHangingIndent,self,0,cls": ["0.22.0"], "yapftests.reformatter_facebook_test.TestsForFacebookStyle.testSimpleDedenting,self,0,cls": ["0.22.0"], "yapftests.reformatter_facebook_test.TestsForFacebookStyle.testDedentingWithSubscripts,self,0,cls": ["0.22.0"], "yapftests.reformatter_facebook_test.TestsForFacebookStyle.testDedentingCallsWithInnerLists,self,0,cls": ["0.22.0"], "yapftests.reformatter_facebook_test.TestsForFacebookStyle.testDedentingListComprehension,self,0,cls": ["0.22.0"], "yapftests.reformatter_facebook_test.TestsForFacebookStyle.testMustSplitDedenting,self,0,cls": ["0.22.0"], "yapftests.reformatter_facebook_test.TestsForFacebookStyle.testDedentIfConditional,self,0,cls": ["0.22.0"], "yapftests.reformatter_facebook_test.TestsForFacebookStyle.testDedentSet,self,0,cls": ["0.22.0"], "yapftests.reformatter_facebook_test.TestsForFacebookStyle.testDedentingInnerScope,self,0,cls": ["0.22.0"], "yapftests.reformatter_facebook_test.TestsForFacebookStyle.testCommentWithNewlinesInPrefix,self,0,cls": ["0.22.0"], "yapftests.reformatter_facebook_test.TestsForFacebookStyle.testIfStmtClosingBracket,self,0,cls": ["0.22.0"], "yapftests.pytree_unwrapper_test.PytreeUnwrapperTest,,": ["0.22.0"], "yapftests.pytree_unwrapper_test.PytreeUnwrapperTest.testSimpleFileScope,self,0,cls": ["0.22.0"], "yapftests.pytree_unwrapper_test.PytreeUnwrapperTest.testSimpleMultilineStatement,self,0,cls": ["0.22.0"], "yapftests.pytree_unwrapper_test.PytreeUnwrapperTest.testFileScopeWithInlineComment,self,0,cls": ["0.22.0"], "yapftests.pytree_unwrapper_test.PytreeUnwrapperTest.testSimpleIf,self,0,cls": ["0.22.0"], "yapftests.pytree_unwrapper_test.PytreeUnwrapperTest.testSimpleIfWithComments,self,0,cls": ["0.22.0"], "yapftests.pytree_unwrapper_test.PytreeUnwrapperTest.testIfWithCommentsInside,self,0,cls": ["0.22.0"], "yapftests.pytree_unwrapper_test.PytreeUnwrapperTest.testIfElifElse,self,0,cls": ["0.22.0"], "yapftests.pytree_unwrapper_test.PytreeUnwrapperTest.testNestedCompoundTwoLevel,self,0,cls": ["0.22.0"], "yapftests.pytree_unwrapper_test.PytreeUnwrapperTest.testSimpleWhile,self,0,cls": ["0.22.0"], "yapftests.pytree_unwrapper_test.PytreeUnwrapperTest.testSimpleTry,self,0,cls": ["0.22.0"], "yapftests.pytree_unwrapper_test.PytreeUnwrapperTest.testSimpleFuncdef,self,0,cls": ["0.22.0"], "yapftests.pytree_unwrapper_test.PytreeUnwrapperTest.testTwoFuncDefs,self,0,cls": ["0.22.0"], "yapftests.pytree_unwrapper_test.PytreeUnwrapperTest.testSimpleClassDef,self,0,cls": ["0.22.0"], "yapftests.pytree_unwrapper_test.PytreeUnwrapperTest.testSingleLineStmtInFunc,self,0,cls": ["0.22.0"], "yapftests.pytree_unwrapper_test.PytreeUnwrapperTest.testMultipleComments,self,0,cls": ["0.22.0"], "yapftests.pytree_unwrapper_test.PytreeUnwrapperTest.testSplitListWithComment,self,0,cls": ["0.22.0"], "yapftests.pytree_unwrapper_test.MatchBracketsTest,,": ["0.22.0"], "yapftests.pytree_unwrapper_test.MatchBracketsTest.testFunctionDef,self,0,cls": ["0.22.0"], "yapftests.pytree_unwrapper_test.MatchBracketsTest.testDecorator,self,0,cls": ["0.22.0"], "yapftests.pytree_unwrapper_test.MatchBracketsTest.testClassDef,self,0,cls": ["0.22.0"], "yapftests.format_token_test.TabbedContinuationAlignPaddingTest,,": ["0.22.0"], "yapftests.format_token_test.TabbedContinuationAlignPaddingTest.testSpace,self,0,cls": ["0.22.0"], "yapftests.format_token_test.TabbedContinuationAlignPaddingTest.testFixed,self,0,cls": ["0.22.0"], "yapftests.format_token_test.TabbedContinuationAlignPaddingTest.testVAlignRight,self,0,cls": ["0.22.0"], "yapftests.format_token_test.FormatTokenTest,,": ["0.22.0"], "yapftests.format_token_test.FormatTokenTest.testSimple,self,0,cls": ["0.22.0"], "yapftests.format_token_test.FormatTokenTest.testIsMultilineString,self,0,cls": ["0.22.0"], "yapftests.utils.stdout_redirector,stream,0,func": ["0.22.0"], "yapftests.utils.NamedTempFile,mode;buffering;encoding;errors;newline;suffix;prefix;dirname;text,9,func": ["0.22.0"], "yapftests.utils.TempFileContents,dirname;contents;encoding;newline;suffix,3,func": ["0.22.0"], "yapftests.subtype_assigner_test.SubtypeAssignerTest,,": ["0.22.0"], "yapftests.subtype_assigner_test.SubtypeAssignerTest.testFuncDefDefaultAssign,self,0,cls": ["0.22.0"], "yapftests.subtype_assigner_test.SubtypeAssignerTest.testFuncCallWithDefaultAssign,self,0,cls": ["0.22.0"], "yapftests.subtype_assigner_test.SubtypeAssignerTest.testSetComprehension,self,0,cls": ["0.22.0"], "yapftests.subtype_assigner_test.SubtypeAssignerTest.testUnaryNotOperator,self,0,cls": ["0.22.0"], "yapftests.subtype_assigner_test.SubtypeAssignerTest.testBitwiseOperators,self,0,cls": ["0.22.0"], "yapftests.subtype_assigner_test.SubtypeAssignerTest.testSubscriptColon,self,0,cls": ["0.22.0"], "yapftests.subtype_assigner_test.SubtypeAssignerTest.testFunctionCallWithStarExpression,self,0,cls": ["0.22.0"], "yapftests.pytree_visitor_test.PytreeVisitorTest,,": ["0.22.0"], "yapftests.pytree_visitor_test.PytreeVisitorTest.testCollectAllNodeNamesSimpleCode,self,0,cls": ["0.22.0"], "yapftests.pytree_visitor_test.PytreeVisitorTest.testCollectAllNodeNamesNestedCode,self,0,cls": ["0.22.0"], "yapftests.pytree_visitor_test.PytreeVisitorTest.testDumper,self,0,cls": ["0.22.0"], "yapftests.pytree_visitor_test.PytreeVisitorTest.testDumpPyTree,self,0,cls": ["0.22.0"], "yapftests.main_test.IO,self,0": ["0.22.0"], "yapftests.main_test.IO.write,self;s,0,cls": ["0.22.0"], "yapftests.main_test.IO.getvalue,self,0,cls": ["0.22.0"], "yapftests.main_test.captured_output,,0,func": ["0.22.0"], "yapftests.main_test.patched_input,code,0,func": ["0.22.0"], "yapftests.main_test.RunMainTest,,": ["0.22.0"], "yapftests.main_test.RunMainTest.testShouldHandleYapfError,self,0,cls": ["0.22.0"], "yapftests.main_test.MainTest,,": ["0.22.0"], "yapftests.main_test.MainTest.testNoPythonFilesMatched,self,0,cls": ["0.22.0"], "yapftests.main_test.MainTest.testEchoInput,self,0,cls": ["0.22.0"], "yapftests.main_test.MainTest.testEchoInputWithStyle,self,0,cls": ["0.22.0"], "yapftests.main_test.MainTest.testEchoBadInput,self,0,cls": ["0.22.0"], "yapftests.main_test.MainTest.testHelp,self,0,cls": ["0.22.0"], "yapftests.main_test.MainTest.testVersion,self,0,cls": ["0.22.0"], "yapftests.reformatter_buganizer_test.BuganizerFixes,,": ["0.22.0"], "yapftests.reformatter_buganizer_test.BuganizerFixes.setUpClass,cls,0,cls": ["0.22.0"], "yapftests.reformatter_buganizer_test.BuganizerFixes.testB77329955,self,0,cls": ["0.22.0"], "yapftests.reformatter_buganizer_test.BuganizerFixes.testB65197969,self,0,cls": ["0.22.0"], "yapftests.reformatter_buganizer_test.BuganizerFixes.testB65546221,self,0,cls": ["0.22.0"], "yapftests.reformatter_buganizer_test.BuganizerFixes.testB30500455,self,0,cls": ["0.22.0"], "yapftests.reformatter_buganizer_test.BuganizerFixes.testB38343525,self,0,cls": ["0.22.0"], "yapftests.reformatter_buganizer_test.BuganizerFixes.testB37099651,self,0,cls": ["0.22.0"], "yapftests.reformatter_buganizer_test.BuganizerFixes.testB33228502,self,0,cls": ["0.22.0"], "yapftests.reformatter_buganizer_test.BuganizerFixes.testB30394228,self,0,cls": ["0.22.0"], "yapftests.reformatter_buganizer_test.BuganizerFixes.testB65246454,self,0,cls": ["0.22.0"], "yapftests.reformatter_buganizer_test.BuganizerFixes.testB67935450,self,0,cls": ["0.22.0"], "yapftests.reformatter_buganizer_test.BuganizerFixes.testB66011084,self,0,cls": ["0.22.0"], "yapftests.reformatter_buganizer_test.BuganizerFixes.testB67455376,self,0,cls": ["0.22.0"], "yapftests.reformatter_buganizer_test.BuganizerFixes.testB35210351,self,0,cls": ["0.22.0"], "yapftests.reformatter_buganizer_test.BuganizerFixes.testB34774905,self,0,cls": ["0.22.0"], "yapftests.reformatter_buganizer_test.BuganizerFixes.testB65176185,self,0,cls": ["0.22.0"], "yapftests.reformatter_buganizer_test.BuganizerFixes.testB35210166,self,0,cls": ["0.22.0"], "yapftests.reformatter_buganizer_test.BuganizerFixes.testB32167774,self,0,cls": ["0.22.0"], "yapftests.reformatter_buganizer_test.BuganizerFixes.testB66912275,self,0,cls": ["0.22.0"], "yapftests.reformatter_buganizer_test.BuganizerFixes.testB67312284,self,0,cls": ["0.22.0"], "yapftests.reformatter_buganizer_test.BuganizerFixes.testB65241516,self,0,cls": ["0.22.0"], "yapftests.reformatter_buganizer_test.BuganizerFixes.testB37460004,self,0,cls": ["0.22.0"], "yapftests.reformatter_buganizer_test.BuganizerFixes.testB36806207,self,0,cls": ["0.22.0"], "yapftests.reformatter_buganizer_test.BuganizerFixes.testB36215507,self,0,cls": ["0.22.0"], "yapftests.reformatter_buganizer_test.BuganizerFixes.testB35212469,self,0,cls": ["0.22.0"], "yapftests.reformatter_buganizer_test.BuganizerFixes.testB31063453,self,0,cls": ["0.22.0"], "yapftests.reformatter_buganizer_test.BuganizerFixes.testB35021894,self,0,cls": ["0.22.0"], "yapftests.reformatter_buganizer_test.BuganizerFixes.testB34682902,self,0,cls": ["0.22.0"], "yapftests.reformatter_buganizer_test.BuganizerFixes.testB33842726,self,0,cls": ["0.22.0"], "yapftests.reformatter_buganizer_test.BuganizerFixes.testB32931780,self,0,cls": ["0.22.0"], "yapftests.reformatter_buganizer_test.BuganizerFixes.testB33047408,self,0,cls": ["0.22.0"], "yapftests.reformatter_buganizer_test.BuganizerFixes.testB32714745,self,0,cls": ["0.22.0"], "yapftests.reformatter_buganizer_test.BuganizerFixes.testB32737279,self,0,cls": ["0.22.0"], "yapftests.reformatter_buganizer_test.BuganizerFixes.testB32570937,self,0,cls": ["0.22.0"], "yapftests.reformatter_buganizer_test.BuganizerFixes.testB31937033,self,0,cls": ["0.22.0"], "yapftests.reformatter_buganizer_test.BuganizerFixes.testB31911533,self,0,cls": ["0.22.0"], "yapftests.reformatter_buganizer_test.BuganizerFixes.testB31847238,self,0,cls": ["0.22.0"], "yapftests.reformatter_buganizer_test.BuganizerFixes.testB30760569,self,0,cls": ["0.22.0"], "yapftests.reformatter_buganizer_test.BuganizerFixes.testB26034238,self,0,cls": ["0.22.0"], "yapftests.reformatter_buganizer_test.BuganizerFixes.testB30536435,self,0,cls": ["0.22.0"], "yapftests.reformatter_buganizer_test.BuganizerFixes.testB30442148,self,0,cls": ["0.22.0"], "yapftests.reformatter_buganizer_test.BuganizerFixes.testB26868213,self,0,cls": ["0.22.0"], "yapftests.reformatter_buganizer_test.BuganizerFixes.testB30173198,self,0,cls": ["0.22.0"], "yapftests.reformatter_buganizer_test.BuganizerFixes.testB29908765,self,0,cls": ["0.22.0"], "yapftests.reformatter_buganizer_test.BuganizerFixes.testB30087362,self,0,cls": ["0.22.0"], "yapftests.reformatter_buganizer_test.BuganizerFixes.testB30087363,self,0,cls": ["0.22.0"], "yapftests.reformatter_buganizer_test.BuganizerFixes.testB29093579,self,0,cls": ["0.22.0"], "yapftests.reformatter_buganizer_test.BuganizerFixes.testB26382315,self,0,cls": ["0.22.0"], "yapftests.reformatter_buganizer_test.BuganizerFixes.testB27616132,self,0,cls": ["0.22.0"], "yapftests.reformatter_buganizer_test.BuganizerFixes.testB27590179,self,0,cls": ["0.22.0"], "yapftests.reformatter_buganizer_test.BuganizerFixes.testB27266946,self,0,cls": ["0.22.0"], "yapftests.reformatter_buganizer_test.BuganizerFixes.testB25505359,self,0,cls": ["0.22.0"], "yapftests.reformatter_buganizer_test.BuganizerFixes.testB25324261,self,0,cls": ["0.22.0"], "yapftests.reformatter_buganizer_test.BuganizerFixes.testB25136704,self,0,cls": ["0.22.0"], "yapftests.reformatter_buganizer_test.BuganizerFixes.testB25165602,self,0,cls": ["0.22.0"], "yapftests.reformatter_buganizer_test.BuganizerFixes.testB25157123,self,0,cls": ["0.22.0"], "yapftests.reformatter_buganizer_test.BuganizerFixes.testB25136820,self,0,cls": ["0.22.0"], "yapftests.reformatter_buganizer_test.BuganizerFixes.testB25131481,self,0,cls": ["0.22.0"], "yapftests.reformatter_buganizer_test.BuganizerFixes.testB23445244,self,0,cls": ["0.22.0"], "yapftests.reformatter_buganizer_test.BuganizerFixes.testB20559654,self,0,cls": ["0.22.0"], "yapftests.reformatter_buganizer_test.BuganizerFixes.testB23943842,self,0,cls": ["0.22.0"], "yapftests.reformatter_buganizer_test.BuganizerFixes.testB20551180,self,0,cls": ["0.22.0"], "yapftests.reformatter_buganizer_test.BuganizerFixes.testB23944849,self,0,cls": ["0.22.0"], "yapftests.reformatter_buganizer_test.BuganizerFixes.testB23935890,self,0,cls": ["0.22.0"], "yapftests.reformatter_buganizer_test.BuganizerFixes.testB28414371,self,0,cls": ["0.22.0"], "yapftests.reformatter_buganizer_test.BuganizerFixes.testB20127686,self,0,cls": ["0.22.0"], "yapftests.reformatter_buganizer_test.BuganizerFixes.testB20016122,self,0,cls": ["0.22.0"], "yapftests.reformatter_buganizer_test.BuganizerFixes.testB22527411,self,0,cls": ["0.22.0"], "yapftests.reformatter_buganizer_test.BuganizerFixes.testB20849933,self,0,cls": ["0.22.0"], "yapftests.reformatter_buganizer_test.BuganizerFixes.testB20813997,self,0,cls": ["0.22.0"], "yapftests.reformatter_buganizer_test.BuganizerFixes.testB20605036,self,0,cls": ["0.22.0"], "yapftests.reformatter_buganizer_test.BuganizerFixes.testB20562732,self,0,cls": ["0.22.0"], "yapftests.reformatter_buganizer_test.BuganizerFixes.testB20128830,self,0,cls": ["0.22.0"], "yapftests.reformatter_buganizer_test.BuganizerFixes.testB20073838,self,0,cls": ["0.22.0"], "yapftests.reformatter_buganizer_test.BuganizerFixes.testB19626808,self,0,cls": ["0.22.0"], "yapftests.reformatter_buganizer_test.BuganizerFixes.testB19547210,self,0,cls": ["0.22.0"], "yapftests.reformatter_buganizer_test.BuganizerFixes.testB19377034,self,0,cls": ["0.22.0"], "yapftests.reformatter_buganizer_test.BuganizerFixes.testB19372573,self,0,cls": ["0.22.0"], "yapftests.reformatter_buganizer_test.BuganizerFixes.testB19353268,self,0,cls": ["0.22.0"], "yapftests.reformatter_buganizer_test.BuganizerFixes.testB19287512,self,0,cls": ["0.22.0"], "yapftests.reformatter_buganizer_test.BuganizerFixes.testB19194420,self,0,cls": ["0.22.0"], "yapftests.reformatter_buganizer_test.BuganizerFixes.testB19073499,self,0,cls": ["0.22.0"], "yapftests.reformatter_buganizer_test.BuganizerFixes.testB18257115,self,0,cls": ["0.22.0"], "yapftests.reformatter_buganizer_test.BuganizerFixes.testB18256666,self,0,cls": ["0.22.0"], "yapftests.reformatter_buganizer_test.BuganizerFixes.testB18256826,self,0,cls": ["0.22.0"], "yapftests.reformatter_buganizer_test.BuganizerFixes.testB18255697,self,0,cls": ["0.22.0"], "yapftests.reformatter_buganizer_test.BuganizerFixes.testB17534869,self,0,cls": ["0.22.0"], "yapftests.reformatter_buganizer_test.BuganizerFixes.testB17489866,self,0,cls": ["0.22.0"], "yapftests.reformatter_buganizer_test.BuganizerFixes.testB17133019,self,0,cls": ["0.22.0"], "yapftests.reformatter_buganizer_test.BuganizerFixes.testB17011869,self,0,cls": ["0.22.0"], "yapftests.reformatter_buganizer_test.BuganizerFixes.testB16783631,self,0,cls": ["0.22.0"], "yapftests.reformatter_buganizer_test.BuganizerFixes.testB16572361,self,0,cls": ["0.22.0"], "yapftests.reformatter_buganizer_test.BuganizerFixes.testB15884241,self,0,cls": ["0.22.0"], "yapftests.reformatter_buganizer_test.BuganizerFixes.testB15697268,self,0,cls": ["0.22.0"], "yapftests.reformatter_buganizer_test.BuganizerFixes.testB15597568,self,0,cls": ["0.22.0"], "yapftests.reformatter_buganizer_test.BuganizerFixes.testB15542157,self,0,cls": ["0.22.0"], "yapftests.reformatter_buganizer_test.BuganizerFixes.testB15438132,self,0,cls": ["0.22.0"], "yapftests.reformatter_buganizer_test.BuganizerFixes.testB14468247,self,0,cls": ["0.22.0"], "yapftests.reformatter_buganizer_test.BuganizerFixes.testB14406499,self,0,cls": ["0.22.0"], "yapftests.reformatter_buganizer_test.BuganizerFixes.testB13900309,self,0,cls": ["0.22.0"], "yapftests.reformatter_buganizer_test.BuganizerFixes.testB67935687,self,0,cls": ["0.22.0"], "yapftests.split_penalty_test.SplitPenaltyTest,,": ["0.22.0"], "yapftests.split_penalty_test.SplitPenaltyTest.testUnbreakable,self,0,cls": ["0.22.0"], "yapftests.split_penalty_test.SplitPenaltyTest.testStronglyConnected,self,0,cls": ["0.22.0"], "yapftests.split_penalty_test.SplitPenaltyTest.testFuncCalls,self,0,cls": ["0.22.0"], "yapftests.style_test.UtilsTest,,": ["0.22.0"], "yapftests.style_test.UtilsTest.testContinuationAlignStyleStringConverter,self,0,cls": ["0.22.0"], "yapftests.style_test.UtilsTest.testStringListConverter,self,0,cls": ["0.22.0"], "yapftests.style_test.UtilsTest.testBoolConverter,self,0,cls": ["0.22.0"], "yapftests.style_test.PredefinedStylesByNameTest,,": ["0.22.0"], "yapftests.style_test.PredefinedStylesByNameTest.setUpClass,cls,0,cls": ["0.22.0"], "yapftests.style_test.PredefinedStylesByNameTest.testDefault,self,0,cls": ["0.22.0"], "yapftests.style_test.PredefinedStylesByNameTest.testPEP8ByName,self,0,cls": ["0.22.0"], "yapftests.style_test.PredefinedStylesByNameTest.testGoogleByName,self,0,cls": ["0.22.0"], "yapftests.style_test.PredefinedStylesByNameTest.testChromiumByName,self,0,cls": ["0.22.0"], "yapftests.style_test.PredefinedStylesByNameTest.testFacebookByName,self,0,cls": ["0.22.0"], "yapftests.style_test.StyleFromFileTest,,": ["0.22.0"], "yapftests.style_test.StyleFromFileTest.setUpClass,cls,0,cls": ["0.22.0"], "yapftests.style_test.StyleFromFileTest.tearDownClass,cls,0,cls": ["0.22.0"], "yapftests.style_test.StyleFromFileTest.testDefaultBasedOnStyle,self,0,cls": ["0.22.0"], "yapftests.style_test.StyleFromFileTest.testDefaultBasedOnPEP8Style,self,0,cls": ["0.22.0"], "yapftests.style_test.StyleFromFileTest.testDefaultBasedOnChromiumStyle,self,0,cls": ["0.22.0"], "yapftests.style_test.StyleFromFileTest.testDefaultBasedOnGoogleStyle,self,0,cls": ["0.22.0"], "yapftests.style_test.StyleFromFileTest.testDefaultBasedOnFacebookStyle,self,0,cls": ["0.22.0"], "yapftests.style_test.StyleFromFileTest.testBoolOptionValue,self,0,cls": ["0.22.0"], "yapftests.style_test.StyleFromFileTest.testStringListOptionValue,self,0,cls": ["0.22.0"], "yapftests.style_test.StyleFromFileTest.testErrorNoStyleFile,self,0,cls": ["0.22.0"], "yapftests.style_test.StyleFromFileTest.testErrorNoStyleSection,self,0,cls": ["0.22.0"], "yapftests.style_test.StyleFromFileTest.testErrorUnknownStyleOption,self,0,cls": ["0.22.0"], "yapftests.style_test.StyleFromDict,,": ["0.22.0"], "yapftests.style_test.StyleFromDict.setUpClass,cls,0,cls": ["0.22.0"], "yapftests.style_test.StyleFromDict.testDefaultBasedOnStyle,self,0,cls": ["0.22.0"], "yapftests.style_test.StyleFromDict.testDefaultBasedOnStyleBadDict,self,0,cls": ["0.22.0"], "yapftests.style_test.StyleFromCommandLine,,": ["0.22.0"], "yapftests.style_test.StyleFromCommandLine.setUpClass,cls,0,cls": ["0.22.0"], "yapftests.style_test.StyleFromCommandLine.testDefaultBasedOnStyle,self,0,cls": ["0.22.0"], "yapftests.style_test.StyleFromCommandLine.testDefaultBasedOnStyleNotStrict,self,0,cls": ["0.22.0"], "yapftests.style_test.StyleFromCommandLine.testDefaultBasedOnExplicitlyUnicodeTypeString,self,0,cls": ["0.22.0"], "yapftests.style_test.StyleFromCommandLine.testDefaultBasedOnDetaultTypeString,self,0,cls": ["0.22.0"], "yapftests.style_test.StyleFromCommandLine.testDefaultBasedOnStyleBadString,self,0,cls": ["0.22.0"], "yapftests.style_test.StyleHelp,,": ["0.22.0"], "yapftests.style_test.StyleHelp.testHelpKeys,self,0,cls": ["0.22.0"], "yapftests.yapf_test.FormatCodeTest,,": ["0.22.0"], "yapftests.yapf_test.FormatCodeTest.testSimple,self,0,cls": ["0.22.0"], "yapftests.yapf_test.FormatCodeTest.testNoEndingNewline,self,0,cls": ["0.22.0"], "yapftests.yapf_test.FormatFileTest,,": ["0.22.0"], "yapftests.yapf_test.FormatFileTest.setUp,self,0,cls": ["0.22.0"], "yapftests.yapf_test.FormatFileTest.tearDown,self,0,cls": ["0.22.0"], "yapftests.yapf_test.FormatFileTest.assertCodeEqual,self;expected_code;code,0,cls": ["0.22.0"], "yapftests.yapf_test.FormatFileTest.testFormatFile,self,0,cls": ["0.22.0"], "yapftests.yapf_test.FormatFileTest.testDisableLinesPattern,self,0,cls": ["0.22.0"], "yapftests.yapf_test.FormatFileTest.testDisableAndReenableLinesPattern,self,0,cls": ["0.22.0"], "yapftests.yapf_test.FormatFileTest.testDisablePartOfMultilineComment,self,0,cls": ["0.22.0"], "yapftests.yapf_test.FormatFileTest.testFormatFileLinesSelection,self,0,cls": ["0.22.0"], "yapftests.yapf_test.FormatFileTest.testFormatFileDiff,self,0,cls": ["0.22.0"], "yapftests.yapf_test.FormatFileTest.testFormatFileInPlace,self,0,cls": ["0.22.0"], "yapftests.yapf_test.FormatFileTest.testNoFile,self,0,cls": ["0.22.0"], "yapftests.yapf_test.FormatFileTest.testCommentsUnformatted,self,0,cls": ["0.22.0"], "yapftests.yapf_test.FormatFileTest.testDisabledHorizontalFormattingOnNewLine,self,0,cls": ["0.22.0"], "yapftests.yapf_test.FormatFileTest.testSplittingSemicolonStatements,self,0,cls": ["0.22.0"], "yapftests.yapf_test.FormatFileTest.testSemicolonStatementsDisabled,self,0,cls": ["0.22.0"], "yapftests.yapf_test.FormatFileTest.testDisabledSemiColonSeparatedStatements,self,0,cls": ["0.22.0"], "yapftests.yapf_test.FormatFileTest.testDisabledMultilineStringInDictionary,self,0,cls": ["0.22.0"], "yapftests.yapf_test.FormatFileTest.testDisabledWithPrecedingText,self,0,cls": ["0.22.0"], "yapftests.yapf_test.FormatFileTest.testCRLFLineEnding,self,0,cls": ["0.22.0"], "yapftests.yapf_test.CommandLineTest,,": ["0.22.0"], "yapftests.yapf_test.CommandLineTest.setUpClass,cls,0,cls": ["0.22.0"], "yapftests.yapf_test.CommandLineTest.tearDownClass,cls,0,cls": ["0.22.0"], "yapftests.yapf_test.CommandLineTest.assertYapfReformats,self;unformatted;expected;extra_options;env,2,cls": ["0.22.0"], "yapftests.yapf_test.CommandLineTest.testUnicodeEncodingPipedToFile,self,0,cls": ["0.22.0"], "yapftests.yapf_test.CommandLineTest.testInPlaceReformatting,self,0,cls": ["0.22.0"], "yapftests.yapf_test.CommandLineTest.testInPlaceReformattingBlank,self,0,cls": ["0.22.0"], "yapftests.yapf_test.CommandLineTest.testInPlaceReformattingEmpty,self,0,cls": ["0.22.0"], "yapftests.yapf_test.CommandLineTest.testReadFromStdin,self,0,cls": ["0.22.0"], "yapftests.yapf_test.CommandLineTest.testReadFromStdinWithEscapedStrings,self,0,cls": ["0.22.0"], "yapftests.yapf_test.CommandLineTest.testSetChromiumStyle,self,0,cls": ["0.22.0"], "yapftests.yapf_test.CommandLineTest.testSetCustomStyleBasedOnChromium,self,0,cls": ["0.22.0"], "yapftests.yapf_test.CommandLineTest.testReadSingleLineCodeFromStdin,self,0,cls": ["0.22.0"], "yapftests.yapf_test.CommandLineTest.testEncodingVerification,self,0,cls": ["0.22.0"], "yapftests.yapf_test.CommandLineTest.testReformattingSpecificLines,self,0,cls": ["0.22.0"], "yapftests.yapf_test.CommandLineTest.testOmitFormattingLinesBeforeDisabledFunctionComment,self,0,cls": ["0.22.0"], "yapftests.yapf_test.CommandLineTest.testReformattingSkippingLines,self,0,cls": ["0.22.0"], "yapftests.yapf_test.CommandLineTest.testReformattingSkippingToEndOfFile,self,0,cls": ["0.22.0"], "yapftests.yapf_test.CommandLineTest.testReformattingSkippingSingleLine,self,0,cls": ["0.22.0"], "yapftests.yapf_test.CommandLineTest.testDisableWholeDataStructure,self,0,cls": ["0.22.0"], "yapftests.yapf_test.CommandLineTest.testDisableButAdjustIndentations,self,0,cls": ["0.22.0"], "yapftests.yapf_test.CommandLineTest.testRetainingHorizontalWhitespace,self,0,cls": ["0.22.0"], "yapftests.yapf_test.CommandLineTest.testRetainingVerticalWhitespace,self,0,cls": ["0.22.0"], "yapftests.yapf_test.CommandLineTest.testRetainingSemicolonsWhenSpecifyingLines,self,0,cls": ["0.22.0"], "yapftests.yapf_test.CommandLineTest.testDisabledMultilineStrings,self,0,cls": ["0.22.0"], "yapftests.yapf_test.CommandLineTest.testDisableWhenSpecifyingLines,self,0,cls": ["0.22.0"], "yapftests.yapf_test.CommandLineTest.testDisableFormattingInDataLiteral,self,0,cls": ["0.22.0"], "yapftests.yapf_test.CommandLineTest.testRetainVerticalFormattingBetweenDisabledAndEnabledLines,self,0,cls": ["0.22.0"], "yapftests.yapf_test.CommandLineTest.testFormatLinesSpecifiedInMiddleOfExpression,self,0,cls": ["0.22.0"], "yapftests.yapf_test.CommandLineTest.testCommentFollowingMultilineString,self,0,cls": ["0.22.0"], "yapftests.yapf_test.CommandLineTest.testDedentClosingBracket,self,0,cls": ["0.22.0"], "yapftests.yapf_test.CommandLineTest.testCoalesceBrackets,self,0,cls": ["0.22.0"], "yapftests.yapf_test.CommandLineTest.testPseudoParenSpaces,self,0,cls": ["0.22.0"], "yapftests.yapf_test.CommandLineTest.testMultilineCommentFormattingDisabled,self,0,cls": ["0.22.0"], "yapftests.yapf_test.CommandLineTest.testTrailingCommentsWithDisabledFormatting,self,0,cls": ["0.22.0"], "yapftests.yapf_test.CommandLineTest.testUseTabs,self,0,cls": ["0.22.0"], "yapftests.yapf_test.CommandLineTest.testUseTabsWith,self,0,cls": ["0.22.0"], "yapftests.yapf_test.CommandLineTest.testUseTabsContinuationAlignStyleFixed,self,0,cls": ["0.22.0"], "yapftests.yapf_test.CommandLineTest.testUseTabsContinuationAlignStyleVAlignRight,self,0,cls": ["0.22.0"], "yapftests.yapf_test.CommandLineTest.testStyleOutputRoundTrip,self,0,cls": ["0.22.0"], "yapftests.yapf_test.CommandLineTest.testSpacingBeforeComments,self,0,cls": ["0.22.0"], "yapftests.yapf_test.CommandLineTest.testSpacingBeforeCommentsInDicts,self,0,cls": ["0.22.0"], "yapftests.yapf_test.CommandLineTest.testCP936Encoding,self,0,cls": ["0.22.0"], "yapftests.yapf_test.BadInputTest,,": ["0.22.0"], "yapftests.yapf_test.BadInputTest.testBadSyntax,self,0,cls": ["0.22.0"], "yapftests.yapf_test.DiffIndentTest,,": ["0.22.0"], "yapftests.yapf_test.DiffIndentTest.testSimple,self,0,cls": ["0.22.0"], "yapftests.line_joiner_test.LineJoinerTest,,": ["0.22.0"], "yapftests.line_joiner_test.LineJoinerTest.setUpClass,cls,0,cls": ["0.22.0"], "yapftests.line_joiner_test.LineJoinerTest.testSimpleSingleLineStatement,self,0,cls": ["0.22.0"], "yapftests.line_joiner_test.LineJoinerTest.testSimpleMultipleLineStatement,self,0,cls": ["0.22.0"], "yapftests.line_joiner_test.LineJoinerTest.testSimpleMultipleLineComplexStatement,self,0,cls": ["0.22.0"], "yapftests.line_joiner_test.LineJoinerTest.testSimpleMultipleLineStatementWithComment,self,0,cls": ["0.22.0"], "yapftests.line_joiner_test.LineJoinerTest.testSimpleMultipleLineStatementWithLargeIndent,self,0,cls": ["0.22.0"], "yapftests.line_joiner_test.LineJoinerTest.testOverColumnLimit,self,0,cls": ["0.22.0"], "yapftests.yapf_test_helper.YAPFTest,,": ["0.22.0"], "yapftests.yapf_test_helper.YAPFTest.assertCodeEqual,self;expected_code;code,0,cls": ["0.22.0"], "yapftests.yapf_test_helper.ParseAndUnwrap,code;dumptree,1,func": ["0.22.0"], "yapftests.reformatter_pep8_test.TestsForPEP8Style,,": ["0.22.0"], "yapftests.reformatter_pep8_test.TestsForPEP8Style.setUpClass,cls,0,cls": ["0.22.0"], "yapftests.reformatter_pep8_test.TestsForPEP8Style.testIndent4,self,0,cls": ["0.22.0"], "yapftests.reformatter_pep8_test.TestsForPEP8Style.testSingleLineIfStatements,self,0,cls": ["0.22.0"], "yapftests.reformatter_pep8_test.TestsForPEP8Style.testNoBlankBetweenClassAndDef,self,0,cls": ["0.22.0"], "yapftests.reformatter_pep8_test.TestsForPEP8Style.testSingleWhiteBeforeTrailingComment,self,0,cls": ["0.22.0"], "yapftests.reformatter_pep8_test.TestsForPEP8Style.testSpaceBetweenEndingCommandAndClosingBracket,self,0,cls": ["0.22.0"], "yapftests.reformatter_pep8_test.TestsForPEP8Style.testContinuedNonOutdentedLine,self,0,cls": ["0.22.0"], "yapftests.reformatter_pep8_test.TestsForPEP8Style.testWrappingPercentExpressions,self,0,cls": ["0.22.0"], "yapftests.reformatter_pep8_test.TestsForPEP8Style.testAlignClosingBracketWithVisualIndentation,self,0,cls": ["0.22.0"], "yapftests.reformatter_pep8_test.TestsForPEP8Style.testIndentSizeChanging,self,0,cls": ["0.22.0"], "yapftests.reformatter_pep8_test.TestsForPEP8Style.testHangingIndentCollision,self,0,cls": ["0.22.0"], "yapftests.reformatter_pep8_test.TestsForPEP8Style.testSplittingBeforeLogicalOperator,self,0,cls": ["0.22.0"], "yapftests.reformatter_pep8_test.TestsForPEP8Style.testContiguousListEndingWithComment,self,0,cls": ["0.22.0"], "yapftests.reformatter_pep8_test.TestsForPEP8Style.testSplittingBeforeFirstArgument,self,0,cls": ["0.22.0"], "yapftests.reformatter_pep8_test.TestsForPEP8Style.testSplittingExpressionsInsideSubscripts,self,0,cls": ["0.22.0"], "yapftests.reformatter_pep8_test.TestsForPEP8Style.testSplitListsAndDictSetMakersIfCommaTerminated,self,0,cls": ["0.22.0"], "yapftests.reformatter_pep8_test.TestsForPEP8Style.testSplitAroundNamedAssigns,self,0,cls": ["0.22.0"], "yapftests.reformatter_pep8_test.TestsForPEP8Style.testUnaryOperator,self,0,cls": ["0.22.0"], "yapftests.reformatter_pep8_test.TestsForPEP8Style.testNoSplitBeforeDictValue,self,0,cls": ["0.22.0"], "yapftests.file_resources_test.GetDefaultStyleForDirTest,,": ["0.22.0"], "yapftests.file_resources_test.GetDefaultStyleForDirTest.setUp,self,0,cls": ["0.22.0"], "yapftests.file_resources_test.GetDefaultStyleForDirTest.tearDown,self,0,cls": ["0.22.0"], "yapftests.file_resources_test.GetDefaultStyleForDirTest.test_no_local_style,self,0,cls": ["0.22.0"], "yapftests.file_resources_test.GetDefaultStyleForDirTest.test_with_local_style,self,0,cls": ["0.22.0"], "yapftests.file_resources_test.GetCommandLineFilesTest,,": ["0.22.0"], "yapftests.file_resources_test.GetCommandLineFilesTest.setUp,self,0,cls": ["0.22.0"], "yapftests.file_resources_test.GetCommandLineFilesTest.tearDown,self,0,cls": ["0.22.0"], "yapftests.file_resources_test.GetCommandLineFilesTest.test_find_files_not_dirs,self,0,cls": ["0.22.0"], "yapftests.file_resources_test.GetCommandLineFilesTest.test_nonrecursive_find_in_dir,self,0,cls": ["0.22.0"], "yapftests.file_resources_test.GetCommandLineFilesTest.test_recursive_find_in_dir,self,0,cls": ["0.22.0"], "yapftests.file_resources_test.GetCommandLineFilesTest.test_recursive_find_in_dir_with_exclude,self,0,cls": ["0.22.0"], "yapftests.file_resources_test.GetCommandLineFilesTest.test_find_with_excluded_hidden_dirs,self,0,cls": ["0.22.0"], "yapftests.file_resources_test.GetCommandLineFilesTest.test_find_with_excluded_hidden_dirs_relative,self,0,cls": ["0.22.0"], "yapftests.file_resources_test.GetCommandLineFilesTest.test_find_with_excluded_dirs,self,0,cls": ["0.22.0"], "yapftests.file_resources_test.GetCommandLineFilesTest.test_find_with_excluded_current_dir,self,0,cls": ["0.22.0"], "yapftests.file_resources_test.IsPythonFileTest,,": ["0.22.0"], "yapftests.file_resources_test.IsPythonFileTest.setUp,self,0,cls": ["0.22.0"], "yapftests.file_resources_test.IsPythonFileTest.tearDown,self,0,cls": ["0.22.0"], "yapftests.file_resources_test.IsPythonFileTest.test_with_py_extension,self,0,cls": ["0.22.0"], "yapftests.file_resources_test.IsPythonFileTest.test_empty_without_py_extension,self,0,cls": ["0.22.0"], "yapftests.file_resources_test.IsPythonFileTest.test_python_shebang,self,0,cls": ["0.22.0"], "yapftests.file_resources_test.IsPythonFileTest.test_with_latin_encoding,self,0,cls": ["0.22.0"], "yapftests.file_resources_test.IsPythonFileTest.test_with_invalid_encoding,self,0,cls": ["0.22.0"], "yapftests.file_resources_test.IsIgnoredTest,,": ["0.22.0"], "yapftests.file_resources_test.IsIgnoredTest.test_root_path,self,0,cls": ["0.22.0"], "yapftests.file_resources_test.IsIgnoredTest.test_sub_path,self,0,cls": ["0.22.0"], "yapftests.file_resources_test.IsIgnoredTest.test_trailing_slash,self,0,cls": ["0.22.0"], "yapftests.file_resources_test.BufferedByteStream,self,0": ["0.22.0"], "yapftests.file_resources_test.BufferedByteStream.getvalue,self,0,cls": ["0.22.0"], "yapftests.file_resources_test.BufferedByteStream.buffer,self,0,cls": ["0.22.0"], "yapftests.file_resources_test.WriteReformattedCodeTest,,": ["0.22.0"], "yapftests.file_resources_test.WriteReformattedCodeTest.setUpClass,cls,0,cls": ["0.22.0"], "yapftests.file_resources_test.WriteReformattedCodeTest.tearDownClass,cls,0,cls": ["0.22.0"], "yapftests.file_resources_test.WriteReformattedCodeTest.test_write_to_file,self,0,cls": ["0.22.0"], "yapftests.file_resources_test.WriteReformattedCodeTest.test_write_to_stdout,self,0,cls": ["0.22.0"], "yapftests.file_resources_test.WriteReformattedCodeTest.test_write_encoded_to_stdout,self,0,cls": ["0.22.0"], "yapftests.format_decision_state_test.FormatDecisionStateTest,,": ["0.22.0"], "yapftests.format_decision_state_test.FormatDecisionStateTest.setUpClass,cls,0,cls": ["0.22.0"], "yapftests.format_decision_state_test.FormatDecisionStateTest.testSimpleFunctionDefWithNoSplitting,self,0,cls": ["0.22.0"], "yapftests.format_decision_state_test.FormatDecisionStateTest.testSimpleFunctionDefWithSplitting,self,0,cls": ["0.22.0"]}, "version": ["0.1.3", "0.1.4", "0.1.5", "0.1.6", "0.1.7", "0.1.8", "0.1.9", "0.2.0", "0.2.1", "0.2.2", "0.2.3", "0.2.4", "0.2.5", "0.2.6", "0.2.7", "0.2.8", "0.2.9", "0.3.0", "0.3.1", "0.4.0", "0.5.0", "0.6.0", "0.6.1", "0.6.2", "0.6.3", "0.7.0", "0.7.1", "0.8.0", "0.8.1", "0.8.2", "0.9.0", "0.10.0", "0.11.0", "0.11.1", "0.12.0", "0.12.1", "0.12.2", "0.13.0", "0.13.1", "0.13.2", "0.14.0", "0.15.0", "0.15.1", "0.15.2", "0.16.0", "0.16.1", "0.16.2", "0.16.3", "0.17.0", "0.18.0", "0.19.0", "0.20.0", "0.20.1", "0.20.2", "0.21.0", "0.22.0", "0.23.0", "0.24.0", "0.25.0", "0.26.0", "0.27.0", "0.28.0", "0.29.0", "0.30.0", "0.31.0", "0.32.0"]}